month,系统负荷实际值,风光总加实际值,联络线实际值,风电实际值,光伏实际值,水电实际值,非市场化机组实际值
1,3.2436612689031503,1.9454435778219807,0.3243135302757962,1.6086779743809032,1.1641594399956103,0.1296289148548813,0.944207410959856
2,3.213814443384206,2.047887757140763,0.304751797403958,1.5982077416506906,1.235368243172152,0.1343836488073823,0.8760281727795983
3,3.1572134732800237,2.0903647830261596,0.2623042256226924,1.743100895327126,1.1811095756345409,0.1376958329456805,0.8784826814571431
4,3.1065173497658205,2.305029099082289,0.330515723059855,1.7123423951565222,1.3623925736760614,0.1383718747642957,0.9221028070980816
5,3.0531352924701896,2.3305559893287544,0.3312794259026682,1.5801846350755762,1.265404416503364,0.136937740408416,0.9167800297087773
6,3.094251819260033,2.120541213996088,0.322650775968808,1.4307050566131,1.3503374296283486,0.1297263939137894,0.8982309569884747
7,3.147704005375022,1.9853889533285376,0.3342136157046246,1.2521991598181732,1.2326682836268528,0.1377820913934914,0.7856321246265926
8,3.1468624595427204,2.1160950468487645,0.3435021778286476,1.473939473747567,1.3043048726014803,0.1371348023908132,0.7451607829748473
9,3.088760732704268,2.0054177441373033,0.3287996708501545,1.5257857098992489,1.3739007129327785,0.1147602025745087,0.7203912839774527
10,3.293585975404411,2.156615478674061,0.3361063925391084,1.544418937202781,1.5192426910531076,0.1170309737453343,0.6387999090948968
11,3.417664895495266,2.276661991651807,0.3639896111160169,1.8085521224343413,1.3614738861424662,0.1170337788981087,0.7087148355542754
12,3.5452923338456586,2.188194486031158,0.3444776697059232,1.7958447803665951,1.6510848714469406,0.1374412653314095,0.8464057594826009
