date,price_mean,price_std,load_mean,ren_share,nlf_mae,oracle_spread,tc,td,month
2025-01-02,0.9266710526723433,0.5024140629763826,3.015384218501016,0.2936937720573964,0.1660599014606567,9.957662550762999,46,70,1
2025-01-03,0.7487965722801949,0.46997944186517987,3.0252585754192425,0.3827661214334774,0.14356036276961395,9.307207672231401,46,67,1
2025-01-04,0.20654879055467548,0.16487419060290207,3.030252843120365,0.4780755385765487,0.2351070933567551,3.539198235402642,41,88,1
2025-01-05,0.6181784714287827,0.4578800988268627,3.0275021862827374,0.4319203705113786,0.19731606057071804,9.216494320802502,43,88,1
2025-01-07,0.44721400836481706,0.38876234474643556,3.0343652409180546,0.44263576183089587,0.26977009590107787,9.194135709809927,42,88,1
2025-01-08,1.976311682112246,1.3860157823736106,3.0633814051818695,0.26493021416400797,0.24298174160114663,34.96952931565076,53,82,1
2025-01-09,3.129249075779905,1.6275258883522072,2.9708560707510934,0.16736864920606576,0.14671836577651853,26.363710124966204,52,67,1
2025-01-10,1.3162253963141382,0.2919170095327366,3.0336551866220507,0.28849166753526395,0.19150056247965286,5.521396629924591,51,69,1
2025-01-11,0.8591845920433029,0.42765145069598864,3.066545529850297,0.4141636078617577,0.13485446886326452,9.253344034964,55,70,1
2025-01-13,0.7421392412437773,0.35954077213157654,3.043717430335475,0.4297457430986194,0.2310123884757825,7.41555083559914,2,66,1
2025-01-14,0.5961446575962842,0.4822767814209993,3.0486348485387165,0.4418854485145977,0.23138966691376003,8.519887426097128,42,67,1
2025-01-15,0.04972123904174513,0.08635832064358603,3.075896988759182,0.508593641404703,0.27395941624750164,2.1624416307762706,49,73,1
2025-01-16,0.949249210770879,0.3297902473544658,3.0298022654559866,0.3717860982013835,0.14086946153014848,8.575955747117783,0,29,1
2025-01-17,0.7197760901827461,0.4713392326340677,3.015595992925308,0.43510226657210466,0.16254272932235667,9.703153603778642,41,66,1
2025-01-18,0.38646046925501615,0.510751579261875,3.0057025697343183,0.4935890443564828,0.2206366178042288,9.703153603778642,43,70,1
2025-01-19,1.27081261595812,0.6782084292060422,2.999610932111944,0.3269604900511209,0.20470122426615847,12.765456155683832,0,21,1
2025-01-20,1.429697017316425,1.7615028457352548,2.946185847863603,0.35994280094262326,0.1816056855766787,38.17634204765367,43,83,1
2025-01-21,2.0766460019641273,1.2748634320764214,2.918644434230213,0.11061100709091935,0.18578222932882568,29.05110509115425,53,88,1
2025-01-22,3.1972770638441896,1.7639344070377097,2.9097816855312324,0.12883062296496758,0.2658058014037705,29.899558386354162,50,68,1
2025-01-23,2.653204406573932,1.4069869847758176,2.9090596508952546,0.15476179785275837,0.3134168485781164,29.116634782279043,51,72,1
2025-01-24,2.3809263938567256,1.736588186589242,2.932036847202067,0.17762206016463397,0.2524956509980414,27.741242981880873,0,19,1
2025-01-25,0.4757179499731194,0.4998809139047051,2.954632279748497,0.4440252304076859,0.2671952651627359,0.6190134794935194,18,30,1
2025-01-26,0.20069713940355519,0.34602461018193437,2.9489872750444115,0.5320412769835637,0.4161216149014984,6.787012358764731,35,83,1
2025-01-27,0.6541983140993451,0.48312868885387134,2.9360461702454708,0.40044364495397944,0.526660749228653,8.812372289333391,45,73,1
2025-01-28,0.35367414950021553,0.3462564008807978,2.895126661607513,0.4131452589186701,0.3993928014334118,7.826150119769001,39,73,1
2025-01-29,0.8237076023754164,0.4788727829472453,2.852640796568844,0.2865830504066737,0.1629971129362018,9.35320380167515,47,73,1
2025-01-30,0.8757361240896667,0.544854706817749,2.8355889741418436,0.2580593069726296,0.24382340431481342,10.97569833870043,46,66,1
2025-01-31,0.8725798817552025,0.5405861071231842,2.8474977973299986,0.24457814574883532,0.18046403222803578,9.25458158471871,49,69,1
2025-02-01,0.720313342663021,0.4873672042377597,2.85457978537325,0.327368969487847,0.3424380898762492,8.907813144452525,45,71,2
2025-02-02,0.4961044811576103,0.4804737535422654,2.8389623895055442,0.3775678348179102,0.41298653525242157,6.23227829519395,41,73,2
2025-02-03,0.36072852112176595,0.4893099764729508,2.8680299085193677,0.4006269340996044,0.39574451762325297,9.130508473063836,38,84,2
2025-02-04,0.3814944628445412,0.42543313826102036,2.906446329662204,0.4261246553027643,0.5531895611511898,4.025278510524393,34,76,2
2025-02-05,0.015263213058998477,0.040473277079118526,2.9520225380072684,0.5133520228505226,0.8587666067420336,0.7456062297235371,34,81,2
2025-02-06,0.5285728635637953,0.4724683596031721,2.9859121438605185,0.46949190512810207,0.789155381900989,8.366981632110763,44,85,2
2025-02-07,1.471113311281887,1.5923937201722203,2.987912714534424,0.36041294297595733,0.48634146292846453,37.823210883712875,47,73,2
2025-02-08,2.654448783000919,1.8122203218616744,2.986500860688862,0.2245396828460878,0.38771660868822194,31.05009153209165,53,69,2
2025-02-09,0.6141594172526931,0.4873934379622158,2.9981065958858526,0.39030827222948244,0.4382817739373584,8.176099921872494,46,71,2
2025-02-10,0.3248442177211469,0.42379899339534766,2.992553050850347,0.4884777559814942,0.463677486766197,4.2705424200095425,0,8,2
2025-02-11,0.6815914964778269,0.8527692305912811,2.9932933481996997,0.46265752970471447,0.610162323574252,22.046837532519994,51,75,2
2025-02-12,0.2555041830124612,0.3815994934190398,2.9682096574814083,0.523565048564132,0.6355512645889714,3.393065560767899,37,72,2
2025-02-13,0.4978144962843472,1.0527434086696073,2.9476469379844237,0.49352755501234746,0.46308635195460307,25.86447173728536,40,69,2
2025-02-14,0.3246941303486349,0.3679597189350388,2.9529036043513117,0.5221783354705772,0.6877665171270996,4.056252249372388,46,73,2
2025-02-15,0.5596152999439659,1.2537651260739267,2.9325663928390764,0.4907178720994663,0.403859831904495,34.51777593475353,34,88,2
2025-02-16,2.273513842169514,2.119712535147198,2.899884902000982,0.2748690708175852,0.265668056714414,38.17634204765367,45,74,2
2025-02-17,1.215754576155925,0.786269659434295,2.8975187118053167,0.20644446061286378,0.35687972495181425,19.310866352438147,6,25,2
2025-02-18,1.654738103194963,1.3786293447992273,2.905842637408894,0.21510396032134782,0.23837672537289065,33.53155376518914,50,70,2
2025-02-19,1.609744765513682,1.2173801948354879,2.9426327274002966,0.19807251308611043,0.29400169954890804,22.174092006012174,55,87,2
2025-02-20,1.8935903755672567,1.5870531675273174,2.948159316670861,0.1922759327724998,0.3362541159750528,32.66099636794363,49,70,2
2025-02-21,2.5828414314778096,1.9124462843922794,2.966276001389307,0.22528633302951087,0.35386270278707616,34.24671754349151,49,71,2
2025-02-22,1.276338409495217,1.4803836736288658,2.9838036040251423,0.31417996142575794,0.3173692942269864,31.97268646490995,48,88,2
2025-02-23,1.3831156167121703,1.4965905794008616,2.9965070743976523,0.2963091243044648,0.2593067883917772,30.553799085472154,48,72,2
2025-02-24,0.31470458790112726,0.34540171968625233,3.0027771752551238,0.509248604768111,0.6283651206388018,4.739659673814787,2,24,2
2025-02-25,2.0098919836197546,2.001390064851253,2.969099782131286,0.34694131049890725,0.30162148067052924,38.17634204765367,51,71,2
2025-02-26,1.3277214792875385,1.444408628842755,2.9564133326076405,0.322144479886223,0.29990677259653303,38.17634204765367,47,71,2
2025-02-27,0.5157871028964117,0.4307516938055712,2.9667048098993423,0.46691755354709197,0.35117462861564114,7.413314338227513,50,74,2
2025-02-28,0.6780248253271649,0.4382614575861599,2.962258715802872,0.4144531085022005,0.47384384986111233,9.162322091436883,48,73,2
2025-03-01,1.1774473011851547,0.23493584570060103,2.961591396256164,0.25318878557077235,0.4348507360604184,6.600320502066193,0,22,3
2025-03-02,0.7788702839809064,0.46113057229867244,2.9402597434752558,0.3645720782826511,0.20200607877210494,8.812372289333391,46,87,3
2025-03-03,1.0670817829292085,0.06922725025579216,2.9759271879500955,0.27179545486292866,0.3948073920542347,1.4316128267870152,49,73,3
2025-03-04,1.7311722434089798,1.4256016441948576,2.943288139657884,0.263726789522525,0.3305505025712056,30.54107363812294,52,71,3
2025-03-05,2.459143952494038,1.8089573538053039,2.917233164791478,0.2261095041263986,0.3877268138924556,38.160435238467144,55,74,3
2025-03-06,1.309461787908843,1.0633808150948003,2.906933213600771,0.29119917232138687,0.27583285652106443,19.848516502942605,54,71,3
2025-03-07,1.5811036939545176,1.5889932649881826,2.9287354599799156,0.3213653375680139,0.3919160319676844,38.17634204765367,51,76,3
2025-03-08,0.4955824727028059,0.4729331921986254,2.9080093257236554,0.45517919683054014,0.38069475610757014,8.36073025610046,36,72,3
2025-03-09,0.0356339699910461,0.07461630746746507,2.9213613415735242,0.5653705505555146,0.7296233997069774,1.5318098178529165,32,77,3
2025-03-10,0.6411745477995084,0.5787724657512966,2.9291021752644775,0.45141275874996767,0.4442816669928244,12.216429455249177,52,73,3
2025-03-11,0.10552729654593639,0.17148558312926265,2.9245601653973634,0.5591478712846478,0.886625893859336,2.8741090924194435,46,88,3
2025-03-12,1.4011625213788104,1.6092183978431196,2.893089127201737,0.3510013604426217,0.4022796835026427,38.17634204765367,44,73,3
2025-03-13,0.9776059812550201,0.10243778847257944,2.918894706454299,0.3128649172157793,0.7624872985262575,2.9586665086931614,47,69,3
2025-03-14,0.85632593959737,0.12898221226104792,2.917812750263135,0.34985217249120537,0.3498099071807555,0.8869636802404877,44,68,3
2025-03-15,0.5494544941842167,0.44272682433977767,2.9439421639492545,0.43727908719565045,0.4525056151983036,8.621490579095122,45,88,3
2025-03-16,0.44914569150540534,0.4729462238019656,2.9311795954362636,0.45286945988107585,0.5953021801589949,5.1402663004536775,46,88,3
2025-03-17,0.5246684378314059,0.4356271969636895,2.9199841138325198,0.47188283268181763,0.601300115451587,7.508013936038555,41,88,3
2025-03-18,0.6163112440045856,0.463635195338985,2.9114208005820283,0.4035692306475757,0.5015169595731889,8.430608868856853,46,75,3
2025-03-19,0.3966272069290244,0.46196098943989405,2.8970607560047354,0.4391158533785832,0.41162942571647054,2.479776111323717,48,73,3
2025-03-20,0.10232880174957058,0.2380449597136827,2.8924469371486325,0.5325368626045824,0.5767876166618849,5.987259350570271,40,75,3
2025-03-21,0.06162748571785712,0.15248143784404794,2.840905250005186,0.5490808468657392,0.5559897610776596,2.965560519794598,37,75,3
2025-03-22,0.013430284692109835,0.03313519450805693,2.835038609011587,0.5848066426863531,0.5160874198288985,0.8667047680605316,6,78,3
2025-03-23,0.08786079659315499,0.19442637360870837,2.8472043520514956,0.5770410294423937,0.6384815242550096,4.9116218252066055,31,88,3
2025-03-24,0.9072037362237185,1.6392931874581285,2.848097398735513,0.4411841084221977,0.5817476089025455,19.119984642199878,0,8,3
2025-03-25,0.41010176557337014,0.3370392976288163,2.8612380054153586,0.45951540232765514,0.4147702252473762,6.011631763605861,53,73,3
2025-03-26,0.01370311960884449,0.04149490510909198,2.8806218302385864,0.5849233437066724,0.7227564441560835,0.7888950202437387,33,72,3
2025-03-27,0.5343294052516544,1.0641410284325137,2.924028574336456,0.502161985938587,0.5491302932392492,23.860213779783543,39,79,3
2025-03-28,0.43299577325181565,0.39260303230307597,2.932424381979876,0.4530624571135997,0.6156523289773848,6.808114331831572,46,82,3
2025-03-29,0.7790740899736087,1.4172310025597683,2.9196570651614078,0.453409487631583,0.5394801074751535,38.17634204765367,40,86,3
2025-03-30,0.6314502182560002,1.0475889715052262,2.904462998989724,0.4022298471678873,0.2833048630711438,7.444386699292466,43,82,3
2025-03-31,0.14528961374785793,0.20913172066090666,2.9047795283379325,0.4840716522010567,0.4809648689753881,2.414430939185483,41,80,3
2025-04-01,0.5947167894974931,1.2736157286642114,2.8775944567679073,0.5017944859487194,0.4527374713022221,34.9949802103492,40,81,4
2025-04-02,0.8855935074641829,0.3108054007688494,2.8662359987100086,0.3514584227410078,0.2081503130089981,5.850524418802925,53,68,4
2025-04-03,0.1064065785629072,0.23541894917457562,2.8897503379425946,0.5599103684595387,0.5183823854424027,5.479488550441779,47,77,4
2025-04-04,0.2769811017088042,0.3927931383292155,2.8722628402253303,0.524175421056123,0.5331498200194852,7.667082027903778,35,88,4
2025-04-05,0.6626465861542362,0.9573688601716859,2.8937319747125225,0.46341575737261026,0.4036120726297699,21.315124309939964,46,79,4
2025-04-06,0.5372051906566487,0.41976348428403165,2.893458399266171,0.4688744890972621,0.4289744085236451,7.730709264649868,52,75,4
2025-04-07,0.7510772110473126,0.5916489488346263,2.861795748681818,0.36897533709942915,0.12798161810849332,14.961944720842935,36,70,4
2025-04-08,1.1315965533495342,0.42628547806595957,2.890495456648278,0.3146084979629001,0.3861709475943062,7.41257308091942,20,43,4
2025-04-09,1.4286178728698626,1.1417551712213008,2.83747156768735,0.3087715108874415,0.32589131182999503,32.10194837772146,60,74,4
2025-04-10,0.022755055072364066,0.09126610403799276,2.8279753219868304,0.575587477056639,0.4886219279475494,0.9825063389384143,39,72,4
2025-04-11,0.02255376765778293,0.05359763569452672,2.8947288997102145,0.5873389525878413,0.8553928772596628,1.1401969011280852,49,69,4
2025-04-12,0.10462551302180377,0.19512599600823216,2.916425879809468,0.5746770666168274,0.9936836436613193,5.183151058020542,33,88,4
2025-04-13,0.1916163065700134,0.25754217941798585,2.926602813362885,0.5596378540699548,0.736094872547202,5.56711916225033,40,88,4
2025-04-14,0.7832879362838617,0.8446447219473087,2.9033634375428665,0.47805732856630034,0.602428634256771,20.2016476668834,43,80,4
2025-04-15,0.30140069606367864,0.34805415953363156,2.8773412625096824,0.5215468122012842,0.3613130351489226,6.235469201116766,49,78,4
2025-04-16,0.042247888694058856,0.18863083386184468,2.8649613343673157,0.5909216316784626,0.43806836317394837,2.9368837241931356,49,87,4
2025-04-17,0.627395174924126,0.7815123984551701,2.849159850348794,0.38726985778658785,0.2589126425117268,4.935214804592055,52,69,4
2025-04-18,1.246792339910897,0.6502640050685168,2.8516934731006773,0.3154587035914645,0.4641565469583539,13.359308244406108,0,8,4
2025-04-19,0.5960354639790558,0.6640265216587605,2.827023615467454,0.3327372430791593,0.2806255842224699,11.026600128097302,47,69,4
2025-04-20,1.11827658900697,1.1070343681044281,2.8560477422742996,0.3688172200647486,0.5547071853275329,24.75706831397621,27,71,4
2025-04-21,0.6572351890865388,1.0854551965627592,2.8404551836967826,0.5040831426330539,0.49386697192364615,13.361719716678783,54,86,4
2025-04-22,0.027482890154456558,0.11673999359854179,2.825612492130426,0.5940393415773937,0.61079968496594,0.06505248684920151,50,72,4
2025-04-23,0.4437553378206942,0.8269234846356799,2.8378647273808775,0.5477589442748568,0.7919466184877345,19.088171023826835,47,83,4
2025-04-24,1.3364399682634855,1.6017516512109213,2.7943067680162663,0.3743265310888131,0.44583102445992706,35.60580168311165,32,73,4
2025-04-25,0.7954730160693391,0.9767011454265362,2.804943556692455,0.3673191220835332,0.23094141226652343,23.50071989216814,52,77,4
2025-04-26,0.0022981031180369584,0.0014206840169791136,2.85122996543523,0.5073985500654853,0.5501524134763129,0.0254508946984352,48,75,4
2025-04-27,0.5102315503704614,0.779595722253791,2.84318538629543,0.42655895833912805,0.35875038929294406,12.85906454638468,0,13,4
2025-04-28,0.02972420066142795,0.19836728694543487,2.848930105414541,0.5440933330656658,0.34966597508410774,1.931086635243815,0,30,4
2025-04-29,0.1611239551901761,0.4261721696289027,2.859100975747117,0.5571145749409818,0.6713739494325806,10.816563438236622,23,87,4
2025-04-30,0.47021021729228596,0.7677682113343639,2.878653986347048,0.4746554573940415,0.5837955895803719,9.257762946556015,50,84,4
2025-05-01,1.5862780464261501,1.1452934720450503,2.858330946700391,0.3143021173414726,0.43048241190258235,18.976823359521177,27,64,5
2025-05-02,0.13944213813414905,0.28558234541477645,2.8711281413179397,0.4390672293903901,0.5757729403067927,6.146391069672241,9,40,5
2025-05-03,0.6991203031135876,0.9664123204023572,2.8658308586765067,0.35764127444330507,0.3876829468549299,24.493304785407137,32,83,5
2025-05-04,0.45851768522543207,0.6196175650589074,2.8954334021413524,0.4204763966429814,0.37575357446168517,9.340478354325933,26,41,5
2025-05-05,0.8948735399436,1.2242520579374703,2.8828000605882003,0.4368363307640175,0.9840155166076042,25.110692589001786,9,86,5
2025-05-06,0.7741970291378352,0.8404014857910735,2.8810733575640595,0.32249445218794687,0.5086246688219572,14.29067737317169,62,76,5
2025-05-07,0.20107621854998145,0.653518556377081,2.8990746219339782,0.5741640838539196,0.6517859109483976,16.037626785272323,38,87,5
2025-05-08,1.2038331185935283,1.3268980128330206,2.8758499293355135,0.362543772194207,0.697176161040796,35.0795280825374,10,66,5
2025-05-09,0.31346524863038233,0.5101392756743527,2.87493964265007,0.509765993090039,0.6503802737304675,10.180147909493051,43,86,5
2025-05-10,0.4857879543637622,0.5394973539068346,2.853679433603883,0.4425691874826006,0.6241932302260228,2.7525778888725756,47,77,5
2025-05-11,0.7466423926461102,1.3387625885008976,2.86937199879984,0.5439774383493027,0.7717374139860843,36.56991020654495,3,77,5
2025-05-12,0.3702680997044098,0.6581935762317893,2.884805379567584,0.5308641762670577,0.6351891515081799,15.23780696847928,31,75,5
2025-05-13,0.5971681282106936,0.4398335559606091,2.8579220810733603,0.4203943469499851,0.6410234090584236,9.550448235588027,42,82,5
2025-05-14,0.7898928079891497,0.6775599324497728,2.830654169835469,0.3792995696729872,0.4325166955453777,7.068986002490539,54,73,5
2025-05-15,0.15131219681936173,0.30615747500335794,2.8346281362657795,0.5943805669898368,0.7876240533845297,8.164465681633473,38,79,5
2025-05-16,0.10045262674520607,0.134055326905049,2.8385801874400407,0.5968327166523998,1.1094477914205412,2.5541309001851973,45,74,5
2025-05-17,1.3904054753880528,1.5493539858926375,2.812931959725914,0.3824445046044909,0.8164325925125312,31.937691484699602,35,86,5
2025-05-18,0.47714701108259944,0.6824120757528338,2.8448617572815107,0.4396186051663225,0.37555154502125027,13.807110373901413,41,80,5
2025-05-19,0.5383129342205609,0.4799661702481422,2.8486409701363944,0.40105022160055687,0.1054594555681222,10.730733477227986,54,75,5
2025-05-20,0.3548508225706027,0.39373902566746355,2.8545582353714685,0.4859586535785539,0.2789821226458906,8.293450815965144,50,73,5
2025-05-21,1.0026337548290944,0.8734498550193117,2.8688068043463226,0.3969916843696177,0.2836427524889151,19.712545098016207,0,12,5
2025-05-22,0.19517247259877532,0.24093484759433306,2.8575591644331806,0.45795752775481063,0.36942812297251865,5.2936588428011495,67,88,5
2025-05-23,1.4622638231044516,0.7008581912855936,2.7774301215359554,0.2523640489238952,0.206404828610423,11.55764895278935,60,88,5
2025-05-24,1.4102894176806213,1.464313919200546,2.7779533117487105,0.2666266684977159,0.11056672563452086,13.63531683468697,39,71,5
2025-05-25,1.1434553115723873,0.40065641797837165,2.8014325135207634,0.2819320999287711,0.13735907581613852,10.649758274383075,38,52,5
2025-05-26,1.2287644239977236,0.5583594024512417,2.8002159976574554,0.31172288357957495,0.12355953582756779,11.355998332731804,0,27,5
2025-05-27,1.0653820078108853,0.780793426065072,2.833579564314664,0.4221159204698801,0.13207776209127994,17.88879761116305,0,62,5
2025-05-28,0.3757509117175177,0.40346847378905465,2.8184668767937775,0.5692712529537741,0.7158834472996053,8.169737198197886,0,36,5
2025-05-29,0.15902739694505474,0.3208625251396166,2.8019005503391274,0.5810524891523464,0.47984459030647875,7.508013936038554,35,74,5
2025-05-30,1.0033935369420515,0.23028802986111807,2.808244870863753,0.27470356583151984,0.3997066205949554,5.246065669715076,0,78,5
2025-05-31,0.5521436728339414,0.4584079244682896,2.7521188774090164,0.35216632067857345,0.201968932413101,7.609817514832297,32,73,5
2025-06-01,0.13778282596169417,0.24362795836034912,2.7916246328792202,0.4886613312929036,0.38584752224552754,1.428431464949708,65,84,6
2025-06-02,0.2757644207598483,0.38450902623386163,2.8030743314531392,0.4889581603025734,0.7840171382727069,8.080659066753359,25,85,6
2025-06-03,0.48337283678064674,0.48097076966921126,2.8255251233096423,0.4202076087323075,0.7032384176098935,9.22594932818297,33,83,6
2025-06-04,0.3734123456536124,0.4764162658254138,2.8156406123227797,0.4482742782309536,0.31650947107114,9.350022439837845,41,72,6
2025-06-05,0.8074694013308413,1.1042647639614744,2.8095922208056763,0.4131241361314118,0.4055349683311511,24.78280871260184,0,71,6
2025-06-06,1.4178556571661198,1.380472528809236,2.796142682066387,0.31106070370216377,0.38213487332835133,6.025200271841964,60,88,6
2025-06-07,2.221990626760422,1.269564860284778,2.788208555817077,0.24644657475097678,0.42888305112625996,25.241465648686024,46,70,6
2025-06-08,0.6077920872312571,0.6288598582441302,2.824782926638099,0.3511621560207072,0.3122883370780178,8.691480539515817,34,88,6
2025-06-09,0.43565525919105896,0.4210204204727719,2.8421433158702762,0.4061589372401784,0.520547780757057,8.103144932219427,45,81,6
2025-06-10,0.5806859896194062,0.4923137517918542,2.8598626039456914,0.34484898310104467,0.26635041743185683,7.528883669691273,33,70,6
2025-06-11,0.20417360569045542,0.47124204118871327,2.8610791928598527,0.5216362975039107,0.6543377160577167,10.148544261001266,31,71,6
2025-06-12,1.0909955827724391,0.48413029698243254,2.862821236563228,0.332596168489876,0.3598124099061885,10.97569833870043,0,79,6
2025-06-13,1.8629714579816772,1.1622830937355517,2.8162725752563937,0.2517967718730734,0.26055455541021183,29.433959718740983,49,79,6
2025-06-14,1.5649771056877348,1.0157100926595317,2.85546034036132,0.3060655147046617,0.6478065752803549,17.826392017362487,6,36,6
2025-06-15,0.4101803717221002,0.6121322722493223,2.8301059231799637,0.46044675906252436,0.6427997136120897,5.563896442709141,42,88,6
2025-06-16,1.084164271010544,1.4719272461983537,2.8272325409084593,0.4039069884168682,0.6037736977069802,31.97268646490995,36,83,6
2025-06-17,0.4617932617679809,0.5593837587099583,2.880802411948434,0.42329027268813285,0.3203830729338291,3.984531628112198,32,68,6
2025-06-18,1.36173421403062,1.2187581354903785,2.88125649605378,0.3037102454740485,0.39570982577292657,34.41597235595978,16,88,6
2025-06-19,2.447655955481974,2.146527461738028,2.844659698620734,0.2607959041034786,0.32389146435953875,12.789074585963979,55,88,6
2025-06-20,2.22852100157602,1.5923991727389255,2.836686563215656,0.23971976578781887,0.46134299333586465,23.361032656615773,0,12,6
2025-06-21,2.236124257532063,1.5086724584664823,2.8629448386073473,0.23213047784979465,0.37655545368053667,29.975936521344163,49,78,6
2025-06-22,2.3012749689279914,0.9061196942448372,2.9077274955308585,0.24152975826450376,0.35876999614202304,21.757114091358517,28,62,6
2025-06-23,2.168428556083848,0.6022482215276861,2.9286082053931217,0.23841872305308476,0.44283123499152915,14.266794889859046,28,79,6
2025-06-24,3.4174873180511525,0.9408203085472263,2.9122936852304804,0.21669890760067542,0.5160467670289265,21.60425283643787,49,81,6
2025-06-25,3.1758757776511555,1.0731610928708315,2.914379506250419,0.2163968191232769,0.35538514831975004,12.28588494688121,50,70,6
2025-06-26,2.6314310336026767,0.9012908697112076,2.9209033127220896,0.20843059568596478,0.4895558027535872,15.503135727072308,59,78,6
2025-06-27,1.9920003360386127,0.722229510517428,2.926618227092973,0.19422864718388255,0.16424470463258803,10.356780300062034,48,85,6
2025-06-28,1.6864175078654966,0.7069212422786941,2.953834564428295,0.21543246782047362,0.10958322738370196,6.004333719551086,48,76,6
2025-06-29,1.1440510547156084,0.12588351532841902,2.96574170744682,0.27516824858040717,0.13823720551587157,1.430050778124894,0,31,6
2025-06-30,1.1103172524994498,0.042640204113027304,2.9466539577328206,0.263075526949554,0.16853468175004727,1.1771038798026545,57,78,6
2025-07-01,0.8983091456144024,0.18302865412508917,2.9012288916036444,0.38737707984944786,0.3813281070074009,4.676401475041823,56,75,7
2025-07-02,0.918055560285879,0.15377622090798385,2.9229632006890363,0.31267824556774576,0.2435061882885822,3.206987706903959,1,79,7
2025-07-03,1.4592729453071558,0.6171304112907304,2.956949818075732,0.2450106998712369,0.08820686748045238,11.644945521604985,55,72,7
2025-07-04,1.4488824187114044,0.5866777443433606,2.965449504032826,0.23902213783823642,0.27563340577575784,7.097583264046069,7,39,7
2025-07-05,0.7720348960991571,0.6147907441858984,2.8871812124759106,0.30138443494333317,0.20033984724449017,14.521138406027863,31,87,7
2025-07-06,1.9885407044581014,0.8223432151570632,2.9276283012442943,0.17174495939128306,0.1398217515791044,18.08027741742673,27,37,7
2025-07-07,0.9691302036759107,0.44178533517687624,2.9139681568943696,0.2611079383001253,0.16295066720354742,7.794336501395958,58,79,7
2025-07-08,0.8627063264580133,0.12485182855452827,2.9144481010018537,0.34020822929339084,0.17875132574742536,2.8314120352009793,28,53,7
2025-07-09,0.5312844111639387,0.4443627288057554,2.898845242253993,0.3437897848376492,0.12480830364269546,7.95340459326118,36,74,7
2025-07-10,0.5065621146046172,0.40947866594608884,2.8897934379461585,0.37354784633003435,0.2210325169047631,7.571641172784644,51,74,7
2025-07-11,0.34018520844923034,0.5161551037124388,2.89459265986844,0.39793626348855193,0.275514194087934,9.758499755662227,34,82,7
2025-07-12,1.796504259290449,0.9898260923066294,2.9619650513718088,0.26949123609453324,0.20373587184734845,24.734528365358905,40,77,7
2025-07-13,1.6973377974855304,0.6959370340504073,2.957994518331612,0.2434673434267615,0.19008843104084683,17.198804767717434,50,67,7
2025-07-14,0.9416601383863609,0.29365862168305856,2.9863538823716227,0.3359995788882359,0.2156331383904805,6.210018306418331,48,74,7
2025-07-15,0.5465570357517059,0.49503766665616716,2.9559371140936843,0.39337196243326583,0.23165281800331716,8.907813144452525,31,83,7
2025-07-16,1.431893747665084,1.0347164680104568,2.959723412881358,0.27532123734353003,0.1600892433567608,31.622736662806457,40,73,7
2025-07-17,1.6147632312552866,0.5327899740649289,2.9739921438917776,0.2637811791336921,0.16928846428695535,10.842828761565407,29,53,7
2025-07-18,1.3411233636974131,0.3550904375775677,2.9970028705403458,0.29443344341132544,0.18874925548942945,7.873845096433868,28,56,7
2025-07-19,1.0960098729766323,0.24678207653277193,2.9420217300616365,0.28722250595776905,0.12559745740286754,4.2502071551454925,0,12,7
2025-07-20,1.8659865936629825,0.6715407111427277,2.934839954552506,0.2056873318939081,0.31995433747464747,11.046146415225703,48,88,7
2025-07-21,0.8104742307253613,0.36216348847082186,2.9763619866301183,0.3698780662636472,0.2767870394643746,7.059795048142565,35,71,7
2025-07-22,0.27325094607326295,0.46780302249682465,2.9901070160718084,0.4418403034052855,0.24053354451734413,10.547633378043765,29,72,7
2025-07-23,0.5440059149500457,0.4751890480913124,2.9751749833116232,0.37678265451756915,0.2534679359428485,9.321390183302105,31,72,7
2025-07-24,1.0654361241013053,0.16001041640581556,2.9311741166222514,0.21947639616262812,0.3818427721855528,3.658566112900143,18,47,7
2025-07-25,1.2121263323980365,0.371224382961583,2.8946003302080574,0.1980437529142741,0.20572206611328595,7.842591397744192,0,35,7
2025-07-26,1.234932057285497,0.2784014178372387,2.887384732153757,0.20080733788423197,0.2546131760883983,4.953329478893668,64,73,7
2025-07-27,1.4245287624549807,0.46367457595645617,2.919426808871181,0.2065520138500355,0.288920355230416,8.438648170219718,27,71,7
2025-07-28,1.0828745270381892,0.09412169515193568,2.92769127108001,0.22922238278278192,0.2779557289338974,1.781562628890505,57,81,7
2025-07-29,0.6634493829303686,0.716129046337888,2.889826749135354,0.318920362410992,0.23364660225293318,14.50119763003164,32,88,7
2025-07-30,1.6195262601527043,0.7752156283857625,2.909307804644589,0.22794359123028007,0.2893069038217025,16.114259429209312,52,69,7
2025-07-31,1.1375460313771517,0.15867332790875163,2.925679304472958,0.24370833166369912,0.31461507250770854,4.110484924612917,26,72,7
2025-08-01,1.2889376296857027,0.7068974175555007,2.9289007740613826,0.2876700046135099,0.22424966188266002,17.18571664511876,0,70,8
2025-08-02,1.950821020390844,1.464979922385628,2.951415850668964,0.242617518402377,0.27087724002652835,30.744680795710426,0,73,8
2025-08-03,2.8250976284592757,0.7965846587137161,2.903013816158024,0.17573868407554383,0.12446587776692186,17.038378234347675,51,78,8
2025-08-04,2.372465959720644,0.5099892317086758,2.9033318795741554,0.20467202784638747,0.22133224455666692,10.924796549303558,32,46,8
2025-08-05,1.3500149055016353,0.5462930250786161,2.960874840434199,0.284759098124496,0.40433710235074116,13.552152854897995,5,73,8
2025-08-06,1.5738755735817902,0.5909551087205155,2.9709562965220933,0.25994710106542207,0.19408185091344388,13.913081536702025,46,72,8
2025-08-07,2.3591697230351163,0.8436851249716739,2.992632749331514,0.16837875280680115,0.20849342556279446,11.455454066489619,28,49,8
2025-08-08,1.5009755949771606,1.2028768616130976,2.9421844873632303,0.2306635601312105,0.18725993851881714,29.783909520844468,3,41,8
2025-08-09,1.3444068936445552,0.30094535034165854,2.9677492910026615,0.27859669783103197,0.3237638883489891,4.437481201060258,6,45,8
2025-08-10,0.03497526239479511,0.2704749288418861,2.9446173729881395,0.5022633714444837,0.2295668070511594,5.5601551611884705,49,78,8
2025-08-11,0.16831564794255163,0.5556574012232957,2.9539856335933297,0.4999856349525045,0.3571431098041027,11.675597942907414,30,77,8
2025-08-12,0.6732976530287885,0.5917488258064524,2.9676350394677904,0.39689625519027977,0.24912682322794052,15.103674390694847,42,72,8
2025-08-13,1.4775257105960178,0.728363587634359,2.95081186621224,0.2481201749025945,0.1538800157755101,16.702203728999717,48,87,8
2025-08-14,0.36658822509503697,0.6384044882890663,2.9911570490399932,0.4379959167825107,0.2062253134430361,1.3456969690087677,59,73,8
2025-08-15,0.22064924900132507,0.5588680453189203,2.9936233189049517,0.4648178626525869,0.4294551561905178,11.707411561280459,34,71,8
2025-08-16,1.1667924895826065,0.3805972880986082,2.989806119606248,0.35185448878338815,0.12860868663492334,7.9215909748881375,1,71,8
2025-08-17,0.5915537204907532,0.4284041477054863,3.0082821414730527,0.3988762733959472,0.35380857210463396,8.017031830007271,48,71,8
2025-08-18,1.0458250498646573,0.1955832830168346,2.989296589903097,0.3292880286504711,0.15402918561835385,3.929576783734598,0,71,8
2025-08-19,1.5747176402931018,0.7422099086084131,2.929417389697323,0.25290252392513757,0.12492751533051953,15.48189059272279,0,72,8
2025-08-20,0.5695744206189043,0.623203099255607,2.930570862674062,0.3721936914820973,0.17335049352115814,6.540278660110744,44,67,8
2025-08-21,0.4809284904356512,0.4222462619168731,2.9140397467307984,0.3962402954979329,0.3625743311854251,8.483139515514422,53,74,8
2025-08-22,0.9848693948606302,0.2145520299911735,2.91765729804689,0.28604064741602314,0.1274280825711949,4.9311553868876565,45,70,8
2025-08-23,1.1867707459979766,0.2675916125251949,2.9158992562065986,0.24043405721239494,0.16978433348050226,5.734267913182306,35,76,8
2025-08-24,1.616752775414291,0.8772181899412448,2.9232935366485555,0.19662259392521772,0.20318357817455954,23.56954229279455,0,70,8
2025-08-25,1.3414752024331076,0.7482209082849144,2.916028775369851,0.23141011549690763,0.13558688402552435,5.242117599674982,48,71,8
2025-08-26,1.1640059148658002,0.2506168457088705,2.8970195553233626,0.20318112359591767,0.17991457292836258,3.8095567270604516,0,14,8
2025-08-27,0.8333484543098811,0.2342808620873763,2.867447254911865,0.26344994915707337,0.0823326365031744,6.658418531939046,51,79,8
2025-08-28,0.571840942092869,0.5877128613672963,2.8846193920945766,0.2962093495075973,0.14855682199634104,12.343683928741353,49,75,8
2025-08-29,0.7622769302820566,0.3127484595360664,2.8994190567082225,0.3389570830180963,0.18150670897527388,5.534640639253289,61,69,8
2025-08-30,0.2736861961396292,0.39498220921798066,2.8806694593950675,0.4260136291671688,0.24332557735839275,7.5398275544116,57,85,8
2025-08-31,0.5057342977432019,0.4397946290766429,2.898770438180011,0.3712985799963286,0.2532822406732556,8.49423610560294,49,81,8
2025-09-01,0.36414454153375747,0.396145678381181,2.905518145517654,0.4477372903548836,0.40182966832983685,7.673047081348724,53,66,9
2025-09-02,0.07727431799173733,0.3282197183561996,2.9051309759941124,0.4983916590268351,0.41685243755515194,7.323284979593632,44,81,9
2025-09-03,0.7229027723634719,0.33654891645362395,2.8839249706812216,0.3494488255777872,0.2608635532154246,8.892914826968424,49,67,9
2025-09-04,0.7437595485945395,0.33746871897394715,2.918063679944901,0.36227760831714767,0.2771271423230069,8.239727158618583,55,73,9
2025-09-05,0.5656001043436517,0.47170840919117846,2.8918114677740507,0.42550980408931655,0.4823556622598874,10.689375773343029,57,73,9
2025-09-06,0.11565963574507891,0.3949165030495602,2.877477721504017,0.49976739971836076,0.44459056983192746,7.348945844173332,35,88,9
2025-09-07,0.8011597334927067,0.9661057212175451,2.90509437751651,0.3031130524458692,0.20262061177207458,24.81462233097489,46,73,9
2025-09-08,0.7144771675116717,0.7875837868045871,2.9115352712694604,0.35234558509360125,0.3310732252584984,20.080272350066558,51,69,9
2025-09-09,0.8348890619187816,0.968740548678447,2.9220026550163865,0.3536548924036735,0.40659097685915263,22.55585542648871,48,73,9
2025-09-10,0.455491282220953,0.45125418849880683,2.9471814579459323,0.4300429942112807,0.6011882453745395,6.763524364319911,52,76,9
2025-09-11,0.22466989385833339,0.41241228765425264,2.9430925825230685,0.4536588236420685,0.4210993292792177,8.893143885020713,39,62,9
2025-09-12,0.4206147414606718,0.30812524265791763,2.9247105040538632,0.43157320184592307,0.16320584113990258,5.677372438083954,32,69,9
2025-09-13,-0.0287538110692739,0.24011815695707547,2.9114281056673783,0.5371819229024698,0.6636875751529102,5.4554692685701305,23,88,9
2025-09-14,1.1400659019265975,1.3639407839430322,2.8990657097298516,0.36129679088072236,0.3549935080839746,37.79400916340826,55,69,9
2025-09-15,0.20034881342155617,0.39128353684040107,2.909795492142543,0.43643659394823725,0.5291848826746671,7.262180562784527,36,75,9
2025-09-16,1.9834776665115887,1.7405878317447643,2.8628016589344902,0.2645832978834988,0.17372661045056517,32.79551389051038,46,65,9
2025-09-17,2.4669316942974584,1.8232547700373862,2.790018536814206,0.20275691417007302,0.14219731419927348,34.81949629140348,57,68,9
2025-09-18,2.505879085781243,1.6979492025421805,2.797516476417277,0.225292082786236,0.21381871590145898,32.14862849996023,54,64,9
2025-09-19,1.5591212458600172,0.5768721108794953,2.871199219798394,0.22964700269400506,0.39200102663572983,13.626008169951017,1,83,9
2025-09-20,1.2837372298140275,0.5270975933945863,2.915972891466925,0.2682472705071819,0.14558246153004586,14.61297795954717,36,66,9
2025-09-21,0.8184228632758664,0.16104332090754778,2.9425722412936,0.34116860676421795,0.17569640479989232,3.813921555501233,42,64,9
2025-09-22,0.8521220350428585,0.13927818309890255,2.9411554930408528,0.37886232506686995,0.4355064624366758,2.920585607500625,0,25,9
2025-09-23,0.67554120904699,0.3146765438961925,2.914227998780263,0.4427535635498443,0.5015611772548114,6.17143793141734,60,83,9
2025-09-24,0.5957605744328013,0.6400258510911702,2.88085515466466,0.4085063187543825,0.22719259587178012,15.906809186522361,36,73,9
2025-09-25,1.8071351444008457,0.738467923574374,2.9080649174231676,0.20364721461944033,0.12292988130092401,14.059039236435716,15,62,9
2025-09-26,1.745678259211514,1.0359849821955531,2.90462517188449,0.25192764028114883,0.17810036228681625,21.78063071805987,0,15,9
2025-09-27,1.0201941099697416,0.1088508460855712,2.9387874035229964,0.3215328991281902,0.2251702122130196,2.564177640867408,55,88,9
2025-09-28,1.25569872807036,0.7339723329598332,2.9165592706679564,0.26065488198016123,0.23706638299334917,17.425750395743385,54,67,9
2025-10-01,0.9332223383141841,0.5301940195165245,2.924847912709294,0.30483030191432126,0.20042811459077217,10.9534288058393,0,19,10
2025-10-02,0.2528010527655124,0.384468641834994,2.9040322181066442,0.4821827297483696,0.39470905830034053,7.057176787350464,58,71,10
2025-10-03,0.19312268139997713,0.46635020985005865,2.931196616285129,0.46488484530850976,0.3019496397146146,8.844185907706434,34,69,10
2025-10-04,2.0222545237452194,0.8324549459703816,2.910722945778559,0.21402875861935478,0.14545278165491554,14.344219692893528,0,83,10
2025-10-05,2.4545545729302396,1.161330128783914,2.8949329307440355,0.1445932429786186,0.1261928291639645,27.690118497155396,16,75,10
2025-10-06,1.8653120123967308,0.9297855802617481,2.8691372133566957,0.22804043339484611,0.07567025256241743,16.639969928738367,5,20,10
2025-10-07,1.1843847577591842,0.578891728742485,2.9124867586362764,0.2522546254090641,0.13812797987972078,13.434693794502875,42,66,10
2025-10-08,2.3837595954079602,1.0259323242418021,2.953458133380218,0.18172407092676682,0.2360580328421699,17.107041566882224,30,47,10
2025-10-09,4.414832456495957,0.8326280236874679,2.8777866535634615,0.11430004483721068,0.14448664759197308,11.716462535707592,64,88,10
2025-10-10,3.266245210609769,1.337012107251412,2.8605289738313027,0.06635433225870839,0.16523512810431887,24.86030350559674,25,63,10
2025-10-11,1.7263201363801175,0.9330306281941183,2.932609858096908,0.21906451615019054,0.13252881458620555,23.88072083818681,39,64,10
2025-10-12,1.804262341522574,1.685647420191218,2.955918340024336,0.33602005914714156,0.3312154260499183,10.051372745042638,49,70,10
2025-10-13,0.25137308524916396,0.42006218683546614,2.9522565198910233,0.5406561126603303,0.2585835484167167,6.560079456186128,47,68,10
2025-10-14,0.5741998556168586,1.0355279566678561,2.966646588369104,0.49567180529219473,0.43338499260023006,23.33418514407076,45,82,10
2025-10-15,2.7728797494373345,0.9107545257641232,2.9201768219840485,0.21697927413818885,0.17079314385205846,14.486121156284653,11,23,10
2025-10-16,1.1302512349625842,0.18287615916214184,2.9869728422533144,0.3679591743295621,0.2524381307559968,4.568566034204553,39,60,10
2025-10-17,1.6964403220555526,0.6493170559915168,2.999519326341657,0.29666459021141156,0.40921877677136625,15.486258602525409,0,73,10
2025-10-18,1.9539843545110707,0.7944462717957915,2.9992490381837134,0.23911486480639543,0.20477951286585272,3.072183861771858,0,14,10
2025-10-19,1.7770641832525562,0.6158677701444243,2.9992207675034095,0.2575659849978445,0.20024586001637915,13.57566311887567,46,74,10
2025-10-20,1.7734725251557968,0.4558930049294319,2.9765867641063326,0.20534783984103613,0.19135338692510961,7.375971512981234,53,63,10
2025-10-21,1.55117397201613,0.2335868449508491,2.9792250687312793,0.17280143188966213,0.12183391395605896,3.7138868138890295,38,88,10
2025-10-22,2.0624448998101874,0.7951468746868305,3.0173936283281955,0.1439977836970997,0.2689901027179345,18.265779444798117,5,39,10
2025-10-23,1.859916290163919,0.4564876399049427,3.014767596246637,0.16387803708652646,0.22374315648484386,6.028104855199425,55,63,10
2025-10-24,2.749181288023466,0.9544013457031675,2.996705407464901,0.19307115494314872,0.16901438478971484,18.973215695197677,47,85,10
2025-10-25,1.1719403638447807,0.6606244170390534,3.05169531404603,0.31643369768869495,0.3341939723301189,11.19312215074733,53,66,10
2025-10-26,1.1829417119132943,0.8688443906998073,3.0727336676501427,0.3616413509943608,0.2658425752034216,19.018181063406136,48,74,10
2025-10-27,1.373356457884381,0.9100034697062389,3.052975238050175,0.3933183511850588,0.2227521413011998,23.751875683775975,48,81,10
2025-10-28,0.9057104513721481,0.5896225554280005,3.064556574262097,0.4326804601395419,0.3008468640302034,10.870337997372582,49,76,10
2025-10-29,1.8131803283970687,0.8397420200133952,3.0630498273578404,0.33068762248366496,0.2892438609351334,18.469746096273216,0,88,10
2025-10-30,1.9254552271215564,0.8799797278907251,3.0178840187077296,0.20641171050407495,0.1223763603737964,15.900032885808901,54,66,10
2025-10-31,0.7710444652529955,0.602292631872993,3.0471801868930037,0.4447359043528083,0.2657314940755921,10.358816371637907,47,86,10
2025-11-01,0.8011665270257967,0.5238978945506729,3.061990005575286,0.37699473436644554,0.47610014965786,12.869178095665468,50,87,11
2025-11-02,1.1534396180285378,0.38166057963462885,3.0811011315624053,0.2995806361966046,0.20657212967510494,10.517232284326482,53,66,11
2025-11-03,0.2013855397102878,0.5705664579296306,3.051880351857941,0.45206194712363135,0.4279895150015241,13.361719716678786,38,88,11
2025-11-04,1.0267094727341697,0.46806781966051664,3.0568212193851565,0.3241940220154518,0.26927007741905234,7.323682649823298,51,68,11
2025-11-05,1.2744816540537347,0.40082423348927665,3.0773881027807906,0.28604238581858693,0.20537991052567042,5.662824070401962,0,22,11
2025-11-06,0.8880068355312646,0.21394261563954628,3.0813518420916117,0.3620489274671275,0.2483559687065698,0.9225949328182956,51,64,11
2025-11-07,0.2141965855764406,0.29832973993358824,3.0828548634023396,0.5399270974223094,0.5541676682490209,6.793795022201864,29,73,11
2025-11-08,0.1938741787164829,0.3865441196971246,3.0788920007017615,0.5737687378853239,0.8143318033727107,8.037637510627492,49,86,11
2025-11-09,0.5068926779830246,0.5531180611640226,3.0741829235326965,0.5070650322106678,0.3917731810236685,12.573171464875312,37,71,11
2025-11-10,0.5230054472093266,0.5375221225340034,3.0659416914952793,0.4680948660889681,0.3433181042880024,11.155171685390124,39,68,11
2025-11-11,0.5451081242699285,0.5075175535462023,3.0663730567851872,0.47067857874968205,0.4531695378803235,7.485846206756217,55,69,11
2025-11-12,0.2707750512233808,0.5464177780218336,3.068693297994002,0.5265790465794591,0.4580761518623329,10.483503486127383,44,68,11
2025-11-13,0.561445776011105,0.5310002199605718,3.0798580251884236,0.48680059952324334,0.3667961080260582,9.537757783219018,40,68,11
2025-11-14,0.016897505146170454,0.1780858657324291,3.0723709701625235,0.5895744314064276,0.5545075519550926,3.791572488594169,35,66,11
2025-11-15,0.18955988753405417,0.4096247582659785,3.1008284414987823,0.5395616060429871,0.46919893325667533,8.345596517840402,47,76,11
2025-11-16,0.41210930431026666,0.46123492572360575,3.132664003453366,0.5085118014553298,0.5976354098095616,9.645889090707161,37,78,11
2025-11-17,0.41796943909295314,0.44826879566208777,3.1488273814001193,0.4930815874967472,0.5851756736097483,7.342583120498723,52,74,11
2025-11-18,0.2620558331853459,0.4692431228265777,3.1606990217038446,0.5108681972120303,0.43153827432887687,10.104393321423156,48,67,11
2025-11-19,0.3798467493871182,0.4718661883218999,3.163161127670153,0.4878227159588174,0.49027236588063783,10.200934927737997,35,68,11
2025-11-20,0.4987006381127798,0.5309306711423472,3.159322597522228,0.4284199844841689,0.24257896111021282,8.685117815841211,39,70,11
2025-11-21,0.14593138722016252,0.31984969234934574,3.156590203397976,0.5016806677928336,0.24955470399213645,7.103440151188545,36,67,11
2025-11-22,0.0232903854798622,0.27396601352259276,3.1444699710397956,0.5610916373717955,0.7164692859243207,6.264524578776868,38,71,11
2025-11-23,-0.014541507870531654,0.34310062523923923,3.1098201980050413,0.5275548555667392,0.5558374062176034,6.269694291762487,1,75,11
2025-11-24,0.06284501940434221,0.4245267096298726,3.123427307435327,0.5109986218107975,0.5172284960757989,10.017179468015291,0,66,11
2025-11-25,-0.14115268348785895,0.057888339066556334,3.111243593885457,0.5503610551637271,0.6781331403643934,1.5652300239538,11,76,11
2025-11-26,0.06368446811997514,0.38348452360844576,3.1573346646459775,0.49084261096472587,0.5587652405953055,7.9185750438663725,0,80,11
2025-11-27,-0.0377673050772594,0.19837971415288633,3.179977799399742,0.5171573603275949,0.6846774522106415,3.235798119702589,13,68,11
2025-11-28,0.08834336941685111,0.2848300437895,3.1659187243388622,0.5396303484172171,0.7020023168127625,6.4050930515581666,32,84,11
2025-11-29,0.16367231778426253,0.3062743582010926,3.1324341854682607,0.5203147591103813,0.5165076813890744,5.801283300285126,35,67,11
2025-11-30,0.21645170717048823,0.5539445123771309,3.1390631121181154,0.47393499485366625,0.6020678068710011,10.816630246835208,13,88,11
2025-12-01,1.7708630793871194,0.48378873816289686,3.173445372927359,0.2426818654299694,0.2829667691109828,7.60292350373086,28,37,12
2025-12-02,0.5771132539977418,0.5910523102650851,3.1812473501826894,0.4121584222347177,0.4528961450611059,7.1135250682128,41,74,12
2025-12-03,0.4379396095469868,0.4324278265547974,3.203026366390422,0.47499618024081275,0.629290156291566,9.0072147950591,36,74,12
2025-12-04,0.8090195198860681,0.47783537964911554,3.1905761633269907,0.3503659177573506,0.18191653156848497,11.898293271518726,47,67,12
2025-12-05,0.09934567852175318,0.2609557164331841,3.2107982466941123,0.5483126303440123,0.7297687782105244,4.598152699291483,35,85,12
2025-12-06,-0.060093008858330625,0.14991703621305436,3.181856302097452,0.5575401038365256,0.8171690254717333,1.3822635419667453,35,88,12
2025-12-07,0.3647588426210295,0.7025342626322668,3.1951111603121682,0.46736892365393173,0.3623023920781921,15.016027872077112,16,82,12
2025-12-08,0.32430225947648783,0.45075967478957396,3.1943100846527055,0.4802860867741507,0.469232500123858,7.915851798133639,35,87,12
2025-12-09,0.8628095550217966,0.7235749357486088,3.1748650432142456,0.41016139981025207,0.3656200331152468,10.593934918223892,41,65,12
2025-12-10,1.0503550771466783,0.2736339444569475,3.1759953590704253,0.3219940945452551,0.23781481820778116,7.441205337455161,55,67,12
2025-12-11,1.982193059113034,1.1215866293815433,3.145012227525314,0.24628066721716455,0.28450004808523044,25.769030882166224,6,85,12
2025-12-12,1.8079492416393377,0.9327484239091387,3.197011870469342,0.26958661685879476,0.6680855579572668,9.46773282781811,34,51,12
2025-12-13,0.19898881437529428,0.31171350839645867,3.1976919008645583,0.4881225732304844,0.6224829417286631,4.8255628061456814,46,66,12
2025-12-14,-0.10065533914477683,0.17619962050033686,3.170305647243999,0.49333033357831324,0.5699310270271023,3.981935636852956,1,65,12
2025-12-15,0.5358028397309277,0.6128363926810636,3.1550926609012593,0.38985887688494153,0.28914406616416927,11.961920508264816,40,71,12
2025-12-16,0.8622475144305395,0.49596270677938153,3.154463620001785,0.34105364561002566,0.22710358340679235,9.575899130286462,48,87,12
2025-12-17,0.33332523129161357,0.4627823132644305,3.1475839828227237,0.4513959168097132,0.5858228603412315,7.365352127168311,34,66,12
2025-12-18,0.003386990485226095,0.29265196851118286,3.1506416723976045,0.5061155980206052,0.8146681733327293,4.304280762294158,0,11,12
2025-12-19,0.29417456404209963,0.4612296197899958,3.167597798206522,0.45459303379718774,0.40340303030739894,8.844185907706432,6,68,12
2025-12-20,0.5548346741388857,0.47967546209304157,3.2083309541172054,0.44244420692582637,0.5246956301339498,9.255507361013365,39,69,12
2025-12-21,0.3117277942577987,0.475739551472311,3.2135092369182896,0.46271807793477526,0.7481534280697731,7.0053587657444485,32,72,12
2025-12-22,0.10816431411720374,0.2979988058496028,3.218687592770228,0.5020508593314892,0.6626496028806375,4.748357517077977,17,31,12
2025-12-23,0.3506059911216219,0.4834131160036167,3.183503014437012,0.46647467949970906,0.3616588871097252,10.43486682635867,42,67,12
2025-12-24,0.42056387281046076,0.4370197553742626,3.1843577094229425,0.4227108764843952,0.4616606038367048,9.825502417317695,46,85,12
2025-12-25,0.7704579679426141,0.5222892461158631,3.2036405779666364,0.3747717617351322,0.5264329693623598,11.095330269230427,51,70,12
2025-12-26,0.879797066196614,0.31178171077999317,3.1827317435257765,0.3916608119170418,0.37605260082539543,7.346620268670262,37,64,12
2025-12-27,0.6557405455283501,0.5848723713818725,3.201965229692505,0.3957732618434599,0.5607710197950659,7.411580496026182,52,77,12
2025-12-28,0.28005170350584574,0.5958997063684228,3.181265028489236,0.4620557864939479,0.716681966179196,11.88918821394036,48,71,12
2025-12-29,0.8927306939110605,0.5007057630708386,3.1769857094913028,0.3113545307538333,0.4486177026734141,12.388222994463616,52,66,12
2025-12-30,1.8418815475784696,1.6474509602469976,3.147264458389522,0.2703141440065861,0.22471395849732487,31.55910942606037,50,82,12
2025-12-31,2.7110196929134958,0.9604778633298188,3.1371431895864714,0.19399080462147444,0.19114074319566124,22.57610161322132,0,10,12
