date,profit,oracle_profit,traded,charge_start,discharge_start,predicted_spread,top2_spread,top5_spread_mean,top5_spread_std,top1_top2_gap,top1_top5_mean_gap,top_candidate_count,oracle_charge_start,oracle_discharge_start,regret,profit_ratio_day,charge_start_gap,discharge_start_gap,fold
2025-09-01,6855.8347593911385,7673.0470813487245,1,46,71,6.591388907904975,6.578322703269425,6.582824540472538,0.011137571637194463,0.013066204635549639,0.00856436743243627,3321,53,66,817.212321957586,0.8934957242809018,-7,5,valid_2025_09
2025-09-02,5166.582525571859,7323.284979593634,1,31,75,6.849085685250691,6.82320742380039,6.840688347556961,0.012175857076483807,0.025878261450301032,0.0083973376937303,3321,44,81,2156.7024540217744,0.7055006789942716,-13,-6,valid_2025_09
2025-09-03,7206.793053197055,8892.914826968426,1,52,69,9.673877933855003,9.592749908684432,9.65949180640196,0.036446860366456967,0.08112802517057105,0.014386127453043684,3321,49,67,1686.1217737713714,0.8103971749894555,3,2,valid_2025_09
2025-09-04,6362.723674608944,8239.727158618583,1,51,69,8.467340485991997,8.177897697116897,8.303517443684003,0.15429178372786426,0.28944278887509967,0.16382304230799427,3321,55,73,1877.0034840096396,0.7722007722007721,-4,-4,valid_2025_09
2025-09-05,10679.373571726543,10689.375773343028,1,60,73,8.633795033659535,8.5979505023464,8.565029557527797,0.08838048356762226,0.03584453131313481,0.06876547613173756,3321,57,73,10.002201616485763,0.9990642857142856,3,0,valid_2025_09
2025-09-06,1402.8596785014547,7348.945844173331,1,64,81,7.496119585244383,7.414711906001742,7.35732308082016,0.08976026311047314,0.08140767924264125,0.13879650442422253,3321,35,88,5946.086165671877,0.19089264069264067,29,-7,valid_2025_09
2025-09-07,8303.354395364673,24814.622330974886,1,57,86,18.207432873627106,17.738999924619797,17.895726496579023,0.23518364815693607,0.46843294900730825,0.3117063770480826,3321,46,72,16511.267935610213,0.3346153846153846,11,14,valid_2025_09
2025-09-08,16457.50928328344,20080.27235006656,1,57,71,13.036706460585592,12.949502510269973,12.932698361752596,0.1092556496120749,0.08720395031561878,0.10400809883299544,3321,51,69,3622.763066783118,0.8195859596111947,6,2,valid_2025_09
2025-09-09,14284.314649497082,22555.85542648871,1,55,79,13.939259511899948,14.017193911268123,13.826988912580958,0.12734133479378065,-0.07793439936817492,0.11227059931898964,3321,48,73,8271.540776991627,0.6332863187588152,7,6,valid_2025_09
2025-09-10,6468.984341336751,6763.524364319911,1,57,73,2.9679444763117004,2.855313835468017,2.9267216265487854,0.04221777465407573,0.11263064084368324,0.041222849762915015,3321,52,76,294.54002298316027,0.9564516948387194,5,-3,valid_2025_09
2025-09-11,7953.404593261181,8893.14388502071,1,18,71,8.4127700762655,8.453346825027555,8.30567426085224,0.19169557685512656,-0.04057674876205475,0.10709581541326152,3321,39,62,939.7392917595298,0.8943299125810398,-21,9,valid_2025_09
2025-09-12,4986.606523711872,5677.372438083954,1,55,71,8.764339215485887,8.718122200077513,8.685953744447318,0.0658266146490737,0.04621701540837364,0.07838547103856897,3321,32,69,690.7659143720821,0.8783299982684935,23,2,valid_2025_09
2025-09-13,5454.540310913637,5455.46926857013,1,60,88,3.521727688895158,3.455574006742112,3.517339442649179,0.04178876760776833,0.06615368215304596,0.0043882462459792215,3321,23,88,0.9289576564933668,0.9998297199359466,37,0,valid_2025_09
2025-09-14,37209.70434155973,37794.00916340826,1,54,69,13.029594496634747,12.958728001705346,12.903499099739667,0.08829198557175483,0.07086649492940111,0.12609539689507976,3321,55,69,584.3048218485274,0.9845397502201422,-1,0,valid_2025_09
2025-09-15,7262.180562784526,7262.180562784526,1,55,75,8.636183521871692,8.698425865225325,8.63788829553814,0.04843764845457811,-0.06224234335363299,-0.0017047736664483892,3321,36,75,0.0,1.0,19,0,valid_2025_09
2025-09-16,31877.245609790814,32795.513890510374,1,48,88,6.226876365345909,6.197115396717379,6.178915987164765,0.07604172010160354,0.029760968628529838,0.04796037818114396,3321,46,65,918.2682807195597,0.9720001862515328,2,23,valid_2025_09
2025-09-17,32107.735274903527,34819.496291403484,1,49,88,15.998612584752536,16.034745865944117,15.951333301964137,0.08272894352876932,-0.036133281191581545,0.04727928278839855,3321,57,68,2711.761016499957,0.9221194645147851,-8,20,valid_2025_09
2025-09-18,26946.134761968882,32148.628499960232,1,46,69,10.841253205445241,11.011579153930555,10.796581556905815,0.23206278132480002,-0.17032594848531346,0.044671648539425846,3321,54,65,5202.49373799135,0.8381736957146466,-8,4,valid_2025_09
2025-09-19,5484.779155177216,13626.008169951016,1,46,71,12.001252929061764,11.952785016511449,11.892269702578915,0.07443353898681726,0.04846791255031491,0.10898322648284875,3321,1,83,8141.2290147737995,0.40252281422174824,45,-12,valid_2025_09
2025-09-20,13714.198701442936,14612.977959547172,1,49,66,6.63061021027945,6.592244049688688,6.570461816413124,0.05519131267772316,0.03836616059076192,0.06014839386632609,3321,36,66,898.7792581042359,0.9384944492086207,13,0,valid_2025_09
2025-09-21,661.3255919296674,3813.9215555012324,1,52,69,4.587544414586873,4.64268523373584,4.708456388772373,0.09257864880661121,-0.05514081914896707,-0.1209119741855007,3321,42,64,3152.595963571565,0.17339779602329938,10,5,valid_2025_09
2025-09-22,95.44085511913408,2920.585607500625,1,46,69,8.89907291656922,8.866789352520438,8.790130829025253,0.14542052913499998,0.03228356404878241,0.1089420875439675,3321,0,25,2825.144752381491,0.032678670631678675,46,44,valid_2025_09
2025-09-23,2816.710962150797,6171.437931417339,1,55,75,8.505988406603318,8.407518390896808,8.47889543242432,0.044464490466879246,0.0984700157065106,0.027092974178998475,3321,60,83,3354.7269692665423,0.4564108062744314,-5,-8,valid_2025_09
2025-09-24,14602.450833227527,15906.809186522361,1,55,75,18.562886830575,18.561067769166083,18.57085743690878,0.09327373998527695,0.0018190614089164114,-0.00797060633378166,3321,36,73,1304.3583532948342,0.9179999999999999,19,2,valid_2025_09
2025-09-25,3361.706877137589,14059.039236435716,1,49,67,5.769252838566835,5.775728898715634,5.7407985409435724,0.034218942196263216,-0.006476060148798979,0.028454297623262903,3321,15,62,10697.332359298127,0.23911355680872667,34,5,valid_2025_09
2025-09-26,4880.880325772732,21780.630718059863,1,52,69,9.719256444931688,9.914904186004534,9.831005601189272,0.0894204208287447,-0.19564774107284677,-0.1117491562575843,3321,0,15,16899.750392287133,0.22409269910286156,52,54,valid_2025_09
2025-09-27,2341.482312256094,2564.1776408674077,1,56,79,12.597493893905757,12.642924425757435,12.604522252987469,0.17141416755100503,-0.04543053185167878,-0.0070283590817119546,3321,55,88,222.69532861131393,0.9131513647642677,1,-9,valid_2025_09
2025-09-28,17143.057764242345,17425.75039574338,1,49,67,14.38389524299103,14.313700115777444,14.29808540120278,0.07504128845257525,0.07019512721358723,0.0858098417882509,3321,54,67,282.69263150103507,0.9837773051328631,-5,0,valid_2025_09
2025-10-01,10841.378060567598,10953.4288058393,1,0,21,6.605464856662816,6.456298682074627,6.594484784869385,0.09575003957339454,0.14916617458818848,0.010980071793430746,3321,0,19,112.05074527170109,0.989770258495498,0,2,valid_2025_10
2025-10-02,6744.487095085482,7057.176787350463,1,55,73,5.230090139682289,5.365330423274731,5.2567744831388605,0.07779291638801854,-0.13524028359244156,-0.026684343456571114,3321,58,71,312.6896922649812,0.955691957040745,-3,2,valid_2025_10
2025-10-03,8626.962521455283,8844.185907706433,1,52,73,6.270503887030753,6.21080334455629,6.2260852636494475,0.06067252877668805,0.05970054247446299,0.04441862338130509,3321,34,71,217.22338625114935,0.9754388489208633,18,2,valid_2025_10
2025-10-04,10029.535877391383,14344.219692893525,1,0,66,11.087277579512104,11.394908581240927,11.123229811809912,0.17565644721797904,-0.3076310017288222,-0.03595223229780764,3321,0,83,4314.683815502141,0.699204006360852,0,-17,valid_2025_10
2025-10-05,14054.505795817557,27690.118497155396,1,31,62,9.422587087850275,9.34305064879139,9.37034474540754,0.0759953221282865,0.07953643905888441,0.05224234244273518,3321,16,75,13635.61270133784,0.5075639455014024,15,-13,valid_2025_10
2025-10-06,3670.152632711607,16639.969928738366,1,52,73,8.86132491515778,8.911779788707307,8.848528463445428,0.03906943504539697,-0.05045487354952627,0.012796451712352663,3321,5,21,12969.817296026758,0.22056245584753145,47,52,valid_2025_10
2025-10-07,12812.68983488229,13434.693794502875,1,46,66,7.199026985046125,7.222687951664881,7.143532788391805,0.05981775060583603,-0.023660966618756163,0.05549419665431987,3321,42,66,622.0039596205843,0.9537016645757054,4,0,valid_2025_10
2025-10-08,-15925.89735754619,17107.04156688222,1,46,88,4.408216149878903,4.407606263335296,4.390951643309052,0.022193033929626054,0.0006098865436072742,0.01726450656985179,3321,30,47,33032.93892442841,-0.9309556708143724,16,41,valid_2025_10
2025-10-09,1576.2693495292478,11716.462535707591,1,28,69,10.108080502150784,10.072123640068796,10.144884680173279,0.047569161791680734,0.03595686208198856,-0.03680417802249458,3321,64,88,10140.193186178343,0.13453457856629866,-36,-19,valid_2025_10
2025-10-10,4505.746863365137,24860.30350559674,1,48,66,7.345989693228418,7.653634929270211,7.354050848668462,0.2176955105152704,-0.30764523604179317,-0.0080611554400436,3321,25,63,20354.556642231604,0.18124263295300352,23,3,valid_2025_10
2025-10-11,23309.004665128494,23880.72083818681,1,33,64,10.119327136788293,9.98418779439806,9.873288389122642,0.21478999157300685,0.1351393423902323,0.2460387476656507,3321,39,64,571.7161730583175,0.9760595093869986,-6,0,valid_2025_10
2025-10-12,9892.304653177416,10051.37274504264,1,51,69,4.876198068618656,4.806772048279953,4.936469787438273,0.08419638151612346,0.06942602033870315,-0.06027171881961646,3321,49,70,159.06809186522332,0.984174490798416,2,-1,valid_2025_10
2025-10-13,6455.4190144624845,6560.079456186127,1,52,69,6.986008578149761,6.9711318863558525,6.975148389073209,0.04327418933195709,0.014876691793908492,0.01086018907655184,3321,47,68,104.66044172364218,0.9840458576115343,5,1,valid_2025_10
2025-10-14,8996.671761930274,23334.18514407076,1,55,73,6.073778008110555,6.256099464715215,6.12306152609721,0.14706275647387299,-0.18232145660465982,-0.04928351798665531,3321,45,82,14337.513382140487,0.3855575717078913,10,-9,valid_2025_10
2025-10-15,-132.53235278026727,14486.121156284655,1,0,64,13.286995059729751,13.024700962833553,12.987186413328914,0.23910344743517434,0.2622940968961984,0.2998086464008374,3321,11,23,14618.653509064921,-0.009148919255225853,-11,41,valid_2025_10
2025-10-16,882.4811414117254,4568.566034204552,1,52,73,2.8648121705367657,2.8992442431301058,2.845946926930465,0.06676473367097062,-0.034432072593340024,0.01886524360630082,3321,39,61,3686.084892792827,0.1931637049360012,13,12,valid_2025_10
2025-10-17,5525.729644747,15486.258602525406,1,49,66,13.088635494872541,12.937555316171014,12.979658304151794,0.0882689771052651,0.1510801787015268,0.10897719072074707,3321,0,73,9960.528957778406,0.35681501817655925,49,-7,valid_2025_10
2025-10-18,-432.66520987340823,3072.1838617718595,1,54,62,4.0494763799278815,3.9783103130047124,3.9155083359799447,0.10606553438479178,0.07116606692316907,0.1339680439479367,3321,0,14,3504.849071645268,-0.14083311069275384,54,48,valid_2025_10
2025-10-19,10805.603646707112,13575.663118875675,1,48,88,9.437086436024622,9.40255891093323,9.369351905962606,0.07131876384088952,0.03452752509139145,0.06773453006201535,3321,46,74,2770.059472168563,0.7959540209629202,2,14,valid_2025_10
2025-10-20,3145.53334029275,7375.971512981234,1,49,88,12.416922309921532,12.46215607102576,12.398564601009403,0.055460064926594305,-0.045233761104228165,0.018357708912128956,3321,53,63,4230.438172688484,0.42645681789264156,-4,25,valid_2025_10
2025-10-21,1835.57579016426,3713.886813889032,1,33,62,6.314938543511772,6.191294190670618,6.270584444783668,0.11425246530836548,0.12364435284115416,0.04435409872810414,3321,38,88,1878.311023724772,0.4942465621999178,-5,-26,valid_2025_10
2025-10-22,1543.7558315519957,18265.779444798118,1,52,64,8.212449731505586,8.058670553194531,8.033844035622257,0.11361355178154012,0.15377917831105492,0.17860569588332886,3321,5,39,16722.02361324612,0.08451628556106537,47,25,valid_2025_10
2025-10-23,1465.2334586836473,6028.1048551994245,1,49,66,7.93107995181461,8.292683861487518,8.130431681803111,0.17580003746329995,-0.36160390967290823,-0.1993517299885017,3321,55,63,4562.871396515777,0.2430670158996718,-6,3,valid_2025_10
2025-10-24,15286.01732576179,18973.215695197672,1,54,69,8.012470947525784,7.978047417047918,7.939623847762403,0.1320189606154812,0.03442353047786639,0.07284709976338188,3321,47,85,3687.1983694358823,0.8056629709654778,7,-16,valid_2025_10
2025-10-25,7026.161690798583,11193.12215074733,1,57,73,7.171927310598697,7.044962476287871,7.051218539633926,0.12092612418970068,0.12696483431082584,0.12070877096477073,3321,53,66,4166.960459948747,0.6277213449626714,4,7,valid_2025_10
2025-10-26,12930.613374105655,19018.18106340614,1,46,69,9.43570467181501,9.39709117946213,9.43312126970643,0.05570157297956952,0.03861349235288003,0.002583402108580657,3321,48,74,6087.567689300486,0.6799079959852792,-2,-5,valid_2025_10
2025-10-27,15574.312335458322,23751.87568377598,1,46,69,13.068971093169267,13.135154399294574,13.123193974486762,0.03594597836073685,-0.06618330612530698,-0.05422288131749475,3321,48,81,8177.563348317657,0.6557087340304898,-2,-12,valid_2025_10
2025-10-28,9960.8948143897,10870.337997372579,1,52,69,5.261387060648403,5.261169567972821,5.229616464180755,0.03929101413487648,0.00021749267558135443,0.03177059646764757,3321,49,76,909.4431829828791,0.9163371752375412,3,-7,valid_2025_10
2025-10-29,18469.746096273215,18469.746096273215,1,0,88,20.199339273334942,19.91575398580291,20.04697353341062,0.1384943288290396,0.28358528753203416,0.15236573992432412,3321,0,88,0.0,1.0,0,0,valid_2025_10
2025-10-30,14139.817194846712,15900.032885808903,1,47,66,8.417454188730616,8.305204861931813,8.269955767547481,0.08286248466147793,0.1122493267988034,0.14749842118313516,3321,54,66,1760.2156909621917,0.8892948396016703,-7,0,valid_2025_10
2025-10-31,9760.418116850122,10358.816371637906,1,49,69,5.969164625709244,6.0100004985399025,5.957086918505565,0.10413365369352318,-0.040835872830658815,0.0120777072036784,3321,47,86,598.398254787784,0.942232950819924,2,-17,valid_2025_10
2025-11-01,9442.622338836267,12869.17809566547,1,48,81,15.833326731354571,15.799098960823333,15.744398091247357,0.07939278704550336,0.03422777053123838,0.08892864010721446,3321,50,88,3426.5557568292024,0.7337393475047705,-2,-7,valid_2025_11
2025-11-02,10517.232284326481,10517.232284326481,1,53,66,5.190510308723432,5.162041738764529,5.0999706712680055,0.09690104385695042,0.028468569958903345,0.09053963745542681,3321,53,66,0.0,1.0,0,0,valid_2025_11
2025-11-03,13361.719716678785,13361.719716678785,1,48,88,13.681647013399193,13.66475749952311,13.944018073029913,0.22204710669196084,0.016889513876082063,-0.2623710596307198,3321,38,88,0.0,1.0,10,0,valid_2025_11
2025-11-04,6814.664755854583,7323.682649823299,1,49,69,7.800594653513869,7.880039915805256,7.764522323479852,0.1550168829554297,-0.0794452622913866,0.036072330034016886,3321,51,68,509.0178939687157,0.9304970029004469,-2,1,valid_2025_11
2025-11-05,-1081.6630246835202,5662.824070401963,1,48,62,3.2511580024590074,3.2772401022345576,3.150825067675515,0.16050836316136632,-0.026082099775550205,0.10033293478349226,3321,0,22,6744.487095085483,-0.19101123595505606,48,40,valid_2025_11
2025-11-06,613.325204528417,922.5949328182962,1,49,66,2.1318756146288393,2.139800648949823,2.125644421567988,0.040459204904748934,-0.00792503432098357,0.006231193060851403,3321,51,64,309.26972828987925,0.6647827586206898,-2,2,valid_2025_11
2025-11-07,515.7814692348251,6793.795022201863,1,48,88,4.593723951453406,4.516826337074686,4.532187671424761,0.04243253215108568,0.07689761437871923,0.061536280028644974,3321,29,73,6278.013552967038,0.07591949235284122,19,15,valid_2025_11
2025-11-08,7849.316796668253,8037.637510627492,1,49,88,4.978927321312668,4.947447065130676,4.9299070640655565,0.0470740622183598,0.03148025618199135,0.04902025724711123,3321,49,86,188.32071395923867,0.9765701409512139,0,2,valid_2025_11
2025-11-09,12537.50521731729,12573.171464875311,1,49,71,9.760679932185447,9.641041488595803,9.782035331259078,0.08915554773490549,0.11963844358964337,-0.02135539907363082,3321,37,71,35.666247558021496,0.9971633054032819,12,0,valid_2025_11
2025-11-10,10588.335721390238,11155.171685390123,1,49,73,9.007947102170505,9.013623278969305,8.996405809703358,0.038703536328685215,-0.005676176798800725,0.011541292467146747,3321,39,68,566.8359639998853,0.9491862626603705,10,5,valid_2025_11
2025-11-11,7316.425963472405,7485.846206756217,1,49,71,4.561469701410431,4.445839150334983,4.491476501488774,0.06379136487254991,0.11563055107544784,0.0699931999216572,3321,55,69,169.42024328381194,0.9773679235981492,-6,2,valid_2025_11
2025-11-12,10139.003356851192,10483.503486127382,1,49,71,10.198536754939157,10.1654580366942,10.17928588258873,0.024697140542478693,0.03307871824495656,0.019250872350427883,3321,44,68,344.5001292761899,0.9671388358164749,5,3,valid_2025_11
2025-11-13,9324.644716461666,9537.757783219018,1,51,71,4.805291772775767,4.782749515478706,4.734715856567243,0.06436057042390421,0.022542257297061497,0.07057591620852399,3321,40,68,213.1130667573525,0.977655852496872,11,3,valid_2025_11
2025-11-14,3440.801895136652,3791.5724885941686,1,48,73,4.939874782538947,4.917631550283234,4.946231322580353,0.04160482412502467,0.022243232255712897,-0.006356540041405623,3321,35,66,350.7705934575165,0.907486776393513,13,7,valid_2025_11
2025-11-15,8175.368208649915,8345.596517840402,1,49,73,6.822855604817715,6.804533310482395,7.024074274230665,0.17210028834702334,0.018322294335320066,-0.20121866941295075,3321,47,77,170.22830919048738,0.9796026193182729,2,-4,valid_2025_11
2025-11-16,8914.175868127131,9645.889090707162,1,48,73,5.987733695057791,6.01106872975069,6.056929216647564,0.09790522801423897,-0.02333503469289866,-0.06919552158977282,3321,59,78,731.7132225800306,0.9241424802110816,-11,-5,valid_2025_11
2025-11-17,7303.570080287858,7342.583120498723,1,49,73,5.075667598282784,5.1278907003844765,5.0730795873372445,0.0541632692118897,-0.05222310210169212,0.0025880109455398426,3321,52,74,39.01304021086435,0.9946867417677644,-3,-1,valid_2025_11
2025-11-18,8503.38570224703,10104.393321423157,1,51,71,8.302443493698426,8.182895233448846,8.23287439470044,0.05821209209136499,0.1195482602495801,0.06956909899798625,3321,48,67,1601.0076191761273,0.8415533156471948,3,4,valid_2025_11
2025-11-19,8716.931434214255,10200.934927737997,1,46,88,7.991502397724723,7.985130434138799,7.986261808310752,0.024063660297833966,0.0063719635859236234,0.005240589413970653,3321,35,68,1484.0034935237418,0.8545227957989914,11,20,valid_2025_11
2025-11-20,8526.049723975986,8685.117815841211,1,53,69,6.174755003806631,6.107748664960482,6.159696671378192,0.14811348994373733,0.0670063388461486,0.015058332428438348,3321,39,70,159.06809186522514,0.9816849816849815,14,-1,valid_2025_11
2025-11-21,7103.440151188545,7103.440151188545,1,52,67,6.0129652416378505,5.914310916353379,5.915351072574479,0.08621301782562343,0.09865432528447116,0.09761416906337139,3321,36,67,0.0,1.0,16,0,valid_2025_11
2025-11-22,2126.702211895992,6264.524578776868,1,49,88,4.183691358454322,4.189839675478449,4.149162020001354,0.03996043387291967,-0.0061483170241274365,0.034529338452967906,3321,38,71,4137.822366880876,0.3394834173212271,11,17,valid_2025_11
2025-11-23,5747.464202083447,6269.694291762487,1,46,73,5.564929108022891,5.5593033033254855,5.560574598716325,0.012852471979306543,0.005625804697405812,0.004354509306566001,3321,52,75,522.2300896790402,0.9167056533577437,-6,-2,valid_2025_11
2025-11-24,7308.85432229962,10017.17946801529,1,55,73,6.383329827364541,6.46677606580176,6.401214219581691,0.04762151374896632,-0.08344623843721877,-0.01788439221714988,3321,50,66,2708.3251457156703,0.729631963332262,5,7,valid_2025_11
2025-11-25,1.9151798260573116,1565.2300239538001,1,49,88,4.267989160518706,4.292807176534453,4.310685511329708,0.027350933945426356,-0.024818016015746736,-0.04269635081100187,3321,50,76,1563.3148441277428,0.0012235772357723702,-1,12,valid_2025_11
2025-11-26,7693.910452277767,7918.575043866372,1,49,79,5.768923427406033,5.760405566778342,5.723016652313513,0.03452874188403397,0.00851786062769122,0.04590677509252039,3321,51,80,224.6645915886047,0.9716281540120495,-2,-1,valid_2025_11
2025-11-27,2305.8351528690946,3235.7981197025892,1,49,73,5.389972484610716,5.375841996650156,5.357946916442958,0.04314741630696542,0.0141304879605606,0.032025568167758145,3321,13,68,929.9629668334946,0.7126016727771107,36,5,valid_2025_11
2025-11-28,4122.787250837774,6405.093051558166,1,49,88,4.164804665322539,4.226621692114559,4.179099482538343,0.04681739442344253,-0.06181702679202061,-0.014294817215804834,3321,43,84,2282.3058007203917,0.6436732796309375,6,4,valid_2025_11
2025-11-29,4978.936260322131,5801.283300285127,1,52,73,4.326132459435712,4.221000035317047,4.279345618897851,0.03895230775658848,0.10513242411866486,0.04678684053786064,3321,35,67,822.347039962996,0.8582473915861722,17,6,valid_2025_11
2025-11-30,8844.185907706433,10816.630246835208,1,46,73,8.440603912998366,8.838004096195768,8.701115727908936,0.1523464400823605,-0.39740018319740145,-0.2605118149105703,3321,53,88,1972.444339128775,0.8176470588235293,-7,-15,valid_2025_11
2025-12-01,6052.6172481558515,7602.923503730859,1,55,88,4.422944522865507,4.4491526972103514,4.349949645586119,0.09194732160041481,-0.026208174344844792,0.07299487727938736,3321,28,37,1550.3062555750075,0.7960907728699032,27,51,valid_2025_12
2025-12-02,6566.330832196431,7113.525068212801,1,48,71,5.3627793828591095,5.349970726122727,5.366471313090884,0.014427893933237866,0.012808656736382318,-0.0036919302317741653,3321,41,74,547.1942360163694,0.923076923076923,7,-3,valid_2025_12
2025-12-03,8099.7472377771865,9007.214795059102,1,48,69,6.893695572282745,6.883283282286451,6.830990821275387,0.0902760718370531,0.010412289996294177,0.06270475100735773,3321,55,74,907.467557281916,0.8992510362049203,-7,-5,valid_2025_12
2025-12-04,10537.691622302187,11898.293271518725,1,51,66,6.014304280211078,5.998554408257057,5.931703238548214,0.06742023355102407,0.015749871954021444,0.08260104166286464,3321,47,67,1360.6016492165381,0.8856473262032086,4,-1,valid_2025_12
2025-12-05,3476.7926416020773,4598.152699291484,1,48,73,3.4106403694242275,3.391487384826371,3.394594864663394,0.030759293423262852,0.019152984597856637,0.016045504760833662,3321,58,85,1121.3600576894069,0.7561281386191907,-10,-12,valid_2025_12
2025-12-06,437.4531594385513,1382.2635419667454,1,48,71,3.784137296052115,3.706377719275115,3.7351364631700035,0.037486789925264885,0.0777595767770003,0.049000832882111656,3321,35,88,944.810382528194,0.3164759440997219,13,-17,valid_2025_12
2025-12-07,10275.798734493446,15016.027872077111,1,49,71,10.515928952349206,10.520141685215126,10.470656826443337,0.0518911531680396,-0.004212732865919833,0.04527212590586949,3321,17,83,4740.229137583665,0.684322033898305,32,-12,valid_2025_12
2025-12-08,6468.201726324774,7915.851798133639,1,48,71,6.999918728605785,6.9821209031225955,6.942388719574789,0.05274331218284563,0.0177978254831892,0.057530009030995366,3321,35,87,1447.6500718088646,0.8171201143318292,13,-16,valid_2025_12
2025-12-09,9957.662550763,10593.934918223893,1,52,71,9.75646341449665,9.725098379115487,9.688231801791483,0.05026197078049984,0.031365035381163864,0.06823161270516742,3321,41,65,636.2723674608933,0.9399399399399401,11,6,valid_2025_12
2025-12-10,4094.0277398285416,7441.205337455161,1,50,88,17.504528424345054,17.476410071543015,17.400077581347,0.10277833138321338,0.028118352802039226,0.1044508429980553,3321,55,67,3347.177597626619,0.5501834117144078,-5,21,valid_2025_12
2025-12-11,4474.903560352471,25769.030882166226,1,53,66,3.826977292466168,3.775900874295374,3.7616933856194494,0.0661428974260062,0.05107641817079411,0.06528390684671859,3321,6,85,21294.127321813754,0.17365432098765432,47,-19,valid_2025_12
2025-12-12,-7083.890682698308,9467.732827818112,1,55,68,3.444360737849223,3.423822039476235,3.4255270723033235,0.03351042725303787,0.02053869837298805,0.018833665545899603,3321,34,51,16551.62351051642,-0.7482140456989245,21,17,valid_2025_12
2025-12-13,3713.209183817685,4825.562806145682,1,48,68,6.746520410766829,6.722028789440445,6.715638454981421,0.025436574618805344,0.024491621326383495,0.03088195578540809,3321,46,66,1112.353622327997,0.7694872770257307,2,2,valid_2025_12
2025-12-14,2664.708674926226,3981.9356368529566,1,48,68,6.860999189016541,6.847424666452156,6.855050945906671,0.02218035868112576,0.01357452256438485,0.005948243109870077,3321,56,65,1317.2269619267304,0.6691993336768812,-8,3,valid_2025_12
2025-12-15,11834.666034772636,11961.920508264815,1,46,88,12.747716427948195,12.76462119593117,12.768406431523047,0.16182804283450813,-0.016904767982975244,-0.02069000357485251,3321,40,82,127.25447349217939,0.9893617021276595,6,6,valid_2025_12
2025-12-16,9257.762946556015,9575.899130286462,1,51,68,9.76186805870529,9.753058146626145,9.710792035696773,0.05276015380781065,0.008809912079144055,0.0510760230085161,3321,48,87,318.13618373044665,0.9667774086378739,3,-19,valid_2025_12
2025-12-17,6971.299105914267,7365.352127168311,1,48,68,6.7520961732392735,6.729672063878176,6.726468537640533,0.02095880299604975,0.022424109361097067,0.025627635598740817,3321,34,66,394.0530212540443,0.9464990927181179,14,2,valid_2025_12
2025-12-18,373.625496896712,4304.280762294157,1,48,73,3.5083985897597474,3.493615372901714,3.577097942074773,0.09790789758283888,0.014783216858033299,-0.06869935231502566,3321,0,11,3930.6552653974454,0.08680323555324297,48,62,valid_2025_12
2025-12-19,8079.284718439643,8844.185907706433,1,0,68,9.226022975386377,9.206891805663973,9.253901071993749,0.18072085371373517,0.01913116972240303,-0.02787809660737217,3321,6,70,764.9011892667895,0.9135136690647482,-6,-2,valid_2025_12
2025-12-20,8969.184795655961,9255.507361013366,1,48,68,7.9089589751355724,7.8802365697882415,7.8755893344243635,0.030222269387033932,0.028722405347330948,0.03336964071120896,3321,39,69,286.3225653574045,0.9690646277735707,9,-1,valid_2025_12
2025-12-21,5987.322977807016,7005.358765744448,1,48,68,5.884103490877894,5.868294428258398,5.851450300856185,0.036743201975252625,0.015809062619496217,0.0326531900217093,3321,40,72,1018.0357879374315,0.8546775658492279,8,-4,valid_2025_12
2025-12-22,1620.9483951723505,4748.357517077977,1,49,68,3.49363945263414,3.4594919268438584,3.4082098091329462,0.09471968984696474,0.03414752579028146,0.08542964350119364,3321,17,31,3127.4091219056263,0.341370334761533,32,37,valid_2025_12
2025-12-23,9658.535004010446,10434.86682635867,1,0,68,9.990704712260627,9.968361467242154,9.88079215398605,0.1155139828451117,0.022343245018472402,0.10991255827457636,3321,42,67,776.3318223482238,0.9256021341463415,-42,1,valid_2025_12
2025-12-24,9596.444365031773,9825.502417317695,1,48,88,9.395725528953996,9.366059789058992,9.35881066998569,0.02561669135068344,0.02966573989500354,0.03691485896830571,3321,46,85,229.0580522859218,0.976687395457539,2,3,valid_2025_12
2025-12-25,10969.936892413072,11095.330269230428,1,48,68,10.775237621157206,10.758876089595137,10.76124190578516,0.009014244014953942,0.016361531562068876,0.01399571537204558,3321,51,70,125.3933768173556,0.9886985449036072,-3,-2,valid_2025_12
2025-12-26,2708.347415248532,7346.620268670262,1,50,88,9.714262968220396,9.63257157287672,9.613670892917646,0.0725839937947464,0.08169139534367531,0.1005920753027496,3321,37,66,4638.272853421729,0.3686521578906572,13,22,valid_2025_12
2025-12-27,1958.4749793011688,7411.580496026181,1,49,68,5.5806863749421325,5.55769777721013,5.5783903058712765,0.011279992687622576,0.022988597732002347,0.0022960690708559994,3321,52,77,5453.105516725012,0.2642452551586307,-3,-9,valid_2025_12
2025-12-28,11889.18821394036,11889.18821394036,1,48,71,10.054068682201507,10.032232859589582,10.005531823312257,0.05825692437820768,0.021835822611924627,0.048536858889249856,3321,48,71,0.0,1.0,0,0,valid_2025_12
2025-12-29,11056.1072591383,12388.222994463616,1,49,88,13.925647465317141,13.92708562748792,13.918598945524547,0.008053491084846875,-0.001438162170778412,0.007048519792594021,3321,52,66,1332.1157353253166,0.8924691833590138,-3,22,valid_2025_12
2025-12-30,4040.32953337668,31559.109426060364,1,51,73,12.25006655072221,12.235402899507235,12.19122521753322,0.04774276258685115,0.014663651214974038,0.05884133318899032,3321,50,82,27518.779892683684,0.12802419354838712,1,-9,valid_2025_12
2025-12-31,4517.533808972348,22576.101613221315,1,49,71,7.784759574150584,7.843146481671667,7.827211216590863,0.06376818332086098,-0.058386907521082776,-0.04245164244027855,3321,0,10,18058.567804248967,0.20010247501396478,49,61,valid_2025_12
