fold,segment,train_rows,best_iteration
valid_2025_09,00_24,4320,87
valid_2025_09,24_40,2880,81
valid_2025_09,40_56,2880,54
valid_2025_09,56_72,2880,500
valid_2025_09,72_88,2880,119
valid_2025_09,88_96,1440,176
valid_2025_10,00_24,4296,453
valid_2025_10,24_40,2864,252
valid_2025_10,40_56,2864,265
valid_2025_10,56_72,2864,493
valid_2025_10,72_88,2864,99
valid_2025_10,88_96,1432,398
valid_2025_11,00_24,4296,111
valid_2025_11,24_40,2864,100
valid_2025_11,40_56,2864,171
valid_2025_11,56_72,2864,135
valid_2025_11,72_88,2864,77
valid_2025_11,88_96,1432,67
valid_2025_12,00_24,4296,121
valid_2025_12,24_40,2864,499
valid_2025_12,40_56,2864,108
valid_2025_12,56_72,2864,95
valid_2025_12,72_88,2864,91
valid_2025_12,88_96,1432,271
