date,profit,oracle_profit,traded,charge_start,discharge_start,predicted_spread,oracle_charge_start,oracle_discharge_start,regret,profit_ratio_day,charge_start_gap,discharge_start_gap,fold
2025-09-01,7460.293508478988,7673.0470813487245,1,54,71,4.707951969618497,53,66,212.75357286973667,0.9722726094843224,1,5,valid_2025_09
2025-09-02,5357.464235810128,7323.284979593634,1,9,76,7.275532428347063,44,81,1965.8207437835053,0.7315657182178116,-35,-5,valid_2025_09
2025-09-03,7811.251802284905,8892.914826968426,1,51,69,8.323447675910062,49,67,1081.6630246835211,0.8783679990498394,2,2,valid_2025_09
2025-09-04,4676.601900837574,8239.727158618583,1,49,70,6.49139850875511,55,73,3563.125257781009,0.5675675675675675,-6,-3,valid_2025_09
2025-09-05,8112.472685126405,10689.375773343028,1,53,81,10.00238894363739,57,73,2576.9030882166235,0.7589285714285714,-4,8,valid_2025_09
2025-09-06,7189.877752308108,7348.945844173331,1,55,88,6.384681099867201,35,88,159.06809186522332,0.9783549783549784,20,0,valid_2025_09
2025-09-07,7189.877752308108,24814.622330974886,1,61,86,9.307404783019788,46,72,17624.744578666778,0.28974358974358977,15,14,valid_2025_09
2025-09-08,7327.000810219607,20080.27235006656,1,58,76,9.969685001263107,51,69,12753.271539846952,0.36488552956281595,7,7,valid_2025_09
2025-09-09,17783.812670532003,22555.85542648871,1,40,76,10.962573841777393,48,73,4772.042755956707,0.7884344146685474,-8,3,valid_2025_09
2025-09-10,4426.410061866438,6763.524364319911,1,46,72,3.2639887458646046,52,76,2337.114302453473,0.6544531849722293,-6,-4,valid_2025_09
2025-09-11,5949.146635759364,8893.14388502071,1,10,75,9.423959887132082,39,62,2943.997249261347,0.6689587746106178,-29,13,valid_2025_09
2025-09-12,4353.464616298885,5677.372438083954,1,54,70,5.305232355555869,32,69,1323.9078217850692,0.76680976345602,22,1,valid_2025_09
2025-09-13,5454.540310913637,5455.46926857013,1,60,88,4.39735842090238,23,88,0.9289576564933668,0.9998297199359466,37,0,valid_2025_09
2025-09-14,23535.714872378485,37794.00916340826,1,34,71,8.708445354970008,55,69,14258.294291029772,0.6227366557122367,-21,2,valid_2025_09
2025-09-15,6967.182423696794,7262.180562784526,1,48,85,7.980475127508873,36,75,294.99813908773194,0.9593788481934108,12,10,valid_2025_09
2025-09-16,16034.063660014544,32795.513890510374,1,11,76,6.44602466880905,46,65,16761.45023049583,0.48891027332412434,-35,11,valid_2025_09
2025-09-17,21563.645933946515,34819.496291403484,1,46,72,8.843147296515676,57,68,13255.85035745697,0.6192980436443108,-11,4,valid_2025_09
2025-09-18,24346.962140891133,32148.628499960232,1,45,73,8.454494693632435,54,65,7801.666359069099,0.7573250641445326,-9,8,valid_2025_09
2025-09-19,4298.131189862648,13626.008169951016,1,44,69,7.757943775589657,1,83,9327.876980088367,0.31543582950002735,43,-14,valid_2025_09
2025-09-20,12016.003659498994,14612.977959547172,1,47,68,4.27828783520499,36,66,2596.9743000481776,0.82228302080265,11,2,valid_2025_09
2025-09-21,767.9648407161134,3813.9215555012324,1,54,67,0.9588354509619247,42,64,3045.956714785119,0.20135832096714062,12,3,valid_2025_09
2025-09-22,127.2544734921787,2920.585607500625,1,45,71,5.636278823630619,0,25,2793.3311340084465,0.043571560842238205,45,46,valid_2025_09
2025-09-23,5229.754827575216,6171.437931417339,1,58,83,7.900850279354647,60,83,941.6831038421233,0.8474126914493888,-2,0,valid_2025_09
2025-09-24,14793.332543465796,15906.809186522361,1,41,75,10.191592760402923,36,73,1113.476643056565,0.93,5,2,valid_2025_09
2025-09-25,550.3755978536738,14059.039236435716,1,56,69,2.532028451355538,15,62,13508.663638582042,0.039147454431118466,41,7,valid_2025_09
2025-09-26,4581.161045718441,21780.630718059863,1,50,71,7.887975207844798,0,15,17199.469672341424,0.2103318817999093,50,56,valid_2025_09
2025-09-27,2236.497371625047,2564.1776408674077,1,53,87,9.548094247941078,55,88,327.68026924236074,0.8722084367245658,-2,-1,valid_2025_09
2025-09-28,16906.70803062532,17425.75039574338,1,46,68,6.974130356974289,54,67,519.0423651180608,0.970214059461976,-8,1,valid_2025_09
2025-10-01,-8469.695080389974,10953.4288058393,1,18,38,4.311348114787648,0,19,19423.123886229274,-0.7732460063897763,18,19,valid_2025_10
2025-10-02,1476.9249634357402,7057.176787350463,1,42,74,3.038521552310818,58,71,5580.251823914723,0.20927985906248422,-16,3,valid_2025_10
2025-10-03,8398.795250483807,8844.185907706433,1,35,82,7.633308574219022,34,71,445.39065722262603,0.9496402877697842,1,11,valid_2025_10
2025-10-04,1874.2929637242569,14344.219692893525,1,9,72,5.473849207782443,0,83,12469.926729169267,0.13066538325907176,9,-11,valid_2025_10
2025-10-05,17631.403168992256,27690.118497155396,1,26,68,3.600372211464239,16,75,10058.71532816314,0.6367398958875358,10,-7,valid_2025_10
2025-10-06,11128.572319068422,16639.969928738366,1,51,70,6.568770601904112,5,21,5511.397609669944,0.668785602782167,46,49,valid_2025_10
2025-10-07,12408.488269367244,13434.693794502875,1,50,67,3.3125693459951666,42,66,1026.2055251356305,0.9236152650121786,8,1,valid_2025_10
2025-10-08,-2958.666508693159,17107.04156688222,1,57,88,2.7424297983843307,30,47,20065.708075575378,-0.17295021451405637,27,41,valid_2025_10
2025-10-09,-937.006501941285,11716.462535707591,1,28,68,5.838389557767737,64,88,12653.469037648876,-0.07997349874892905,-36,-20,valid_2025_10
2025-10-10,-1818.800469196155,24860.30350559674,1,49,67,3.9544230755791996,25,63,26679.103974792895,-0.0731608312338863,24,4,valid_2025_10
2025-10-11,16199.484931468862,23880.72083818681,1,46,68,6.248561331061546,39,64,7681.23590671795,0.6783499141937476,7,4,valid_2025_10
2025-10-12,9701.422942939147,10051.37274504264,1,52,68,4.899860505798696,49,70,349.9498021034924,0.965183879756515,3,-2,valid_2025_10
2025-10-13,6530.343267092842,6560.079456186127,1,52,68,4.0340394493760785,47,68,29.736189093284338,0.9954670992490429,5,0,valid_2025_10
2025-10-14,23244.559818390222,23334.18514407076,1,51,82,6.1409511768774365,45,82,89.62532568053939,0.9961590548319056,6,0,valid_2025_10
2025-10-15,1405.172528557175,14486.121156284655,1,0,69,7.354107293578177,11,23,13080.94862772748,0.09700129616460892,-11,46,valid_2025_10
2025-10-16,-2451.8214848593234,4568.566034204552,1,16,40,2.280028214905958,39,61,7020.3875190638755,-0.5366720030974047,-23,-21,valid_2025_10
2025-10-17,4850.2247231084675,15486.258602525406,1,47,66,7.793651337865881,0,73,10636.033879416938,0.3131953848631665,47,-7,valid_2025_10
2025-10-18,-5395.958714041514,3072.1838617718595,1,28,39,4.279482191373816,0,14,8468.142575813374,-1.756391855704051,28,25,valid_2025_10
2025-10-19,8977.424522814585,13575.663118875675,1,45,67,5.573468335074621,46,74,4598.23859606109,0.6612881038814469,-1,-7,valid_2025_10
2025-10-20,3395.177985027869,7375.971512981234,1,51,88,7.242548098608753,53,63,3980.793527953365,0.4603024807040774,-2,25,valid_2025_10
2025-10-21,2100.080576041428,3713.886813889032,1,49,84,4.57560532391615,38,88,1613.8062378476043,0.5654670379796277,11,-4,valid_2025_10
2025-10-22,1305.3445754643997,18265.779444798118,1,49,88,4.60924521141961,5,39,16960.43486933372,0.0714639405019284,44,49,valid_2025_10
2025-10-23,623.2924111646901,6028.1048551994245,1,50,73,6.15285620854188,55,63,5404.812444034735,0.1033977387813819,-5,10,valid_2025_10
2025-10-24,15286.01732576179,18973.215695197672,1,50,68,7.262205705317663,47,85,3687.1983694358823,0.8056629709654778,3,-17,valid_2025_10
2025-10-25,7026.161690798583,11193.12215074733,1,57,88,8.07755737152504,53,66,4166.960459948747,0.6277213449626714,4,22,valid_2025_10
2025-10-26,12106.990608045899,19018.18106340614,1,44,67,7.9070648622009285,48,74,6911.190455360242,0.636600869856139,-4,-7,valid_2025_10
2025-10-27,16578.623728429622,23751.87568377598,1,38,75,10.468513663349052,48,81,7173.251955346357,0.697992190139066,-10,-6,valid_2025_10
2025-10-28,7847.71657166409,10870.337997372579,1,45,67,3.233936434481233,49,76,3022.6214257084885,0.7219385978210546,-4,-9,valid_2025_10
2025-10-29,12427.557352220047,18469.746096273215,1,49,80,10.379058539217557,0,88,6042.188744053168,0.6728602162391205,49,-8,valid_2025_10
2025-10-30,9122.841391035932,15900.032885808903,1,54,70,5.781636531644887,54,66,6777.191494772971,0.5737624227921094,0,4,valid_2025_10
2025-10-31,9494.974829230949,10358.816371637906,1,51,68,3.4827325586716045,47,86,863.8415424069572,0.916608084223587,4,-18,valid_2025_10
2025-11-01,9423.912749871079,12869.17809566547,1,46,76,9.383379862984732,50,88,3445.2653457943907,0.7322855181439437,-4,-12,valid_2025_11
2025-11-02,7744.112342070432,10517.232284326481,1,50,64,4.919800371521002,53,66,2773.1199422560494,0.7363260725553482,-3,-2,valid_2025_11
2025-11-03,12401.416102002917,13361.719716678785,1,35,87,9.631044577714354,38,88,960.3036146758677,0.9281302380952381,-3,-1,valid_2025_11
2025-11-04,7100.9873212119855,7323.682649823299,1,50,67,7.6591598597402575,51,68,222.69532861131302,0.9695924387689455,-1,-1,valid_2025_11
2025-11-05,5503.755978536738,5662.824070401963,1,0,24,4.8974475935401856,0,22,159.06809186522423,0.9719101123595505,0,2,valid_2025_11
2025-11-06,645.1388229014615,922.5949328182962,1,53,66,1.2249442262328867,51,64,277.45610991683475,0.6992655172413793,2,2,valid_2025_11
2025-11-07,3941.930011748853,6793.795022201863,1,50,76,4.160813300726177,29,73,2851.8650104530097,0.580225043420765,21,3,valid_2025_11
2025-11-08,7388.082957495852,8037.637510627492,1,47,80,7.872505094950713,49,86,649.5545531316402,0.9191858861173089,-2,-6,valid_2025_11
2025-11-09,10697.189198015449,12573.171464875311,1,54,78,9.18993762989689,37,71,1875.9822668598626,0.8507948235573938,17,7,valid_2025_11
2025-11-10,10480.099428961465,11155.171685390123,1,46,78,8.998671244201372,39,68,675.0722564286589,0.9394834722882125,7,10,valid_2025_11
2025-11-11,7326.494973687473,7485.846206756217,1,50,68,4.3546945220803455,55,69,159.35123306874357,0.9787129966783282,-5,-1,valid_2025_11
2025-11-12,10347.296660425029,10483.503486127382,1,35,69,9.148793870997878,44,68,136.20682570235294,0.9870075089036224,-9,1,valid_2025_11
2025-11-13,9537.757783219018,9537.757783219018,1,55,68,5.509213822447374,40,68,0.0,1.0,15,0,valid_2025_11
2025-11-14,3738.061982490707,3791.5724885941686,1,49,68,5.439008173097923,35,66,53.510506103461466,0.985886988508216,14,2,valid_2025_11
2025-11-15,8163.536723976979,8345.596517840402,1,56,73,8.16575937939494,47,77,182.05979386342278,0.9781849274076175,9,-4,valid_2025_11
2025-11-16,8319.830668320072,9645.889090707162,1,59,85,6.657466256144419,59,78,1326.05842238709,0.8625260554089708,0,7,valid_2025_11
2025-11-17,7271.7564619148125,7342.583120498723,1,51,72,4.875944069607216,52,74,70.8266585839101,0.9903539861351819,-1,-2,valid_2025_11
2025-11-18,10056.278404995763,10104.393321423157,1,38,67,9.079546254429294,48,67,48.11491642739384,0.9952382181792764,-10,0,valid_2025_11
2025-11-19,6586.284333640005,10200.934927737997,1,57,80,8.744328713527308,35,68,3614.6505940979923,0.6456549698921056,22,12,valid_2025_11
2025-11-20,8271.54077699163,8685.117815841211,1,52,67,6.124604445535948,39,70,413.5770388495821,0.9523809523809523,13,-3,valid_2025_11
2025-11-21,6098.298422777709,7103.440151188545,1,52,65,6.133243442248918,36,67,1005.1417284108365,0.8584993035743876,16,-2,valid_2025_11
2025-11-22,4593.619258673325,6264.524578776868,1,46,67,5.346611520931432,38,71,1670.905320103543,0.7332749997079934,8,-4,valid_2025_11
2025-11-23,4067.705151986685,6269.694291762487,1,49,72,5.684415307733764,52,75,2201.9891397758024,0.6487884357186423,-3,-3,valid_2025_11
2025-11-24,7519.555916784295,10017.17946801529,1,31,72,7.4642705878129325,50,66,2497.623551230996,0.7506659874462794,-19,6,valid_2025_11
2025-11-25,1217.7362331887073,1565.2300239538001,1,45,74,5.1852906011115945,50,76,347.49379076509285,0.7779918699186992,-5,-2,valid_2025_11
2025-11-26,6633.664355482981,7918.575043866372,1,53,82,6.534864221581143,51,80,1284.910688383391,0.8377346073926941,2,2,valid_2025_11
2025-11-27,2444.567979870268,3235.7981197025892,1,40,72,4.916116035898766,13,68,791.2301398323211,0.7554760493200839,27,4,valid_2025_11
2025-11-28,1986.4264244037258,6405.093051558166,1,46,70,4.036493594479117,43,84,4418.66662715444,0.3101323288223718,3,-14,valid_2025_11
2025-11-29,2246.235520209033,5801.283300285127,1,3,26,4.683623640885595,35,67,3555.0477800760937,0.3871963157011541,-32,-41,valid_2025_11
2025-11-30,10816.630246835208,10816.630246835208,1,54,88,8.721703097332403,53,88,0.0,1.0,1,0,valid_2025_11
2025-12-01,-413.57703884958255,7602.923503730859,1,50,69,5.217042298106634,28,37,8016.500542580441,-0.05439710640869063,22,32,valid_2025_12
2025-12-02,7113.525068212801,7113.525068212801,1,48,76,6.653883323779609,41,74,0.0,1.0,7,2,valid_2025_12
2025-12-03,7686.170198927605,9007.214795059102,1,49,66,7.341486035378354,55,74,1321.0445961314972,0.8533348403264287,-6,-8,valid_2025_12
2025-12-04,11834.666034772636,11898.293271518725,1,49,66,6.35689350594909,47,67,63.62723674608969,0.9946524064171123,2,-1,valid_2025_12
2025-12-05,3714.0458819808955,4598.152699291484,1,42,74,3.7460405308077838,58,85,884.1068173105887,0.8077256509017593,-16,-11,valid_2025_12
2025-12-06,472.44813964890056,1382.2635419667454,1,51,70,4.581533966983838,35,88,909.8154023178448,0.341793099003885,16,-18,valid_2025_12
2025-12-07,11262.020904057834,15016.027872077111,1,46,76,10.066576177647509,17,83,3754.0069680192773,0.75,29,-7,valid_2025_12
2025-12-08,6468.201726324774,7915.851798133639,1,47,71,8.08745365148903,35,87,1447.6500718088646,0.8171201143318292,12,-16,valid_2025_12
2025-12-09,9830.40807727082,10593.934918223893,1,49,74,8.888335157892515,41,65,763.5268409530727,0.927927927927928,8,9,valid_2025_12
2025-12-10,2224.2586726369327,7441.205337455161,1,47,85,9.520073962020113,55,67,5216.946664818228,0.2989110731081657,-8,18,valid_2025_12
2025-12-11,6984.8867023213925,25769.030882166226,1,47,67,5.757528700254463,6,85,18784.144179844832,0.27105740740740736,41,-18,valid_2025_12
2025-12-12,-12982.017818672823,9467.732827818112,1,51,76,3.9568937123827554,34,51,22449.750646490935,-1.3711854838709676,17,25,valid_2025_12
2025-12-13,4233.82950440705,4825.562806145682,1,54,67,7.314835988373525,46,66,591.7333017386318,0.8773752771417628,8,1,valid_2025_12
2025-12-14,2664.708674926226,3981.9356368529566,1,52,68,7.2949754881061635,56,65,1317.2269619267304,0.6691993336768812,-4,3,valid_2025_12
2025-12-15,11643.784324534368,11961.920508264815,1,50,80,9.933556906711292,40,82,318.13618373044665,0.973404255319149,10,-2,valid_2025_12
2025-12-16,9512.271893540372,9575.899130286462,1,52,65,7.946812144146242,48,87,63.62723674608969,0.9933554817275747,4,-22,valid_2025_12
2025-12-17,7365.352127168311,7365.352127168311,1,51,66,7.376987568269102,34,66,0.0,1.0,17,0,valid_2025_12
2025-12-18,-1640.6378435834283,4304.280762294157,1,56,78,4.157188125777697,0,11,5944.918605877586,-0.3811642256136139,56,67,valid_2025_12
2025-12-19,8093.025020214962,8844.185907706433,1,2,70,8.94048240156457,6,70,751.1608874914709,0.9150672661870504,-4,0,valid_2025_12
2025-12-20,9223.69374264032,9255.507361013366,1,57,70,7.527668782514201,39,69,31.813618373045756,0.9965627364192855,18,1,valid_2025_12
2025-12-21,6909.917910625314,7005.358765744448,1,52,70,6.548323083082846,40,72,95.44085511913363,0.9863760217983653,12,-2,valid_2025_12
2025-12-22,713.7957927123293,4748.357517077977,1,47,67,4.9398345882562635,17,31,4034.5617243656475,0.15032477865137286,30,36,valid_2025_12
2025-12-23,9490.508197211373,10434.86682635867,1,0,69,9.557396609912484,42,67,944.3586291472966,0.9094996951219513,-42,2,valid_2025_12
2025-12-24,8085.940127403285,9825.502417317695,1,57,78,8.899053042282192,46,85,1739.56228991441,0.8229543675193253,11,-7,valid_2025_12
2025-12-25,9711.985064238997,11095.330269230428,1,39,77,9.974676186545627,51,70,1383.3452049914304,0.875321854201337,-12,7,valid_2025_12
2025-12-26,5754.469560849191,7346.620268670262,1,45,69,9.817188494787667,37,66,1592.1507078210707,0.7832812028395133,8,3,valid_2025_12
2025-12-27,2381.0425467029727,7411.580496026181,1,50,69,6.639117726618636,52,77,5030.5379493232085,0.3212597566712796,-2,-8,valid_2025_12
2025-12-28,9031.361331404241,11889.18821394036,1,51,78,10.202572955205735,48,71,2857.8268825361192,0.7596280897306976,3,7,valid_2025_12
2025-12-29,10841.365335120248,12388.222994463616,1,48,84,9.990612531068141,52,66,1546.8576593433681,0.8751348228043142,-4,18,valid_2025_12
2025-12-30,3531.3116394079643,31559.109426060364,1,52,70,9.173191659538428,50,82,28027.7977866524,0.11189516129032259,2,-12,valid_2025_12
2025-12-31,3499.4980210349186,22576.101613221315,1,47,67,7.970577787330843,0,10,19076.603592186395,0.1550089595178601,47,57,valid_2025_12
