fold,valid_rows,valid_days,mae,rmse,curve_z_rmse,mean_abs_charge_gap,mean_abs_discharge_gap,avg_profit,oracle_avg_profit,oracle_ratio,avg_regret,loss_days,blend_weight,anchor_avg_profit,anchor_loss_days,anchor_avg_regret,profit_delta_vs_anchor,loss_day_delta_vs_anchor,regret_delta_vs_anchor
valid_2025_09,2688,28,0.42370812878313807,0.7977922982200233,0.8586065820284587,13.428571428571429,7.071428571428571,11310.428164914061,14361.025804899413,0.7875780127806323,3050.597639985353,1,0.0,11310.428164914061,1,3050.597639985353,0.0,0,0.0
valid_2025_10,2976,31,0.7099258532625864,1.0315065388670641,0.9642872261715684,13.548387096774194,13.580645161290322,7899.10326217971,13921.994275826097,0.5673830275807233,6022.891013646384,3,0.0,7899.10326217971,3,6022.891013646384,0.0,0,0.0
valid_2025_11,2880,30,0.2866165151786386,0.35742597226572936,0.7407431320741888,8.6,4.3,7120.766696117662,8007.921682249967,0.8892153268558137,887.1549861323035,0,0.0,7120.766696117662,0,887.1549861323035,0.0,0,0.0
valid_2025_12,2976,31,0.3373353830527277,0.5968008961120429,0.8369152427430152,14.903225806451612,14.483870967741936,5928.223332078287,10135.517405274108,0.5848959747228575,4207.29407319582,1,0.0,5928.223332078287,1,4207.29407319582,0.0,0,0.0
valid_2025_jan_feb,5376,56,0.5426389624924453,0.973951432651792,0.7507316372477562,13.732142857142858,9.5,14153.49983443873,16655.05429907991,0.8498020829160925,2501.554464641182,0,0.0,14153.49983443873,0,2501.554464641182,0.0,0,0.0
valid_2025_09,2688,28,0.42914412030920057,0.7987810355577122,0.865323852855527,13.25,7.571428571428571,11050.94845367898,14361.025804899413,0.7695096857154059,3310.0773512204337,1,0.05,11310.428164914061,1,3050.597639985353,-259.4797112350807,0,259.4797112350807
valid_2025_10,2976,31,0.7101386050224274,1.0313354187403494,0.964687629428974,13.64516129032258,13.387096774193548,7999.482719740671,13921.994275826097,0.5745931625349704,5922.511556085424,3,0.05,7899.10326217971,3,6022.891013646384,100.37945756096087,0,-100.37945756095996
valid_2025_11,2880,30,0.2868280481114057,0.35746093225147174,0.7397043027768035,8.6,4.233333333333333,7123.107860293734,8007.921682249967,0.889507682883878,884.8138219562311,0,0.05,7120.766696117662,0,887.1549861323035,2.3411641760721977,0,-2.341164176072425
valid_2025_12,2976,31,0.3375134757380905,0.597053686576495,0.8384978641716754,14.838709677419354,14.548387096774194,5938.48578961798,10135.517405274108,0.5859084990104043,4197.0316156561275,1,0.05,5928.223332078287,1,4207.29407319582,10.26245753969306,0,-10.26245753969215
valid_2025_jan_feb,5376,56,0.5419651215857355,0.9724668486398977,0.75484235444575,13.839285714285714,9.553571428571429,14230.526910433513,16655.05429907991,0.8544269298011031,2424.527388646399,0,0.05,14153.49983443873,0,2501.554464641182,77.02707599478344,0,-77.02707599478344
valid_2025_09,2688,28,0.44093012284200384,0.8027600120710688,0.8846820992914597,15.035714285714286,7.892857142857143,10734.399996745478,14361.025804899413,0.747467495886215,3626.6258081539345,1,0.1,11310.428164914061,1,3050.597639985353,-576.0281681685829,0,576.0281681685815
valid_2025_10,2976,31,0.7106714285797097,1.031466492957464,0.9659938601079202,13.612903225806452,13.387096774193548,7991.016500144151,13921.994275826097,0.5739850442274359,5930.977775681943,3,0.1,7899.10326217971,3,6022.891013646384,91.91323796444067,0,-91.91323796444067
valid_2025_11,2880,30,0.28731418038359785,0.3579142915635345,0.7401573274033459,8.466666666666667,4.433333333333334,7089.763688740762,8007.921682249967,0.8853437845746722,918.157993509203,0,0.1,7120.766696117662,0,887.1549861323035,-31.003007376900314,0,31.003007376899518
valid_2025_12,2976,31,0.33784475174983725,0.5974543358800568,0.8404346830461277,14.935483870967742,14.0,5943.745093857921,10135.517405274108,0.5864273974572862,4191.772311416187,1,0.1,5928.223332078287,1,4207.29407319582,15.52176177963429,0,-15.52176177963247
valid_2025_jan_feb,5376,56,0.5428555050591365,0.9717861510487886,0.7663461537045914,13.696428571428571,9.553571428571429,14254.787066844272,16655.05429907991,0.8558835540771405,2400.2672322356398,0,0.1,14153.49983443873,0,2501.554464641182,101.28723240554245,0,-101.28723240554245
valid_2025_09,2688,28,0.4571954003133539,0.809685144818812,0.9101119504557017,16.535714285714285,8.75,10156.805235112157,14361.025804899413,0.7072478925319567,4204.220569787257,1,0.15,11310.428164914061,1,3050.597639985353,-1153.6229298019043,0,1153.6229298019039
valid_2025_10,2976,31,0.7115104870947301,1.0318996463621957,0.9681350719573104,13.548387096774194,13.516129032258064,7649.845409469264,13921.994275826097,0.5494791376801755,6272.1488663568325,4,0.15,7899.10326217971,3,6022.891013646384,-249.25785271044606,1,249.2578527104488
valid_2025_11,2880,30,0.28810207746414435,0.3587844641398349,0.7420717576570225,8.366666666666667,4.6,7105.40952021123,8007.921682249967,0.8872975788413106,902.5121620387341,1,0.15,7120.766696117662,0,887.1549861323035,-15.357175906431621,1,15.357175906430598
valid_2025_12,2976,31,0.33832548539938107,0.5980025468357356,0.8427078388421286,14.451612903225806,14.0,5943.745093857921,10135.517405274108,0.5864273974572862,4191.772311416187,1,0.15,5928.223332078287,1,4207.29407319582,15.52176177963429,0,-15.52176177963247
valid_2025_jan_feb,5376,56,0.5453338821143137,0.9719110289343841,0.7827914521926889,13.714285714285714,9.5,14399.335593714135,16655.05429907991,0.8645625126847896,2255.7187053657753,0,0.15,14153.49983443873,0,2501.554464641182,245.8357592754055,0,-245.83575927540687
valid_2025_09,2688,28,0.4768118477433359,0.8194817466218545,0.9375869998501313,17.071428571428573,8.678571428571429,9908.670828289232,14361.025804899413,0.689969572014054,4452.354976610181,1,0.2,11310.428164914061,1,3050.597639985353,-1401.757336624829,0,1401.7573366248284
valid_2025_10,2976,31,0.712669277163753,1.0326344988202236,0.9710276977956342,13.387096774193548,13.516129032258064,7685.140361313498,13921.994275826097,0.5520143313560931,6236.853914512596,4,0.2,7899.10326217971,3,6022.891013646384,-213.9629008662123,1,213.9629008662123
valid_2025_11,2880,30,0.28910548315709916,0.36006842807185474,0.745375805465195,8.333333333333334,4.6,7105.276327195642,8007.921682249967,0.8872809461841902,902.6453550543226,1,0.2,7120.766696117662,0,887.1549861323035,-15.490368922020025,1,15.490368922019115
valid_2025_12,2976,31,0.33897238699622356,0.59869791408942,0.8452976068889351,14.580645161290322,13.903225806451612,5985.07067625078,10135.517405274108,0.5905047011350791,4150.446729023328,1,0.2,5928.223332078287,1,4207.29407319582,56.84734417249274,0,-56.84734417249183
valid_2025_jan_feb,5376,56,0.5494805880273368,0.9728411720758106,0.8020900476847277,13.178571428571429,9.553571428571429,14518.854358658778,16655.05429907991,0.8717386384901102,2136.1999404211333,0,0.2,14153.49983443873,0,2501.554464641182,365.3545242200489,0,-365.3545242200489
valid_2025_09,2688,28,0.5220235002539337,0.8472618481304202,0.9910408727265474,15.214285714285714,9.071428571428571,9375.063052479332,14361.025804899413,0.6528129104315746,4985.96275242008,1,0.3,11310.428164914061,1,3050.597639985353,-1935.3651124347289,0,1935.3651124347266
valid_2025_10,2976,31,0.7160808548894562,1.0350064666004188,0.978705440284344,13.258064516129032,13.548387096774194,7745.81970713131,13921.994275826097,0.5563728553301457,6176.1745686947825,4,0.3,7899.10326217971,3,6022.891013646384,-153.28355504840056,1,153.28355504839874
valid_2025_11,2880,30,0.2917579881828908,0.36385879681028865,0.7557049981234085,8.066666666666666,4.7,7111.488254319163,8007.921682249967,0.8880566689459762,896.433427930802,1,0.3,7120.766696117662,0,887.1549861323035,-9.278441798498534,1,9.278441798498534
valid_2025_12,2976,31,0.34082505109386946,0.6005279645608235,0.8513418549748343,14.612903225806452,13.870967741935484,5983.018184742841,10135.517405274108,0.5903021962775697,4152.4992205312665,1,0.3,5928.223332078287,1,4207.29407319582,54.79485266455413,0,-54.79485266455322
valid_2025_jan_feb,5376,56,0.5624604838876338,0.9771060645146624,0.8437485437741454,13.303571428571429,9.696428571428571,14508.332856532386,16655.05429907991,0.8711069082094726,2146.721442547526,0,0.3,14153.49983443873,0,2501.554464641182,354.83302209365684,0,-354.8330220936564
