date,fold,profit,oracle_profit,traded,charge_start,discharge_start,predicted_spread,top_candidate_count,oracle_charge_start,oracle_discharge_start,regret,profit_ratio_day,charge_start_gap,discharge_start_gap
2025-09-01,valid_2025_09,7046.716469629407,7673.0470813487245,1,41,71,0.6816131472587585,3321,53,66,626.3306117193179,0.9183726353977715,-12,5
2025-09-02,valid_2025_09,6825.6309101077695,7323.284979593634,1,46,79,0.7558306455612183,3321,44,81,497.65406948586406,0.9320449674056684,2,-2
2025-09-03,valid_2025_09,7527.789281219239,8892.914826968426,1,46,69,1.274104356765747,3321,49,67,1365.125545749188,0.8464929022361326,-3,2
2025-09-04,valid_2025_09,2690.983542340524,8239.727158618583,1,44,70,0.7830256819725037,3321,55,73,5548.74361627806,0.3265864864864865,-11,-3
2025-09-05,valid_2025_09,1365.0173794467182,10689.375773343028,1,40,81,1.243923306465149,3321,57,73,9324.35839389631,0.12769851190476192,-17,8
2025-09-06,valid_2025_09,5636.310600849865,7348.945844173331,1,60,86,0.43935009837150574,3321,35,88,1712.635243323466,0.7669549783549783,25,-2
2025-09-07,valid_2025_09,8685.11781584121,24814.622330974886,1,54,79,1.7310105562210083,3321,46,72,16129.504515133676,0.35,8,7
2025-09-08,valid_2025_09,10430.377924806233,20080.27235006656,1,45,75,1.3971420526504517,3321,51,69,9649.894425260327,0.5194340864989144,-6,6
2025-09-09,valid_2025_09,17815.62628890505,22555.85542648871,1,41,78,1.9149549007415771,3321,48,73,4740.229137583661,0.7898448519040904,-7,5
2025-09-10,valid_2025_09,4263.085307862902,6763.524364319911,1,40,75,0.45483899116516113,3321,52,76,2500.4390564570094,0.6303053080361847,-12,-1
2025-09-11,valid_2025_09,8212.332451837556,8893.14388502071,1,40,72,1.0436574220657349,3321,39,62,680.8114331831548,0.9234453594830633,1,10
2025-09-12,valid_2025_09,2505.144290614383,5677.372438083954,1,51,71,0.5140835642814636,3321,32,69,3172.228147469571,0.4412506521167809,19,2
2025-09-13,valid_2025_09,5436.406548441001,5455.46926857013,1,63,88,0.4036935567855835,3321,23,88,19.062720129129048,0.9965057597814816,40,0
2025-09-14,valid_2025_09,32567.881088327566,37794.00916340826,1,43,69,1.7614586353302002,3321,55,69,5226.128075080691,0.8617207279469951,-12,0
2025-09-15,valid_2025_09,6935.368805323749,7262.180562784526,1,45,81,0.6647070050239563,3321,36,75,326.8117574607768,0.9549981228591943,9,6
2025-09-16,valid_2025_09,31968.359812811217,32795.513890510374,1,0,68,1.2114026546478271,3321,46,65,827.1540776991569,0.9747784382808985,-46,3
2025-09-17,valid_2025_09,21679.23117221946,34819.496291403484,1,49,72,1.1545217037200928,3321,57,68,13140.265119184023,0.622617598795414,-8,4
2025-09-18,valid_2025_09,27114.74693934602,32148.628499960232,1,46,68,0.8622304201126099,3321,54,65,5033.8815606142125,0.8434184661836993,-8,3
2025-09-19,valid_2025_09,8372.459937194602,13626.008169951016,1,8,72,0.8079818487167358,3321,1,83,5253.548232756413,0.614447006986104,7,-11
2025-09-20,valid_2025_09,12016.003659498994,14612.977959547172,1,47,68,1.0042750835418701,3321,36,66,2596.9743000481776,0.82228302080265,11,2
2025-09-21,valid_2025_09,756.7664470488015,3813.9215555012324,1,51,69,0.3596300482749939,3321,42,64,3057.155108452431,0.1984221321902217,9,5
2025-09-22,valid_2025_09,222.6953286113128,2920.585607500625,1,44,71,0.7229756712913513,3321,0,25,2697.890278889312,0.07625023147391688,44,46
2025-09-23,valid_2025_09,-2007.2516189907205,6171.437931417339,1,43,78,0.6737252473831177,3321,60,83,8178.68955040806,-0.32524861163591623,-17,-5
2025-09-24,valid_2025_09,15906.809186522361,15906.809186522361,1,41,73,1.9452537298202515,3321,36,73,0.0,1.0,5,0
2025-09-25,valid_2025_09,3922.6191453964157,14059.039236435716,1,47,69,0.7780380249023438,3321,15,62,10136.420091039301,0.2790104700206305,32,7
2025-09-26,valid_2025_09,4899.297229448888,21780.630718059863,1,49,69,1.3052304983139038,3321,0,15,16881.333488610973,0.22493826248045856,49,54
2025-09-27,valid_2025_09,2086.973365271736,2564.1776408674077,1,54,78,1.5732749700546265,3321,55,88,477.2042755956718,0.8138957816377169,-1,-10
2025-09-28,valid_2025_09,16875.823369908765,17425.75039574338,1,49,69,1.3889719247817993,3321,54,67,549.927025834615,0.9684417018868269,-5,2
2025-10-01,valid_2025_10,-202.2169024645841,10953.4288058393,1,59,73,0.5940749645233154,3321,0,19,11155.645708303884,-0.018461516119663075,59,54
2025-10-02,valid_2025_10,3512.996539310603,7057.176787350463,1,45,75,0.5989910364151001,3321,58,71,3544.18024803986,0.4977906385464828,-13,4
2025-10-03,valid_2025_10,8653.304197468166,8844.185907706433,1,37,74,1.1084693670272827,3321,34,71,190.88171023826726,0.9784172661870505,3,3
2025-10-04,valid_2025_10,979.7290100544506,14344.219692893525,1,47,72,1.027723789215088,3321,0,83,13364.490682839074,0.06830131098311552,47,-11
2025-10-05,valid_2025_10,11498.300647714434,27690.118497155396,1,47,72,0.6665879487991333,3321,16,75,16191.817849440962,0.41524923950381987,31,-3
2025-10-06,valid_2025_10,6854.441322906399,16639.969928738366,1,50,72,1.257839322090149,3321,5,21,9785.528605831967,0.4119263046905097,45,51
2025-10-07,valid_2025_10,6300.2735417426575,13434.693794502875,1,50,70,1.1256657838821411,3321,42,66,7134.420252760217,0.4689554997018663,8,4
2025-10-08,valid_2025_10,-13447.616486286006,17107.04156688222,1,51,87,0.8447967171669006,3321,30,47,30554.658053168227,-0.7860866201622757,21,40
2025-10-09,valid_2025_10,3629.647533799047,11716.462535707591,1,49,80,0.2795189619064331,3321,64,88,8086.815001908544,0.3097903930249577,-15,-8
2025-10-10,valid_2025_10,-7699.821422571481,24860.30350559674,1,52,83,0.1136406660079956,3321,25,63,32560.12492816822,-0.3097235486621488,27,20
2025-10-11,valid_2025_10,16149.228958524964,23880.72083818681,1,47,68,0.6484286785125732,3321,39,64,7731.491879661848,0.6762454562385448,8,4
2025-10-12,valid_2025_10,9353.20380167515,10051.37274504264,1,53,69,0.5860392451286316,3321,49,70,698.1689433674892,0.9305399410531434,4,-1
2025-10-13,valid_2025_10,5639.991436495627,6560.079456186127,1,52,72,0.7589316964149475,3321,47,68,920.0880196905,0.8597443787326599,5,4
2025-10-14,valid_2025_10,18927.149575793504,23334.18514407076,1,37,79,0.8313848972320557,3321,45,82,4407.035568277257,0.8111339418511004,-8,-3
2025-10-15,valid_2025_10,893.6986232500599,14486.121156284655,1,0,68,0.7016439437866211,3321,11,23,13592.422533034594,0.06169343840275269,-11,45
2025-10-16,valid_2025_10,407.07433525413126,4568.566034204552,1,54,74,0.8016812801361084,3321,39,61,4161.491698950421,0.08910330554629015,15,13
2025-10-17,valid_2025_10,8735.240171587942,15486.258602525406,1,45,71,1.4447760581970215,3321,0,73,6751.018430937464,0.5640639482904832,45,-2
2025-10-18,valid_2025_10,-1831.5545488019068,3072.1838617718595,1,50,67,0.9591649770736694,3321,0,14,4903.7384105737665,-0.5961734815394711,50,53
2025-10-19,valid_2025_10,9666.940161984607,13575.663118875675,1,48,68,1.2705330848693848,3321,46,74,3908.722956891068,0.7120786717625337,2,-6
2025-10-20,valid_2025_10,4863.408286562256,7375.971512981234,1,47,68,1.1753284931182861,3321,53,63,2512.563226418978,0.6593583337466761,-6,5
2025-10-21,valid_2025_10,1915.53613858307,3713.886813889032,1,47,75,0.32941949367523193,3321,38,88,1798.350675305962,0.51577666056473,9,-13
2025-10-22,valid_2025_10,-1562.1218334387543,18265.779444798118,1,53,68,0.28500139713287354,3321,5,39,19827.901278236874,-0.08552177245760123,48,29
2025-10-23,valid_2025_10,-100.31470145388471,6028.1048551994245,1,49,67,0.5476162433624268,3321,55,63,6128.419556653309,-0.01664116730938418,-6,4
2025-10-24,valid_2025_10,18896.863011102363,18973.215695197672,1,50,81,0.7723076343536377,3321,47,85,76.35268409530909,0.995975764713694,3,-4
2025-10-25,valid_2025_10,9253.114976911713,11193.12215074733,1,55,83,1.1885011196136475,3321,53,66,1940.0071738356164,0.8266786382112261,2,17
2025-10-26,valid_2025_10,16430.111395140575,19018.18106340614,1,46,72,1.555176019668579,3321,48,74,2588.0696682655653,0.8639160254265639,-2,-2
2025-10-27,valid_2025_10,19362.678011320488,23751.87568377598,1,41,75,1.7652623653411865,3321,48,81,4389.197672455492,0.8152062712481445,-7,-6
2025-10-28,valid_2025_10,10434.98453674665,10870.337997372579,1,47,73,0.6276834011077881,3321,49,76,435.3534606259291,0.9599503289841441,-2,-3
2025-10-29,valid_2025_10,12106.128458987989,18469.746096273215,1,45,80,1.7425938844680786,3321,0,88,6363.617637285226,0.6554572215495013,45,-8
2025-10-30,valid_2025_10,14200.05946259791,15900.032885808903,1,51,67,1.02567458152771,3321,54,66,1699.9734232109931,0.8930836536364491,-3,1
2025-10-31,valid_2025_10,9729.345755785169,10358.816371637906,1,42,72,0.850227415561676,3321,47,86,629.470615852737,0.939233345464429,-5,-14
2025-11-01,valid_2025_11,11959.225894788618,12869.17809566547,1,42,88,2.3350396156311035,3321,50,88,909.9522008768508,0.9292921277402062,-8,0
2025-11-02,valid_2025_11,7603.80792232163,10517.232284326481,1,51,63,0.6939762830734253,3321,53,66,2913.424362004851,0.7229856407805464,-2,-3
2025-11-03,valid_2025_11,12407.311165487443,13361.719716678785,1,44,87,2.187398672103882,3321,38,88,954.4085511913418,0.9285714285714286,6,-1
2025-11-04,valid_2025_11,7164.614557958075,7323.682649823299,1,50,68,1.0162471532821655,3321,51,68,159.06809186522332,0.9782803134063898,-1,0
2025-11-05,valid_2025_11,2316.5022591095776,5662.824070401963,1,0,28,0.5793766975402832,3321,0,22,3346.321811292385,0.40907191011235955,0,6
2025-11-06,valid_2025_11,-443.2941397718416,922.5949328182962,1,36,56,0.17993813753128052,3321,51,64,1365.8890725901379,-0.4804862068965512,-15,-8
2025-11-07,valid_2025_11,4261.16376531317,6793.795022201863,1,57,71,0.49114614725112915,3321,29,73,2532.6312568886924,0.6272140609759126,28,-2
2025-11-08,valid_2025_11,7207.187542064881,8037.637510627492,1,40,80,0.6623152494430542,3321,49,86,830.4499685626106,0.896679843117511,-9,-6
2025-11-09,valid_2025_11,12483.58113417498,12573.171464875311,1,40,70,1.1327576637268066,3321,37,71,89.59033070033183,0.9928744842977276,3,-1
2025-11-10,valid_2025_11,10492.716710008215,11155.171685390123,1,48,72,1.1498854160308838,3321,39,68,662.4549753819083,0.9406145423786241,9,4
2025-11-11,valid_2025_11,7445.531989553894,7485.846206756217,1,48,69,0.6187402009963989,3321,55,69,40.31421720232265,0.994614607876136,-7,0
2025-11-12,valid_2025_11,9925.947554606912,10483.503486127382,1,40,72,1.624929666519165,3321,44,68,557.55593152047,0.9468158777017366,-4,4
2025-11-13,valid_2025_11,9146.450277230568,9537.757783219018,1,45,70,0.7484419941902161,3321,40,68,391.30750598845043,0.9589727989657142,5,2
2025-11-14,valid_2025_11,3167.946034436559,3791.5724885941686,1,40,71,0.6241787672042847,3321,35,66,623.6264541576097,0.8355230037052946,5,5
2025-11-15,valid_2025_11,8007.630905778035,8345.596517840402,1,41,86,0.8484727740287781,3321,47,77,337.96561206236674,0.9595037201547071,-6,9
2025-11-16,valid_2025_11,9219.58660450836,9645.889090707162,1,41,82,0.693705141544342,3321,59,78,426.3024861988015,0.9558047493403692,-18,4
2025-11-17,valid_2025_11,6826.365804692186,7342.583120498723,1,48,70,0.5888735055923462,3321,52,74,516.2173158065361,0.9296954072790294,-4,-4
2025-11-18,valid_2025_11,9064.488852216095,10104.393321423157,1,44,69,1.1548832654953003,3321,48,67,1039.904469207062,0.8970839281362618,-4,2
2025-11-19,valid_2025_11,8685.117815841211,10200.934927737997,1,44,86,1.0405586957931519,3321,35,68,1515.8171118967857,0.8514040994639587,9,18
2025-11-20,valid_2025_11,8526.049723975986,8685.117815841211,1,49,69,0.99562668800354,3321,39,70,159.06809186522514,0.9816849816849815,10,-1
2025-11-21,valid_2025_11,6683.354046019839,7103.440151188545,1,49,68,0.8942548632621765,3321,36,67,420.0861051687061,0.9408615971659284,13,1
2025-11-22,valid_2025_11,5727.408897061079,6264.524578776868,1,41,77,0.6362930536270142,3321,38,71,537.1156817157889,0.9142607431798664,3,6
2025-11-23,valid_2025_11,3907.7176465504804,6269.694291762487,1,44,71,0.8345322012901306,3321,52,75,2361.976645212007,0.6232708429954363,-8,-4
2025-11-24,valid_2025_11,8438.969487765287,10017.17946801529,1,48,71,0.9163390398025513,3321,50,66,1578.2099802500034,0.8424496650689742,-2,5
2025-11-25,valid_2025_11,545.2186103154031,1565.2300239538001,1,44,71,0.5570009350776672,3321,50,76,1020.011413638397,0.34833130081300817,-6,-5
2025-11-26,valid_2025_11,7142.6822494516955,7918.575043866372,1,52,84,0.6760476231575012,3321,51,80,775.8927944146762,0.9020161089442887,1,4
2025-11-27,valid_2025_11,2603.2543083150154,3235.7981197025892,1,44,71,0.6854562163352966,3321,13,68,632.5438113875739,0.804516911133593,31,3
2025-11-28,valid_2025_11,4199.830290451777,6405.093051558166,1,44,74,0.5151964426040649,3321,43,84,2205.262761106389,0.6557016824962574,1,-10
2025-11-29,valid_2025_11,4827.745220366073,5801.283300285127,1,46,71,0.6105608940124512,3321,35,67,973.5380799190534,0.8321857372710612,11,4
2025-11-30,valid_2025_11,10243.985116120402,10816.630246835208,1,39,85,1.2361775636672974,3321,53,88,572.6451307148054,0.9470588235294117,-14,-3
2025-12-01,valid_2025_12,-2535.8094373641607,7602.923503730859,1,0,29,0.5478072166442871,3321,28,37,10138.732941095019,-0.3335308366735249,-28,-8
2025-12-02,valid_2025_12,6280.008266839029,7113.525068212801,1,48,70,0.8554075956344604,3321,41,74,833.5168013737721,0.8828264758497316,7,-4
2025-12-03,valid_2025_12,8258.81532964241,9007.214795059102,1,48,70,1.0361340045928955,3321,55,74,748.3994654166927,0.9169111115428016,-7,-4
2025-12-04,valid_2025_12,222.69532861131347,11898.293271518725,1,0,30,0.7300606966018677,3321,47,67,11675.597942907412,0.01871657754010699,-47,-37
2025-12-05,valid_2025_12,3476.7926416020773,4598.152699291484,1,41,73,0.6348562836647034,3321,58,85,1121.3600576894069,0.7561281386191907,-17,-12
2025-12-06,valid_2025_12,9.544085511913408,1382.2635419667454,1,41,74,0.721488356590271,3321,35,88,1372.719456454832,0.0069046786102262845,6,-14
2025-12-07,valid_2025_12,10021.28978750909,15016.027872077111,1,44,69,1.5123577117919922,3321,17,83,4994.738084568022,0.6673728813559322,27,-14
2025-12-08,valid_2025_12,6304.841977341028,7915.851798133639,1,44,70,1.0914558172225952,3321,35,87,1611.0098207926112,0.7964830744844861,9,-17
2025-12-09,valid_2025_12,10434.86682635867,10593.934918223893,1,50,67,1.1367701292037964,3321,41,65,159.06809186522332,0.984984984984985,9,2
2025-12-10,valid_2025_12,5212.9954134162945,7441.205337455161,1,51,88,1.4561898708343506,3321,55,67,2228.209924038866,0.7005579307396322,-4,21
2025-12-11,valid_2025_12,5339.807677613087,25769.030882166226,1,47,64,0.6044648885726929,3321,6,85,20429.22320455314,0.207218024691358,41,-21
2025-12-12,valid_2025_12,-6147.390017289155,9467.732827818112,1,0,27,0.15590715408325195,3321,34,51,15615.122845107267,-0.6492990591397849,-34,-24
2025-12-13,valid_2025_12,3645.143947308555,4825.562806145682,1,42,68,0.9949343204498291,3321,46,66,1180.4188588371267,0.7553821375335157,-4,2
2025-12-14,valid_2025_12,3106.917970311548,3981.9356368529566,1,44,67,1.0209271907806396,3321,56,65,875.0176665414087,0.7802531868061631,-12,2
2025-12-15,valid_2025_12,11866.479653145681,11961.920508264815,1,47,68,2.3028476238250732,3321,40,82,95.44085511913363,0.9920212765957447,7,-14
2025-12-16,valid_2025_12,9416.831038421238,9575.899130286462,1,50,67,1.543236494064331,3321,48,87,159.06809186522332,0.9833887043189369,2,-20
2025-12-17,valid_2025_12,6873.443597160618,7365.352127168311,1,44,69,1.1087098121643066,3321,34,66,491.9085300076931,0.9332131686965505,10,3
2025-12-18,valid_2025_12,441.5730230178609,4304.280762294157,1,44,71,0.676520824432373,3321,0,11,3862.7077392762963,0.10258927040403029,44,60
2025-12-19,valid_2025_12,8844.185907706433,8844.185907706433,1,14,68,1.3124513626098633,3321,6,70,0.0,1.0,8,-2
2025-12-20,valid_2025_12,9255.507361013366,9255.507361013366,1,43,69,1.0985924005508423,3321,39,69,0.0,1.0,4,0
2025-12-21,valid_2025_12,6050.950214553106,7005.358765744448,1,41,69,1.0059150457382202,3321,40,72,954.4085511913418,0.8637602179836512,1,-3
2025-12-22,valid_2025_12,2320.8479993793344,4748.357517077977,1,49,69,0.6128889322280884,3321,17,31,2427.5095176986424,0.488768588092231,32,38
2025-12-23,valid_2025_12,10307.61235286649,10434.86682635867,1,50,66,1.1954247951507568,3321,42,67,127.25447349217939,0.9878048780487805,8,-1
2025-12-24,valid_2025_12,8115.654046963708,9825.502417317695,1,45,70,1.352746605873108,3321,46,85,1709.8483703539869,0.8259785303863612,-1,-15
2025-12-25,valid_2025_12,10570.31012522007,11095.330269230428,1,44,69,1.7993531227111816,3321,51,70,525.0201440103574,0.9526809809829326,-7,-1
2025-12-26,valid_2025_12,4358.678868350227,7346.620268670262,1,51,68,1.4942834377288818,3321,37,66,2987.9414003200345,0.5932903442604566,14,2
2025-12-27,valid_2025_12,2381.0425467029727,7411.580496026181,1,50,69,0.7970036268234253,3321,52,77,5030.5379493232085,0.3212597566712796,-2,-8
2025-12-28,valid_2025_12,11372.56368381865,11889.18821394036,1,40,69,1.610199213027954,3321,48,71,516.6245301217114,0.956546694288517,-8,-2
2025-12-29,valid_2025_12,11829.178185603287,12388.222994463616,1,48,70,1.858791708946228,3321,52,66,559.0448088603298,0.9548728813559321,-4,4
2025-12-30,valid_2025_12,8780.558670960343,31559.109426060364,1,49,67,1.723891258239746,3321,50,82,22778.55075510002,0.2782258064516129,-1,-15
2025-12-31,valid_2025_12,2926.852890320113,22576.101613221315,1,50,65,1.143000602722168,3321,0,10,19649.248722901204,0.12964385705130113,50,55
2025-01-02,valid_2025_jan_feb,9957.662550762998,9957.662550762998,1,52,70,0.8779255151748657,3321,46,70,0.0,1.0,6,0
2025-01-03,valid_2025_jan_feb,9211.766817112268,9307.207672231401,1,51,69,0.8482726812362671,3321,46,67,95.44085511913363,0.9897454898955477,5,2
2025-01-04,valid_2025_jan_feb,2628.7688302501974,3539.1982354026422,1,51,73,0.777027428150177,3321,41,88,910.4294051524448,0.74275829026885,10,-15
2025-01-05,valid_2025_jan_feb,9035.067617944704,9216.494320802502,1,49,76,1.1076618432998657,3321,43,88,181.42670285779786,0.9803149986814075,6,-12
2025-01-07,valid_2025_jan_feb,8034.360707935069,9194.135709809927,1,50,81,1.0269256830215454,3321,42,88,1159.7750018748584,0.8738570934256055,8,-7
2025-01-08,valid_2025_jan_feb,23144.407366390034,34969.52931565076,1,50,73,1.021571159362793,3321,53,82,11825.121949260727,0.6618449781659388,-3,-9
2025-01-09,valid_2025_jan_feb,12494.58228340838,26363.7101249662,1,48,78,0.31757819652557373,3321,52,67,13869.127841557822,0.47393110545454376,-4,11
2025-01-10,valid_2025_jan_feb,5505.989294546525,5521.396629924591,1,50,69,0.9540178775787354,3321,51,68,15.407335378065909,0.9972095220809601,-1,1
2025-01-11,valid_2025_jan_feb,9211.986331079042,9253.344034963999,1,52,73,0.98106449842453,3321,55,70,41.35770388495621,0.995530512674263,-3,3
2025-01-13,valid_2025_jan_feb,7282.083162438705,7415.550835599139,1,0,70,1.156488060951233,3321,4,66,133.46767316043406,0.9820016508389764,-4,4
2025-01-14,valid_2025_jan_feb,8265.632988059755,8519.887426097128,1,51,72,1.1499412059783936,3321,42,67,254.2544380373729,0.9701575355023389,9,5
2025-01-15,valid_2025_jan_feb,2077.96056718665,2162.4416307762704,1,49,72,0.8092239499092102,3321,49,73,84.48106358962013,0.9609325577221276,0,-1
2025-01-16,valid_2025_jan_feb,8575.955747117783,8575.955747117783,1,0,67,1.3721282482147217,3321,0,29,0.0,1.0,0,38
2025-01-17,valid_2025_jan_feb,9289.576564929059,9703.15360377864,1,48,69,1.0622100830078125,3321,41,66,413.5770388495821,0.9573770491803278,7,3
2025-01-18,valid_2025_jan_feb,9448.644656794284,9703.153603778643,1,47,76,1.224745750427246,3321,43,71,254.50894698435877,0.9737704918032786,4,5
2025-01-19,valid_2025_jan_feb,7698.895646276824,12765.45615568383,1,49,69,1.1791236400604248,3321,0,21,5066.560509407007,0.603103841522254,49,48
2025-01-20,valid_2025_jan_feb,27124.291024857936,38176.34204765367,1,46,67,1.4774404764175415,3321,43,87,11052.051022795735,0.7105,3,-20
2025-01-21,valid_2025_jan_feb,6791.692142027405,29051.105091154248,1,50,73,0.38872313499450684,3321,52,88,22259.412949126843,0.2337842956650693,-2,-15
2025-01-22,valid_2025_jan_feb,13749.591351882944,29899.55838635416,1,48,80,0.7088502645492554,3321,50,68,16149.967034471218,0.45985934555334806,-2,12
2025-01-23,valid_2025_jan_feb,28694.58259549488,29116.63478227904,1,48,72,0.7801278829574585,3321,51,72,422.05218678415986,0.9855047745063922,-3,0
2025-01-24,valid_2025_jan_feb,15697.446945371188,27741.242981880874,1,46,71,0.4920058250427246,3321,0,19,12043.796036509686,0.5658523288096333,46,52
2025-01-25,valid_2025_jan_feb,5.602378195492699,619.0134794935193,1,53,71,0.33402055501937866,3321,18,30,613.4111012980266,0.009050494667865068,35,41
2025-01-26,valid_2025_jan_feb,6190.6374501054715,6787.01235876473,1,49,73,0.7888959646224976,3321,35,83,596.3749086592588,0.912129980448746,14,-10
2025-01-27,valid_2025_jan_feb,8748.745052587301,8812.37228933339,1,50,76,1.134191870689392,3321,45,73,63.62723674608969,0.9927797833935018,5,3
2025-01-28,valid_2025_jan_feb,7826.150119769001,7826.150119769001,1,49,73,1.2397305965423584,3321,39,73,0.0,1.0,10,0
2025-01-29,valid_2025_jan_feb,9321.390183302105,9353.203801675148,1,48,72,1.3702738285064697,3321,47,73,31.813618373043937,0.9965986394557824,1,-1
2025-01-30,valid_2025_jan_feb,10784.816628462162,10975.698338700431,1,49,73,1.4881569147109985,3321,46,66,190.88171023826908,0.9826086956521739,3,7
2025-01-31,valid_2025_jan_feb,9248.2188610441,9254.581584718711,1,51,71,1.3165202140808105,3321,49,69,6.362723674610606,0.9993124785149534,2,2
2025-02-01,valid_2025_jan_feb,8907.813144452526,8907.813144452526,1,48,71,1.3154937028884888,3321,45,71,0.0,1.0,3,0
2025-02-02,valid_2025_jan_feb,6232.27829519395,6232.27829519395,1,53,73,0.6179327368736267,3321,41,73,0.0,1.0,12,0
2025-02-03,valid_2025_jan_feb,8971.440381198616,9130.508473063837,1,49,76,1.3496519327163696,3321,38,84,159.0680918652215,0.9825783972125438,11,-8
2025-02-04,valid_2025_jan_feb,2779.3872250755403,4025.2785105243925,1,52,88,0.6422097086906433,3321,34,76,1245.8912854488522,0.6904832094993238,18,12
2025-02-05,valid_2025_jan_feb,278.6682087768475,745.6062297235371,1,56,88,0.5641200542449951,3321,34,81,466.9380209466896,0.3737471572362998,22,7
2025-02-06,valid_2025_jan_feb,8010.669106332662,8366.981632110763,1,49,83,0.7507081627845764,3321,44,85,356.3125257781012,0.9574144486692014,5,-2
2025-02-07,valid_2025_jan_feb,37823.210883712876,37823.210883712876,1,48,75,1.5148768424987793,3321,47,73,0.0,1.0,1,2
2025-02-08,valid_2025_jan_feb,30795.582585107295,31050.091532091654,1,48,71,1.3208117485046387,3321,53,69,254.50894698435877,0.9918032786885246,-5,2
2025-02-09,valid_2025_jan_feb,8144.28630349945,8176.099921872494,1,51,72,0.9894728064537048,3321,46,71,31.813618373043937,0.9961089494163425,5,1
2025-02-10,valid_2025_jan_feb,3426.5398500200163,4270.542420009543,1,50,73,0.5506266355514526,3321,0,9,844.0025699895268,0.8023664239851666,50,64
2025-02-11,valid_2025_jan_feb,21824.142203908683,22046.837532519996,1,51,76,0.8495910167694092,3321,51,75,222.69532861131302,0.98989898989899,0,1
2025-02-12,valid_2025_jan_feb,2167.2200362559015,3393.065560767898,1,49,75,0.6055911183357239,3321,37,72,1225.8455245119967,0.6387203540403826,12,3
2025-02-13,valid_2025_jan_feb,24655.55423910966,25864.471737285363,1,45,72,1.2841603755950928,3321,40,69,1208.9174981757023,0.9532595325953258,5,3
2025-02-14,valid_2025_jan_feb,2794.263273026776,4056.252249372389,1,51,75,0.5580157041549683,3321,46,73,1261.988976345613,0.6888780828310477,5,2
2025-02-15,valid_2025_jan_feb,8366.981632110765,34517.77593475353,1,43,73,1.2153496742248535,3321,34,88,26150.794302642767,0.24239631336405532,9,-15
2025-02-16,valid_2025_jan_feb,38176.34204765367,38176.34204765367,1,51,87,1.5305858850479126,3321,45,74,0.0,1.0,6,13
2025-02-17,valid_2025_jan_feb,3340.429929169697,19310.866352438148,1,49,73,1.1117496490478516,3321,6,25,15970.436423268451,0.17298187808896215,43,48
2025-02-18,valid_2025_jan_feb,26309.86239450799,33531.55376518914,1,50,77,1.0150569677352905,3321,50,75,7221.691370681154,0.784629981024668,0,2
2025-02-19,valid_2025_jan_feb,6076.401109251544,22174.09200601217,1,50,74,0.7523965835571289,3321,55,87,16097.690896760629,0.2740315638450503,-5,-13
2025-02-20,valid_2025_jan_feb,32660.996367943633,32660.996367943633,1,49,73,0.9465633034706116,3321,49,73,0.0,1.0,0,0
2025-02-21,valid_2025_jan_feb,34246.71754349151,34246.71754349151,1,49,75,1.304693341255188,3321,49,71,0.0,1.0,0,4
2025-02-22,valid_2025_jan_feb,10005.382978322566,31972.686464909948,1,52,77,1.3778929710388184,3321,48,88,21967.30348658738,0.3129353233830846,4,-11
2025-02-23,valid_2025_jan_feb,30553.799085472154,30553.799085472154,1,49,72,1.334291934967041,3321,48,72,0.0,1.0,1,0
2025-02-24,valid_2025_jan_feb,3358.0324042155016,4739.659673814786,1,54,76,0.4806818664073944,3321,2,24,1381.6272695992848,0.7084965240790672,52,52
2025-02-25,valid_2025_jan_feb,32973.959657326624,38176.34204765367,1,0,74,1.4954167604446411,3321,51,75,5202.382390327046,0.8637275833333333,-51,-1
2025-02-26,valid_2025_jan_feb,38176.34204765367,38176.34204765367,1,50,72,1.4680272340774536,3321,47,71,0.0,1.0,3,1
2025-02-27,valid_2025_jan_feb,7198.791928176234,7413.314338227512,1,51,75,1.0384408235549927,3321,50,74,214.5224100512778,0.9710625503973208,1,1
2025-02-28,valid_2025_jan_feb,9098.694854690793,9162.322091436883,1,50,72,0.9115106463432312,3321,48,73,63.62723674608969,0.9930555555555556,2,-1
