date,fold,profit,oracle_profit,traded,charge_start,discharge_start,predicted_spread,top2_spread,top5_spread_mean,top5_spread_std,top1_top2_gap,top1_top5_mean_gap,top_candidate_count,oracle_charge_start,oracle_discharge_start,regret,profit_ratio_day,charge_start_gap,discharge_start_gap
2025-09-01,valid_2025_09,6855.8347593911385,7673.0470813487245,1,43,71,5.49774557352066,5.496504634618759,5.4924946308135985,0.0046594227791801335,0.0012409389019012451,0.005250942707061945,3321,53,66,817.212321957586,0.8934957242809018,-10,5
2025-09-02,valid_2025_09,6709.543016664529,7323.284979593634,1,15,80,5.925688475370407,5.922875136137009,5.917148137092591,0.007007621578585997,0.0028133392333984375,0.008540338277816417,3321,44,81,613.7419629291044,0.9161930793845523,-29,-1
2025-09-03,valid_2025_09,6455.304485436342,8892.914826968426,1,53,72,8.966981053352356,8.966142654418945,8.954197657108306,0.012540697606631741,0.0008383989334106445,0.012783396244049783,3321,49,67,2437.610341532085,0.7258929845881521,4,5
2025-09-04,valid_2025_09,4676.601900837574,8239.727158618583,1,49,70,5.687540680170059,5.685213506221771,5.680386251211166,0.00548932247678555,0.002327173948287964,0.0071544289588931775,3321,55,73,3563.125257781009,0.5675675675675675,-6,-3
2025-09-05,valid_2025_09,10657.562154969983,10689.375773343028,1,58,75,8.561021387577057,8.556192278862,8.540876883268357,0.017047300648247193,0.004829108715057373,0.02014450430869985,3321,57,73,31.813618373045756,0.9970238095238094,1,2
2025-09-06,valid_2025_09,7189.877752308108,7348.945844173331,1,58,88,5.346739158034325,5.346094474196434,5.338984975218773,0.007580602579951945,0.000644683837890625,0.0077541828155514025,3321,35,88,159.06809186522332,0.9783549783549784,23,0
2025-09-07,valid_2025_09,8589.676960722074,24814.622330974886,1,55,80,7.134844273328781,7.130414724349976,7.125366431474686,0.006253537389025475,0.004429548978805542,0.009477841854095281,3321,46,72,16224.945370252812,0.3461538461538461,9,8
2025-09-08,valid_2025_09,14253.89128624694,20080.27235006656,1,52,74,8.713002651929855,8.709203332662582,8.700389009714126,0.012036258663995292,0.0037993192672729492,0.01261364221572947,3321,51,69,5826.381063819619,0.7098455159249717,1,5
2025-09-09,valid_2025_09,21983.210295773904,22555.85542648871,1,51,73,11.18508368730545,11.179895520210266,11.175667881965637,0.006939640265234354,0.005188167095184326,0.009415805339813232,3321,48,73,572.6451307148054,0.9746121297602256,3,0
2025-09-10,valid_2025_09,6525.994345461248,6763.524364319911,1,53,74,3.226910538971424,3.226558394730091,3.2240570023655892,0.0022327080465656874,0.0003521442413330078,0.002853536605834872,3321,52,76,237.53001885866342,0.9648807328747536,1,-2
2025-09-11,valid_2025_09,7246.760501959112,8893.14388502071,1,0,69,7.732898026704788,7.723153203725815,7.7168360412120816,0.0118421403268998,0.009744822978973389,0.016061985492706654,3321,39,62,1646.3833830615986,0.8148704885080397,-39,7
2025-09-12,valid_2025_09,1872.002383201396,5677.372438083954,1,50,70,4.706762462854385,4.706327319145203,4.697748786211013,0.008316932313768477,0.00043514370918273926,0.009013676643371937,3321,32,69,3805.370054882558,0.3297304173043075,18,1
2025-09-13,valid_2025_09,5455.2529359651935,5455.46926857013,1,55,88,3.850917771458626,3.8467650562524796,3.8425615936517716,0.007013649666656126,0.00415271520614624,0.00835617780685416,3321,23,88,0.21633260493672424,0.9999603457385081,32,0
2025-09-14,valid_2025_09,31264.951166497678,37794.00916340826,1,42,70,7.284955263137817,7.284095913171768,7.281242096424103,0.0033305768349351774,0.0008593499660491943,0.0037131667137142443,3321,55,69,6529.057996910578,0.8272462186088493,-13,1
2025-09-15,valid_2025_09,6998.996042069839,7262.180562784526,1,58,80,6.9805881679058075,6.97805842757225,6.970881342887878,0.008184846234888897,0.002529740333557129,0.009706825017929077,3321,36,75,263.1845207146871,0.9637595735276273,22,5
2025-09-16,valid_2025_09,31809.291720945992,32795.513890510374,1,11,69,5.775651723146439,5.77417528629303,5.769732546806336,0.004826677824441215,0.0014764368534088135,0.005919176340102972,3321,46,65,986.222169564382,0.969928137950302,-35,4
2025-09-17,valid_2025_09,25202.255364041244,34819.496291403484,1,48,70,6.992635726928711,6.988041877746582,6.984639728069306,0.0059355796618521806,0.004593849182128906,0.007995998859405162,3321,57,68,9617.24092736224,0.7237972414398016,-9,2
2025-09-18,valid_2025_09,25578.14917192796,32148.628499960232,1,44,64,10.629464894533157,10.629411101341248,10.625492429733276,0.004064619673386981,5.379319190979004e-05,0.003972464799881337,3321,54,65,6570.479328032274,0.795621784361955,-10,-1
2025-09-19,valid_2025_09,3970.339572955982,13626.008169951016,1,50,67,17.742780297994614,17.742328017950058,17.732649278640746,0.010640177060957861,0.00045228004455566406,0.010131019353867288,3321,1,83,9655.668596995034,0.2913795092029697,49,-16
2025-09-20,valid_2025_09,13272.393439010952,14612.977959547172,1,38,67,6.4956404864788055,6.492219299077988,6.491938793659211,0.0021069165616420422,0.003421187400817871,0.0037016928195949816,3321,36,66,1340.5845205362202,0.9082606896248434,2,1
2025-09-21,valid_2025_09,280.573844517393,3813.9215555012324,1,0,16,1.353001743555069,1.3490915298461914,1.330216573178768,0.018647498949731788,0.0039102137088775635,0.0227851703763009,3321,42,64,3533.3477109838395,0.0735657093189793,-42,-48
2025-09-22,valid_2025_09,378.7347640074222,2920.585607500625,1,40,72,6.822824209928513,6.817473649978638,6.810576295852661,0.008752079733915213,0.005350559949874878,0.012247914075851796,3321,0,25,2541.850843493203,0.1296776793786693,40,47
2025-09-23,valid_2025_09,-2045.7874549259898,6171.437931417339,1,39,81,7.168339729309082,7.163741320371628,7.16118688583374,0.005125047304075653,0.004598408937454224,0.007152843475341619,3321,60,83,8217.225386343329,-0.33149283484021885,-21,-2
2025-09-24,valid_2025_09,15684.113857911048,15906.809186522361,1,39,71,11.208888292312622,11.207533597946167,11.202199709415435,0.004950228122780982,0.0013546943664550781,0.00668858289718699,3321,36,73,222.69532861131302,0.986,3,-2
2025-09-25,valid_2025_09,2229.1420630571974,14059.039236435716,1,50,67,2.9229721687734127,2.9212170504033566,2.918021573871374,0.00571105562333083,0.0017551183700561523,0.004950594902038752,3321,15,62,11829.897173378518,0.1585557893088529,35,5
2025-09-26,valid_2025_09,4899.297229448888,21780.630718059863,1,48,68,5.621368825435638,5.616363108158112,5.606392455101013,0.011036557913142541,0.0050057172775268555,0.014976370334625067,3321,0,15,16881.333488610973,0.22493826248045856,48,53
2025-09-27,valid_2025_09,2341.4823122560947,2564.1776408674077,1,54,84,5.858909696340561,5.852204114198685,5.846550852060318,0.010162737395222289,0.006705582141876221,0.01235884428024292,3321,55,88,222.69532861131302,0.9131513647642681,-1,-4
2025-09-28,valid_2025_09,15041.596477163523,17425.75039574338,1,50,70,6.197644799947739,6.193900227546692,6.181093674898148,0.01228621255179099,0.003744572401046753,0.016551125049590887,3321,54,67,2384.1539185798574,0.8631821376735525,-4,3
2025-10-01,valid_2025_10,-246.25649437839002,10953.4288058393,1,54,71,2.9480237513780594,2.9449938386678696,2.9413780599832533,0.004732804054925806,0.0030299127101898193,0.006645691394806086,3321,0,19,11199.68530021769,-0.022482137670636074,54,52
2025-10-02,valid_2025_10,5835.075725720973,7057.176787350463,1,48,72,5.926735654473305,5.911605432629585,5.902428886294365,0.017993036297166087,0.015130221843719482,0.024306768178940175,3321,58,71,1222.1010616294898,0.826828617384217,-10,1
2025-10-03,valid_2025_10,8844.185907706433,8844.185907706433,1,44,71,10.419822096824646,10.414791464805603,10.407940208911896,0.00991693352164378,0.005030632019042969,0.011881887912750244,3321,34,71,0.0,1.0,10,0
2025-10-04,valid_2025_10,-2949.259221740248,14344.219692893525,1,44,70,4.751951068639755,4.751385360956192,4.745080471038818,0.0056643736051187575,0.0005657076835632324,0.00687059760093689,3321,0,83,17293.47891463377,-0.20560611067616197,44,-13
2025-10-05,valid_2025_10,8424.405213274105,27690.118497155396,1,47,69,2.2054671682417393,2.1949234791100025,2.194311437755823,0.006816376834366367,0.010543689131736755,0.011155730485916227,3321,16,75,19265.71328388129,0.30423868406845367,31,-6
2025-10-06,valid_2025_10,11446.733953693567,16639.969928738366,1,48,70,7.048904895782471,7.042988479137421,7.035091817378998,0.010788414153638067,0.005916416645050049,0.0138130784034729,3321,5,21,5193.2359750447995,0.6879059278781673,43,49
2025-10-07,valid_2025_10,11606.171083531919,13434.693794502875,1,47,68,5.4915571585297585,5.485627628862858,5.475035382807254,0.011917900583091766,0.005929529666900635,0.016521775722504017,3321,42,66,1828.5227109709558,0.8638954680367081,5,2
2025-10-08,valid_2025_10,-7597.0920674830795,17107.04156688222,1,54,88,2.4768657125532627,2.475574914366007,2.463636387139559,0.010565038821158826,0.0012907981872558594,0.013229325413703918,3321,30,47,24704.133634365302,-0.4440915185586738,24,41
2025-10-09,valid_2025_10,-7245.472050415003,11716.462535707591,1,47,65,4.522885397076607,4.511584252119064,4.49338365495205,0.025019394210341057,0.01130114495754242,0.02950174212455714,3321,64,88,18961.934586122596,-0.6184009916246813,-17,-23
2025-10-10,valid_2025_10,-240.39324451223865,24860.30350559674,1,33,61,1.9155028015375137,1.915247455239296,1.9128164544701576,0.0029782376383505906,0.00025534629821777344,0.002686347067356154,3321,25,63,25100.69675010898,-0.00966976306054025,8,-2
2025-10-11,valid_2025_10,21212.23906812154,23880.72083818681,1,41,66,7.083456516265869,7.075974822044373,7.061285662651062,0.016190560902634935,0.007481694221496582,0.022170853614807307,3321,39,64,2668.481770065271,0.8882579052723485,2,2
2025-10-12,valid_2025_10,9892.304653177416,10051.37274504264,1,51,69,3.4212626069784164,3.416450008749962,3.397508418560028,0.021984766930759885,0.00481259822845459,0.023754188418388278,3321,49,70,159.06809186522332,0.984174490798416,2,-1
2025-10-13,valid_2025_10,5908.606541866592,6560.079456186127,1,48,70,8.366218328475952,8.364471197128296,8.352753794193267,0.012675983154026507,0.00174713134765625,0.013464534282684681,3321,47,68,651.4729143195345,0.9006913073735413,1,2
2025-10-14,valid_2025_10,12072.122882309044,23334.18514407076,1,44,88,7.695047974586487,7.691131591796875,7.688472831249237,0.004200922728986607,0.003916382789611816,0.006575143337249401,3321,45,82,11262.062261761717,0.5173578082016969,-1,6
2025-10-15,valid_2025_10,4805.742921899274,14486.121156284655,1,48,67,8.372729063034058,8.35035789012909,8.344009113311767,0.01799605946361024,0.02237117290496826,0.02871994972229075,3321,11,23,9680.378234385382,0.33174808287547364,37,44
2025-10-16,valid_2025_10,1105.1764700230385,4568.566034204552,1,51,67,2.1015266105532646,2.090273790061474,2.0860198482871057,0.009508819933660838,0.011252820491790771,0.01550676226615888,3321,39,61,3463.3895641815134,0.24190883129381413,12,6
2025-10-17,valid_2025_10,5279.998075071766,15486.258602525406,1,47,67,11.287402153015137,11.285618960857391,11.276052474975586,0.008888082843911927,0.0017831921577453613,0.011349678039550781,3321,0,73,10206.26052745364,0.34094730112609223,47,-6
2025-10-18,valid_2025_10,-1831.5545488019068,3072.1838617718595,1,50,67,3.411589927971363,3.4060019329190254,3.3926964953541754,0.01716691188458898,0.0055879950523376465,0.018893432617187678,3321,0,14,4903.7384105737665,-0.5961734815394711,50,53
2025-10-19,valid_2025_10,13519.620248749718,13575.663118875675,1,44,74,7.568002164363861,7.566071093082428,7.559690284729004,0.006768204511368421,0.0019310712814331055,0.008311879634857355,3321,46,74,56.04287012595705,0.9958718134329634,-2,0
2025-10-20,valid_2025_10,4863.408286562256,7375.971512981234,1,47,69,8.295487880706787,8.294101297855377,8.27101690173149,0.021364364198437284,0.0013865828514099121,0.024470978975296376,3321,53,63,2512.563226418978,0.6593583337466761,-6,6
2025-10-21,valid_2025_10,2219.8524864922665,3713.886813889032,1,42,65,5.228201270103455,5.218592047691345,5.214471822977066,0.008688963478250628,0.009609222412109375,0.013729447126388905,3321,38,88,1494.0343273967655,0.5977167850647895,4,-23
2025-10-22,valid_2025_10,1811.2224652996947,18265.779444798118,1,51,66,4.700750850141048,4.697663985192776,4.684480305016041,0.012930992367194473,0.003086864948272705,0.016270545125007807,3321,5,39,16454.556979498422,0.09915933074597098,46,27
2025-10-23,valid_2025_10,-100.68692078884942,6028.1048551994245,1,48,67,9.824281811714172,9.792234480381012,9.767998826503753,0.036518919601853286,0.0320473313331604,0.05628298521041941,3321,55,63,6128.791775988274,-0.016702914631951678,-7,4
2025-10-24,valid_2025_10,15286.01732576179,18973.215695197672,1,49,68,7.215466648340225,7.197173684835434,7.190432286262512,0.015551148989409786,0.01829296350479126,0.025034362077713368,3321,47,85,3687.1983694358823,0.8056629709654778,2,-17
2025-10-25,valid_2025_10,10024.448879813532,11193.12215074733,1,48,84,5.914451442658901,5.9039705619215965,5.897202411293984,0.010962879340794927,0.010480880737304688,0.0172490313649174,3321,53,66,1168.6732709337975,0.8955900547502049,-5,18
2025-10-26,valid_2025_10,12692.870204003892,19018.18106340614,1,47,68,8.254289850592613,8.250484317541122,8.24638445675373,0.005291124270624538,0.0038055330514907837,0.007905393838882446,3321,48,74,6325.310859402249,0.6674071595851454,-1,-6
2025-10-27,valid_2025_10,17423.415276154803,23751.87568377598,1,47,70,14.032377421855927,14.029616475105286,14.022866415977479,0.008288635879018858,0.002760946750640869,0.009511005878447776,3321,48,81,6328.460407621176,0.7335595515960067,-1,-11
2025-10-28,valid_2025_10,9947.259497555013,10870.337997372579,1,48,69,5.970098026096821,5.967854365706444,5.962618337571621,0.006448789428851292,0.0022436603903770447,0.007479688525199535,3321,49,76,923.0784998175659,0.9150828152684232,-1,-7
2025-10-29,valid_2025_10,11911.413207735768,18469.746096273215,1,48,81,11.60306602716446,11.5970458984375,11.594342279434205,0.005665578651781666,0.0060201287269592285,0.008723747730254416,3321,0,88,6558.332888537447,0.6449148323776485,48,-7
2025-10-30,valid_2025_10,13318.411837987558,15900.032885808903,1,48,67,7.2056780606508255,7.196471586823463,7.186668893694877,0.012714468591677797,0.00920647382736206,0.01900916695594823,3321,54,66,2581.621047821345,0.8376342321829099,-6,1
2025-10-31,valid_2025_10,9760.418116850122,10358.816371637906,1,49,69,6.039452314376831,6.028228580951691,6.006235139071942,0.02452029225365812,0.01122373342514038,0.033217175304889324,3321,47,86,598.398254787784,0.942232950819924,2,-17
2025-11-01,valid_2025_11,9368.79565603978,12869.17809566547,1,49,78,14.455001831054688,14.452806413173676,14.451638162136078,0.0022984823428765953,0.002195417881011963,0.003363668918609619,3321,50,88,3500.3824396256896,0.7280026421574918,-1,-10
2025-11-02,valid_2025_11,9825.728294008144,10517.232284326481,1,50,67,7.359789527952671,7.352860189974308,7.327246405184269,0.028231567151012577,0.006929337978363037,0.0325431227684021,3321,53,66,691.503990318337,0.9342503834065865,-3,1
2025-11-03,valid_2025_11,5376.501505044558,13361.719716678785,1,53,82,12.391123831272125,12.372785747051239,12.357914155721664,0.02059149105431479,0.01833808422088623,0.03320967555046117,3321,38,88,7985.2182116342265,0.40238095238095234,15,-6
2025-11-04,valid_2025_11,6941.919229346762,7323.682649823299,1,49,68,9.671527594327927,9.662580758333206,9.64114378094673,0.021558896765838723,0.008946835994720459,0.03038381338119578,3321,51,68,381.76342047653634,0.9478727521753353,-2,0
2025-11-05,valid_2025_11,5567.383215282828,5662.824070401963,1,0,23,4.998699992895126,4.998192936182022,4.940360176563263,0.060731500391307446,0.000507056713104248,0.05833981633186358,3321,0,22,95.44085511913454,0.9831460674157303,0,1
2025-11-06,valid_2025_11,390.04450533904003,922.5949328182962,1,48,67,1.6491074599325657,1.6481524594128132,1.6442313931882382,0.007197793913778596,0.0009550005197525024,0.004876066744327501,3321,51,64,532.5504274792562,0.4227689655172415,-3,3
2025-11-07,valid_2025_11,4205.983044245125,6793.795022201863,1,51,73,2.5373494774103165,2.536046400666237,2.5327394604682922,0.004727562992981686,0.0013030767440795898,0.004610016942024231,3321,29,73,2587.811977956738,0.6190918375517855,22,0
2025-11-08,valid_2025_11,7181.609392892953,8037.637510627492,1,50,77,4.971317261457443,4.970110297203064,4.965846836566925,0.0040150075196917125,0.0012069642543792725,0.0054704248905181885,3321,49,86,856.0281177345387,0.8934975461878338,1,-9
2025-11-09,valid_2025_11,12463.62127000773,12573.171464875311,1,54,70,10.725976884365082,10.72145414352417,10.699792218208312,0.019752154284613486,0.004522740840911865,0.02618466615676951,3321,37,71,109.55019486758101,0.9912869879191879,17,-1
2025-11-10,valid_2025_11,10495.048648234959,11155.171685390123,1,51,74,8.437568128108978,8.433243036270142,8.428207731246948,0.006221916230749112,0.00432509183883667,0.009360396862030385,3321,39,68,660.1230371551646,0.9408235878592774,12,6
2025-11-11,valid_2025_11,7450.043160639192,7485.846206756217,1,49,69,4.530993402004242,4.528808057308197,4.514293558895588,0.012791744614803742,0.002185344696044922,0.016699843108654022,3321,55,69,35.80304611702468,0.9952172346147439,-6,0
2025-11-12,valid_2025_11,9649.283603787564,10483.503486127382,1,53,75,9.855133831501007,9.84950852394104,9.849391317367553,0.0030105499677539303,0.005625307559967041,0.005742514133453724,3321,44,68,834.2198823398176,0.9204254681229682,9,7
2025-11-13,valid_2025_11,9146.450277230568,9537.757783219018,1,49,70,5.200772523880005,5.19227933883667,5.189823293685913,0.007203226993788986,0.008493185043334961,0.010949230194091442,3321,40,68,391.30750598845043,0.9589727989657142,9,2
2025-11-14,valid_2025_11,3738.061982490707,3791.5724885941686,1,51,69,5.007414817810059,5.00534775853157,4.999796432256699,0.0055157719809727345,0.002067059278488159,0.007618385553359808,3321,35,66,53.510506103461466,0.985886988508216,16,3
2025-11-15,valid_2025_11,8345.596517840402,8345.596517840402,1,53,76,6.265492498874664,6.263911724090576,6.2621704041957855,0.002216182480819906,0.0015807747840881348,0.003322094678878784,3321,47,77,0.0,1.0,6,-1
2025-11-16,valid_2025_11,9486.820998841937,9645.889090707162,1,50,77,4.448160484433174,4.447744458913803,4.445960301160812,0.0019603387371164584,0.0004160255193710327,0.002200183272361933,3321,59,78,159.06809186522514,0.9835092348284958,-9,-1
2025-11-17,valid_2025_11,7080.874751676545,7342.583120498723,1,50,71,4.277145326137543,4.275249361991882,4.264778979122639,0.011552301828330383,0.0018959641456604004,0.012366347014904022,3321,52,74,261.70836882217736,0.9643574523396881,-2,-3
2025-11-18,valid_2025_11,9092.720257160334,10104.393321423157,1,49,69,8.480808764696121,8.469262480735779,8.460556197166444,0.013453797686521723,0.011546283960342407,0.020252567529677634,3321,48,67,1011.6730642628227,0.8998779014156257,1,2
2025-11-19,valid_2025_11,8716.931434214255,10200.934927737997,1,50,88,8.17360982298851,8.171456307172775,8.168840652704239,0.0035135366902963013,0.0021535158157348633,0.0047691702842715955,3321,35,68,1484.0034935237418,0.8545227957989914,15,20
2025-11-20,valid_2025_11,8462.422487229898,8685.117815841211,1,51,68,8.069022238254547,8.061373591423035,8.047562891244889,0.0187866237283249,0.007648646831512451,0.021459347009658458,3321,39,70,222.69532861131302,0.9743589743589743,12,-2
2025-11-21,valid_2025_11,6683.354046019839,7103.440151188545,1,51,68,6.975580841302872,6.974175125360489,6.960010880231858,0.014316858074766532,0.0014057159423828125,0.015569961071014049,3321,36,67,420.0861051687061,0.9408615971659284,15,1
2025-11-22,valid_2025_11,5774.731654390984,6264.524578776868,1,51,73,3.496695652604103,3.4954649209976196,3.495021787285805,0.0010527171536608186,0.0012307316064834595,0.0016738653182981622,3321,38,71,489.79292438588436,0.9218148291659325,13,2
2025-11-23,valid_2025_11,5747.464202083447,6269.694291762487,1,52,73,5.496709257364273,5.496459424495697,5.4915601193904875,0.004222229456026575,0.0002498328685760498,0.005149137973785578,3321,52,75,522.2300896790402,0.9167056533577437,0,-2
2025-11-24,valid_2025_11,7519.555916784295,10017.17946801529,1,52,72,5.977332055568695,5.974968492984772,5.967332720756531,0.007651184008558891,0.00236356258392334,0.009999334812164307,3321,50,66,2497.623551230996,0.7506659874462794,2,6
2025-11-25,valid_2025_11,1565.2300239538001,1565.2300239538001,1,50,76,3.301178425550461,3.3009697049856186,3.2983176901936533,0.0031527420637471317,0.00020872056484222412,0.002860735356807531,3321,50,76,0.0,1.0,0,0
2025-11-26,valid_2025_11,6633.664355482981,7918.575043866372,1,50,82,3.8991564214229584,3.8962784707546234,3.8946128487586975,0.0028436647926228385,0.002877950668334961,0.004543572664260864,3321,51,80,1284.910688383391,0.8377346073926941,-1,2
2025-11-27,valid_2025_11,2444.567979870268,3235.7981197025892,1,51,72,4.421898901462555,4.419380009174347,4.417511987686157,0.002803550224882728,0.002518892288208008,0.004386913776397883,3321,13,68,791.2301398323211,0.7554760493200839,38,4
2025-11-28,valid_2025_11,2502.064732355872,6405.093051558166,1,52,71,2.9352429807186127,2.9349769055843353,2.9267856538295747,0.0068917948269001175,0.00026607513427734375,0.008457326889037997,3321,43,84,3903.028319202294,0.39063674988253216,9,-13
2025-11-29,valid_2025_11,3071.903901930175,5801.283300285127,1,0,25,4.331275522708893,4.309286117553711,4.280288930237293,0.04343496586154005,0.021989405155181885,0.050986592471599756,3321,35,67,2729.3793983549517,0.5295214425710246,-35,-42
2025-11-30,valid_2025_11,9734.967222151685,10816.630246835208,1,52,83,9.156450092792511,9.151290893554688,9.147266054153443,0.007725817447887711,0.005159199237823486,0.009184038639068248,3321,53,88,1081.663024683523,0.8999999999999998,-1,-5
2025-12-01,valid_2025_12,2712.187318986156,7602.923503730859,1,54,70,5.818845134228468,5.81428636610508,5.7970787234604355,0.016117723457797908,0.00455876812338829,0.02176641076803243,3321,28,37,4890.736184744703,0.3567295287997108,26,33
2025-12-02,valid_2025_12,6566.330832196431,7113.525068212801,1,49,71,5.734837047755718,5.723727159202099,5.718776850402355,0.00991484924541955,0.011109888553619385,0.016060197353363392,3321,41,74,547.1942360163694,0.923076923076923,8,-3
2025-12-03,valid_2025_12,7834.027171678169,9007.214795059102,1,49,86,7.353030681610107,7.350561797618866,7.346489584445953,0.00447413584171634,0.002468883991241455,0.006541097164154408,3321,55,74,1173.1876233809335,0.8697502335544963,-6,12
2025-12-04,valid_2025_12,9551.4694527378,11898.293271518725,1,52,66,7.894470781087875,7.874439477920532,7.842105904221535,0.04399365511640441,0.02003130316734314,0.05236487686634028,3321,47,67,2346.8238187809256,0.8027596256684492,5,-1
2025-12-05,valid_2025_12,4312.879983340392,4598.152699291484,1,50,71,4.388653367757797,4.387412577867508,4.383890789747238,0.0045800026190344085,0.0012407898902893066,0.004762578010558904,3321,58,85,285.2727159510923,0.937959277430032,-8,-14
2025-12-06,valid_2025_12,437.4531594385513,1382.2635419667454,1,50,71,5.777705162763596,5.776399940252304,5.770135557651519,0.00603846655831145,0.001305222511291504,0.007569605112076161,3321,35,88,944.810382528194,0.3164759440997219,15,-17
2025-12-07,valid_2025_12,10021.28978750909,15016.027872077111,1,53,69,11.394761502742767,11.389814496040344,11.380953085422515,0.01625300808463463,0.004947006702423096,0.013808417320252175,3321,17,83,4994.738084568022,0.6673728813559322,36,-14
2025-12-08,valid_2025_12,6304.841977341028,7915.851798133639,1,54,70,7.078347891569138,7.077923148870468,7.069247287511826,0.008013625438493932,0.0004247426986694336,0.009100604057311834,3321,35,87,1611.0098207926112,0.7964830744844861,19,-17
2025-12-09,valid_2025_12,10466.680444731715,10593.934918223893,1,53,68,9.747164011001587,9.74406909942627,9.731746542453767,0.011449097564403909,0.003094911575317383,0.015417468547820334,3321,41,65,127.25447349217757,0.9879879879879881,12,3
2025-12-10,valid_2025_12,6262.84481972677,7441.205337455161,1,53,82,12.281461715698242,12.277135729789734,12.272468817234039,0.00590366093066764,0.004325985908508301,0.008992898464203591,3321,55,67,1178.3605177283907,0.8416438648995296,-2,15
2025-12-11,valid_2025_12,6116.374920737272,25769.030882166226,1,51,66,7.8429189175367355,7.815540477633476,7.799342000484467,0.029062610849808098,0.027378439903259277,0.04357691705226863,3321,6,85,19652.655961428954,0.23735370370370368,45,-19
2025-12-12,valid_2025_12,-11244.29753726221,9467.732827818112,1,51,69,2.333924762904644,2.328855834901333,2.32363767772913,0.007558189874831112,0.005068928003311157,0.010287085175514132,3321,34,51,20712.03036508032,-1.1876441532258062,17,18
2025-12-13,valid_2025_12,3713.209183817685,4825.562806145682,1,54,69,8.429275542497635,8.401024132966995,8.390191775560378,0.024364948842610257,0.02825140953063965,0.03908376693725657,3321,46,66,1112.353622327997,0.7694872770257307,8,3
2025-12-14,valid_2025_12,2664.708674926226,3981.9356368529566,1,47,68,8.656680554151535,8.649531930685043,8.643305999040603,0.010834103697533065,0.007148623466491699,0.013374555110932107,3321,56,65,1317.2269619267304,0.6691993336768812,-9,3
2025-12-15,valid_2025_12,11802.852416399592,11961.920508264815,1,49,80,12.539889514446259,12.530117630958557,12.51824518442154,0.015075173020523065,0.009771883487701416,0.021644330024718883,3321,40,82,159.06809186522332,0.9867021276595745,9,-2
2025-12-16,valid_2025_12,9416.831038421238,9575.899130286462,1,52,67,10.027219027280807,10.006968468427658,9.97816311120987,0.035704535093569495,0.020250558853149414,0.0490559160709374,3321,48,87,159.06809186522332,0.9833887043189369,4,-20
2025-12-17,valid_2025_12,6682.56188692235,7365.352127168311,1,49,70,6.780101329088211,6.775925904512405,6.769534194469452,0.00784631072792929,0.004175424575805664,0.0105671346187588,3321,34,66,682.7902402459613,0.907296999728312,15,4
2025-12-18,valid_2025_12,460.266705173862,4304.280762294157,1,48,70,4.211525022983551,4.205710411071777,4.201373612880706,0.007507901980392402,0.005814611911773682,0.010151410102844594,3321,0,11,3844.014057120295,0.10693231473323837,48,59
2025-12-19,valid_2025_12,8093.025020214962,8844.185907706433,1,2,68,6.662747085094452,6.654109209775925,6.652109760046005,0.007223859036506802,0.008637875318527222,0.010637325048446833,3321,6,70,751.1608874914709,0.9150672661870504,-4,-2
2025-12-20,valid_2025_12,9223.69374264032,9255.507361013366,1,55,70,8.816069781780243,8.797826409339905,8.78172847032547,0.02263664179954595,0.018243372440338135,0.034341311454772594,3321,39,69,31.813618373045756,0.9965627364192855,16,1
2025-12-21,valid_2025_12,6050.950214553106,7005.358765744448,1,49,69,6.1664427518844604,6.158210575580597,6.154066503047943,0.008588324539676753,0.008232176303863525,0.012376248836517334,3321,40,72,954.4085511913418,0.8637602179836512,9,-3
2025-12-22,valid_2025_12,2320.8479993793344,4748.357517077977,1,49,69,3.733598530292511,3.72962749004364,3.7210524499416353,0.0088257642604793,0.00397104024887085,0.012546080350875677,3321,17,31,2427.5095176986424,0.488768588092231,32,38
2025-12-23,valid_2025_12,10434.86682635867,10434.86682635867,1,51,67,9.11601123213768,9.10675248503685,9.090368884801865,0.02243175304171055,0.009258747100830078,0.02564234733581472,3321,42,67,0.0,1.0,9,0
2025-12-24,valid_2025_12,9671.896723727124,9825.502417317695,1,54,87,9.994699954986572,9.986574411392212,9.979311573505402,0.011934288051634814,0.008125543594360352,0.015388381481169944,3321,46,85,153.6056935905708,0.9843666321510606,8,2
2025-12-25,valid_2025_12,10650.152763250902,11095.330269230428,1,54,69,12.238816916942596,12.232097089290619,12.217093503475189,0.01977384818347892,0.006719827651977539,0.021723413467407582,3321,51,70,445.17750597952545,0.9598770387922483,3,-1
2025-12-26,valid_2025_12,2756.5927675112544,7346.620268670262,1,54,68,10.802911251783371,10.760724306106567,10.754637748003006,0.03001844454198883,0.04218694567680359,0.04827350378036499,3321,37,66,4590.027501159007,0.37521917108834013,17,2
2025-12-27,valid_2025_12,2381.0425467029727,7411.580496026181,1,50,69,7.472079202532768,7.460638865828514,7.447724038362503,0.016327215953208265,0.01144033670425415,0.024355164170264842,3321,52,77,5030.5379493232085,0.3212597566712796,-2,-8
2025-12-28,valid_2025_12,11698.306503702092,11889.18821394036,1,54,73,10.312009572982788,10.307086706161499,10.297082316875457,0.01207836130958685,0.0049228668212890625,0.014927256107331033,3321,48,71,190.88171023826908,0.9839449332617634,6,2
2025-12-29,valid_2025_12,10883.41657588574,12388.222994463616,1,50,84,13.121642410755157,13.12116426229477,13.116828501224518,0.003868989146140059,0.0004781484603881836,0.0048139095306396484,3321,52,66,1504.8064185778767,0.8785292758089368,-2,18
2025-12-30,valid_2025_12,7380.759462546374,31559.109426060364,1,51,68,11.441350758075714,11.430341005325317,11.39896103143692,0.032622991310431525,0.011009752750396729,0.04238972663879359,3321,50,82,24178.34996351399,0.23387096774193544,1,-14
2025-12-31,valid_2025_12,2926.852890320113,22576.101613221315,1,52,67,7.6856363117694855,7.682601183652878,7.672792848944664,0.011007730263487366,0.003035128116607666,0.012843462824821295,3321,0,10,19649.248722901204,0.12964385705130113,52,57
2025-01-02,valid_2025_jan_feb,9925.848932389954,9957.662550762998,1,51,69,3.1555092856287956,3.1483384296298027,3.1454080924391747,0.006427825797501458,0.00717085599899292,0.010101193189620883,3321,46,70,31.813618373043937,0.9968051118210863,5,-1
2025-01-03,valid_2025_jan_feb,9307.207672231401,9307.207672231401,1,50,68,4.814065456390381,4.807459324598312,4.799865770339966,0.010059925207016334,0.0066061317920684814,0.014199686050415217,3321,46,67,0.0,1.0,4,1
2025-01-04,valid_2025_jan_feb,3055.494437573358,3539.1982354026422,1,52,78,7.640840977430344,7.637172520160675,7.631438207626343,0.007504693237439169,0.003668457269668579,0.009402769804000677,3321,41,88,483.7037978292842,0.8633295549848581,11,-10
2025-01-05,valid_2025_jan_feb,8971.440381198616,9216.494320802502,1,51,78,7.886012434959412,7.884007275104523,7.87948887348175,0.005005186943313477,0.002005159854888916,0.0065235614776613104,3321,43,88,245.05393960388574,0.9734113719301302,8,-10
2025-01-07,valid_2025_jan_feb,8402.352013017915,9194.135709809927,1,52,84,8.286602765321732,8.285607427358627,8.276718419790267,0.010368128069492805,0.000995337963104248,0.009884345531464334,3321,42,88,791.783696792012,0.913881660899654,10,-4
2025-01-08,valid_2025_jan_feb,30811.489394293814,34969.52931565076,1,50,80,6.6914607882499695,6.688293933868408,6.674504989385605,0.016100901533059247,0.0031668543815612793,0.01695579886436427,3321,53,82,4158.039921356947,0.8810953420669577,-3,-2
2025-01-09,valid_2025_jan_feb,25743.999927230314,26363.7101249662,1,48,70,5.2610713839530945,5.254443496465683,5.248578715324402,0.008639363491615445,0.006627887487411499,0.012492668628692805,3321,52,67,619.710197735887,0.9764938168869856,-4,3
2025-01-10,valid_2025_jan_feb,5521.396629924591,5521.396629924591,1,51,68,3.720936417579651,3.710391104221344,3.706417644023895,0.008971427235677659,0.010545313358306885,0.014518773555755704,3321,51,68,0.0,1.0,0,0
2025-01-11,valid_2025_jan_feb,9151.540456170256,9253.344034963999,1,53,75,7.45162507891655,7.445558995008469,7.437456095218659,0.009556529133715241,0.006066083908081055,0.01416898369789088,3321,55,70,101.80357879374242,0.9889981850443391,-2,5
2025-01-13,valid_2025_jan_feb,7313.8967808117495,7415.550835599139,1,0,69,8.031228572130203,8.027004212141037,8.005260914564133,0.022535686679341735,0.00422435998916626,0.025967657566070557,3321,4,66,101.65405478738921,0.9862917729186903,-4,3
2025-01-14,valid_2025_jan_feb,8457.424567783492,8519.887426097128,1,52,69,6.55937372148037,6.553893014788628,6.537979909777642,0.01949937955718579,0.005480706691741943,0.021393811702727916,3321,42,67,62.46285831363639,0.9926685817323938,10,2
2025-01-15,valid_2025_jan_feb,2077.96056718665,2162.4416307762704,1,52,72,7.741601467132568,7.740763187408447,7.730724573135376,0.011076426074165105,0.0008382797241210938,0.010876893997192383,3321,49,73,84.48106358962013,0.9609325577221276,3,-1
2025-01-16,valid_2025_jan_feb,4644.78828246453,8575.955747117783,1,50,68,8.539504945278168,8.522822737693787,8.51596359014511,0.01642271205489384,0.016682207584381104,0.023541355133056996,3321,0,29,3931.167464653253,0.5416059060269237,50,39
2025-01-17,valid_2025_jan_feb,9413.649676583933,9703.15360377864,1,51,68,7.0046640038490295,7.0042625069618225,6.995850145816803,0.009354664033661416,0.00040149688720703125,0.008813858032226562,3321,41,66,289.503927194708,0.9701639344262294,10,2
2025-01-18,valid_2025_jan_feb,9162.322091436881,9703.153603778643,1,54,80,11.118894934654236,11.105359137058258,11.089612913131713,0.018985146716839665,0.013535797595977783,0.029282021522522683,3321,43,71,540.8315123417615,0.9442622950819671,11,9
2025-01-19,valid_2025_jan_feb,9760.418116850122,12765.45615568383,1,51,68,7.707575082778931,7.6997843980789185,7.689971303939819,0.014788346942982011,0.007790684700012207,0.017603778839111683,3321,0,21,3005.038038833709,0.7645961098306924,51,47
2025-01-20,valid_2025_jan_feb,26023.539829150584,38176.34204765367,1,51,79,11.63074117898941,11.628523230552673,11.626758790016174,0.002604731718120703,0.0022179484367370605,0.003982388973236439,3321,43,87,12152.802218503086,0.6816666666666666,8,-8
2025-01-21,valid_2025_jan_feb,16368.832003430416,29051.105091154248,1,49,70,6.213855415582657,6.2061284482479095,6.200658363103867,0.009082169600814748,0.0077269673347473145,0.013197052478790106,3321,52,88,12682.273087723832,0.5634495469989729,-3,-18
2025-01-22,valid_2025_jan_feb,16557.79535248079,29899.55838635416,1,51,72,8.807331442832947,8.806555390357971,8.789743423461914,0.014249822187003597,0.0007760524749755859,0.017588019371032715,3321,50,68,13341.763033873372,0.5537805989816087,1,4
2025-01-23,valid_2025_jan_feb,26094.341036839793,29116.63478227904,1,51,71,9.483051419258118,9.46814239025116,9.445169591903687,0.02865609162802052,0.014909029006958008,0.0378818273544308,3321,51,72,3022.2937454392486,0.8962004445898852,0,-1
2025-01-24,valid_2025_jan_feb,17477.98517575008,27741.242981880874,1,50,68,5.271298095583916,5.268538072705269,5.259715959429741,0.008997211991525905,0.0027600228786468506,0.011582136154174805,3321,0,19,10263.257806130794,0.6300361230088278,50,49
2025-01-25,valid_2025_jan_feb,12.054180001546099,619.0134794935193,1,54,69,2.668011412024498,2.6626531332731247,2.6523107796907426,0.010956569188598827,0.005358278751373291,0.015700632333755404,3321,18,30,606.9592994919732,0.019473210844146566,36,39
2025-01-26,valid_2025_jan_feb,6017.536371175898,6787.01235876473,1,54,80,10.021123588085175,10.013655424118042,10.009032845497131,0.007936968427843095,0.007468163967132568,0.012090742588043213,3321,35,83,769.4759875888321,0.8866252266956413,19,-3
2025-01-27,valid_2025_jan_feb,8621.490579095122,8812.37228933339,1,54,78,10.005484819412231,10.000587701797485,9.995526599884034,0.006627309425636771,0.004897117614746094,0.009958219528197532,3321,45,73,190.88171023826908,0.9783393501805053,9,5
2025-01-28,valid_2025_jan_feb,7826.150119769001,7826.150119769001,1,55,73,11.071961462497711,11.067768275737762,11.063429760932923,0.0064499991291595725,0.0041931867599487305,0.008531701564788108,3321,39,73,0.0,1.0,16,0
2025-01-29,valid_2025_jan_feb,9321.390183302105,9353.203801675148,1,52,72,10.393636167049408,10.383227467536926,10.380701172351838,0.007845148661749273,0.01040869951248169,0.01293499469757009,3321,47,73,31.813618373043937,0.9965986394557824,5,-1
2025-01-30,valid_2025_jan_feb,10307.61235286649,10975.698338700431,1,53,74,11.069562554359436,11.065155684947968,11.06276649236679,0.004676364198391424,0.004406869411468506,0.006796061992645264,3321,46,66,668.0859858339409,0.9391304347826086,7,8
2025-01-31,valid_2025_jan_feb,9245.037499206797,9254.581584718711,1,52,70,7.237738683819771,7.22811932861805,7.223399969935417,0.01033016898418602,0.009619355201721191,0.014338713884353815,3321,49,69,9.54408551191409,0.9989687177724303,3,1
2025-02-01,valid_2025_jan_feb,8907.813144452526,8907.813144452526,1,54,73,11.831482708454132,11.826792180538177,11.820476269721985,0.009113879876881507,0.00469052791595459,0.011006438732147572,3321,45,71,0.0,1.0,9,2
2025-02-02,valid_2025_jan_feb,5971.94109332365,6232.27829519395,1,55,74,4.89416678994894,4.883932791650295,4.883681343495846,0.005781806036686908,0.01023399829864502,0.010485446453094127,3321,41,73,260.3372018702994,0.9582276032071515,14,1
2025-02-03,valid_2025_jan_feb,9003.253999571658,9130.508473063837,1,55,80,11.340700328350067,11.338863909244537,11.32695769071579,0.012451120854990444,0.0018364191055297852,0.013742637634276633,3321,38,84,127.25447349217939,0.9860627177700348,17,-4
2025-02-04,valid_2025_jan_feb,2768.5674134668675,4025.2785105243925,1,51,72,3.385261580348015,3.3838921040296555,3.3834942072629928,0.0011099848413870924,0.001369476318359375,0.0017673730850220615,3321,34,76,1256.711097057525,0.6877952435410967,17,-4
2025-02-05,valid_2025_jan_feb,278.6682087768475,745.6062297235371,1,51,88,4.306161157786846,4.306113950908184,4.300128965079784,0.006115802421138213,4.7206878662109375e-05,0.006032192707062123,3321,34,81,466.9380209466896,0.3737471572362998,17,7
2025-02-06,valid_2025_jan_feb,8335.168013737719,8366.981632110763,1,52,88,7.4267343282699585,7.422165095806122,7.418099379539489,0.0065290711290703,0.00456923246383667,0.008634948730469105,3321,44,85,31.813618373043937,0.9961977186311788,8,3
2025-02-07,valid_2025_jan_feb,28791.324627605478,37823.210883712876,1,55,79,11.380574405193329,11.377635061740875,11.373354887962341,0.005311542139475428,0.0029393434524536133,0.007219517230987904,3321,47,73,9031.886256107398,0.7612078391790731,8,6
2025-02-08,valid_2025_jan_feb,30986.464295345562,31050.091532091654,1,51,70,10.587710976600647,10.58566278219223,10.565074920654297,0.021793965614715183,0.002048194408416748,0.022636055946350098,3321,53,69,63.62723674609151,0.9979508196721311,-2,1
2025-02-09,valid_2025_jan_feb,8176.099921872494,8176.099921872494,1,56,71,8.22769321501255,8.227148666977882,8.22068556845188,0.006722443682985417,0.0005445480346679688,0.007007646560669656,3321,46,71,0.0,1.0,10,0
2025-02-10,valid_2025_jan_feb,2171.7471141503856,4270.542420009543,1,54,71,4.594955787062645,4.5912110060453415,4.588083371520042,0.005644241175597872,0.003744781017303467,0.006872415542602539,3321,0,9,2098.7953058591575,0.5085412813076641,54,62
2025-02-11,valid_2025_jan_feb,21824.142203908683,22046.837532519996,1,53,76,8.358811497688293,8.358421325683594,8.35744833946228,0.0014989855803405857,0.00039017200469970703,0.0013631582260131836,3321,51,75,222.69532861131302,0.98989898989899,2,1
2025-02-12,valid_2025_jan_feb,3393.065560767898,3393.065560767898,1,53,72,5.166243590414524,5.1653576865792274,5.163013432919979,0.0028014730558179593,0.0008859038352966309,0.0032301574945448053,3321,37,72,0.0,1.0,16,0
2025-02-13,valid_2025_jan_feb,24464.672528871393,25864.471737285363,1,54,73,10.74074900150299,10.738873660564423,10.735551750659942,0.0036917284998047102,0.0018753409385681152,0.005197250843048451,3321,40,69,1399.7992084139696,0.9458794587945879,14,4
2025-02-14,valid_2025_jan_feb,3927.760226125499,4056.252249372389,1,51,72,4.6363730058074,4.633601866662502,4.632608935236931,0.002564211818923165,0.002771139144897461,0.0037640705704689026,3321,46,73,128.4920232468903,0.9683224771667562,5,-1
2025-02-15,valid_2025_jan_feb,8812.37228933339,34517.77593475353,1,56,80,11.773429811000824,11.763178408145905,11.75424484014511,0.012804659707000355,0.010251402854919434,0.019184970855713246,3321,34,88,25705.40364542014,0.2552995391705069,22,-8
2025-02-16,valid_2025_jan_feb,38176.34204765367,38176.34204765367,1,56,80,11.134369611740112,11.134081482887268,11.130523419380188,0.005338865523277959,0.0002881288528442383,0.0038461923599246717,3321,45,74,0.0,1.0,11,6
2025-02-17,valid_2025_jan_feb,3499.4980210349204,19310.866352438148,1,52,80,11.437565565109253,11.430649757385254,11.428093874454499,0.005816138778733552,0.0069158077239990234,0.009471690654754283,3321,6,25,15811.368331403228,0.18121911037891272,46,55
2025-02-18,valid_2025_jan_feb,33149.79034471261,33531.55376518914,1,52,72,8.127676963806152,8.126550912857056,8.121837264299392,0.006991548615897285,0.0011260509490966797,0.005839699506759999,3321,50,75,381.7634204765345,0.9886148007590133,2,-3
2025-02-19,valid_2025_jan_feb,6553.605384847215,22174.09200601217,1,52,71,7.426178142428398,7.4208934754133224,7.412310698628426,0.010302254437445918,0.005284667015075684,0.013867443799972179,3321,55,87,15620.486621164957,0.29555236728837886,-3,-16
2025-02-20,valid_2025_jan_feb,32449.89074050562,32660.996367943633,1,51,72,9.7402483522892,9.739950686693192,9.721933716535569,0.01713047769050451,0.0002976655960083008,0.018314635753631237,3321,49,73,211.10562743801347,0.9935364608887066,2,-1
2025-02-21,valid_2025_jan_feb,33086.16310796652,34246.71754349151,1,54,76,10.43216848373413,10.43201994895935,10.43037439584732,0.0014058009499261688,0.00014853477478027344,0.0017940878868110133,3321,49,71,1160.554435524995,0.9661119511949969,5,5
2025-02-22,valid_2025_jan_feb,10800.723437648685,31972.686464909948,1,57,80,8.941990584135056,8.930565506219864,8.929436284303666,0.00801338665614821,0.01142507791519165,0.01255429983138967,3321,48,88,21171.963027261263,0.33781094527363187,9,-8
2025-02-23,valid_2025_jan_feb,23328.9263529537,30553.799085472154,1,53,70,9.883429259061813,9.883324831724167,9.865137165784835,0.018446812950009012,0.00010442733764648438,0.018292093276977894,3321,48,72,7224.872732518455,0.7635360266555602,5,-2
2025-02-24,valid_2025_jan_feb,4262.818073468568,4739.659673814786,1,50,73,3.8028037026524544,3.7995499446988106,3.792048139870167,0.009243064669280187,0.003253757953643799,0.010755562782287509,3321,2,24,476.841600346218,0.8993932828171975,48,49
2025-02-25,valid_2025_jan_feb,38176.34204765367,38176.34204765367,1,55,75,11.179918706417084,11.178705394268036,11.171506977081298,0.009352580002852072,0.0012133121490478516,0.008411729335785267,3321,51,75,0.0,1.0,4,0
2025-02-26,valid_2025_jan_feb,38176.34204765367,38176.34204765367,1,55,72,11.281604409217834,11.271144449710846,11.258940827846526,0.014718781104275129,0.010459959506988525,0.022663581371308084,3321,47,71,0.0,1.0,8,1
2025-02-27,valid_2025_jan_feb,6603.409604410214,7413.314338227512,1,55,73,7.830452650785446,7.827865451574326,7.828192883729935,0.001145251352654117,0.0025871992111206055,0.0022597670555111193,3321,50,74,809.9047338172977,0.8907499807959118,5,-1
2025-02-28,valid_2025_jan_feb,9035.067617944704,9162.322091436883,1,53,71,6.185205139219761,6.181248642504215,6.178297664225101,0.005364040215009164,0.003956496715545654,0.0069074749946596015,3321,48,73,127.25447349217939,0.986111111111111,5,-2
