regime,method,days,mean_profit,worst_profit,p10_profit,loss_days,mean_lift_vs_anchor,positive_lift_days,negative_lift_days,changed_days
standard_09_12,anchor_top1,120,7991.350949359346,-15925.897357546191,947.2304444778312,4,0.0,0,0,0
standard_09_12,bad_day_action_not_no_trade,120,7992.3685874770545,-15925.897357546191,1485.0224837202322,4,1.0176381177077531,6,3,13
standard_09_12,oracle_top10,120,8709.583893471561,-9394.211555758002,2130.5834733375036,2,718.232944112213,93,0,93
jan_feb_like,anchor_top1,56,14153.49983443873,8.7837400327971,2395.6052305132343,0,0.0,0,0,0
jan_feb_like,bad_day_action_not_no_trade,56,14154.032655736444,5.7614462873578995,2395.6052305132343,0,0.5328212977157124,2,1,3
jan_feb_like,oracle_top10,56,14932.54728997529,8.7837400327971,3035.0271461930597,0,779.0474555365602,38,0,38
winter_11_12_jan_feb,anchor_top1,117,10170.888161594235,-12550.12249836404,2248.4777440319654,1,0.0,0,0,0
winter_11_12_jan_feb,bad_day_action_not_no_trade,117,10172.179957646942,-12359.014911435324,2248.4777440319654,1,1.2917960527065195,3,3,9
winter_11_12_jan_feb,oracle_top10,117,10758.616509455476,-9394.211555758002,2903.6340390867317,1,587.7283478612411,81,0,81
all_5fold,anchor_top1,176,9952.034685520968,-15925.897357546191,1502.6558179758608,4,0.0,0,0,0
all_5fold,bad_day_action_not_no_trade,176,9952.898063741406,-15925.897357546191,1751.1154054265821,4,0.8633782204375595,8,4,16
all_5fold,oracle_top10,176,10689.617701450019,-9394.211555758002,2303.5048053232695,2,737.5830159290507,131,0,131
