date,fold,action,feature,op,threshold,feature_value,triggered,top1_profit,gate_profit,lift_vs_top1,top1_regret,oracle10_lift,loss_day,high_regret_top25
2025-09-01,valid_2025_09,rank10,top10_weather_spread_mean,<=,0.3400005198285678,0.8585695127930606,False,6959.229019103534,6959.229019103534,0.0,713.818062245191,501.0644893754534,False,False
2025-09-02,valid_2025_09,rank10,top10_weather_spread_mean,<=,0.3400005198285678,0.5080805695147093,False,6350.049129049124,6350.049129049124,0.0,973.23585054451,0.0,False,False
2025-09-03,valid_2025_09,rank10,top10_weather_spread_mean,<=,0.3400005198285678,0.9350965673915038,False,7206.793053197055,7206.793053197055,0.0,1686.1217737713714,763.5268409530727,False,False
2025-09-04,valid_2025_09,rank10,top10_weather_spread_mean,<=,0.3400005198285678,0.8664686415666039,False,6617.232621593302,6617.232621593302,0.0,1622.4945370252815,731.7132225800287,False,False
2025-09-05,valid_2025_09,rank10,top10_weather_spread_mean,<=,0.3400005198285678,1.1655516440436449,False,10679.373571726544,10679.373571726544,0.0,10.002201616485763,10.002201616483944,False,False
2025-09-06,valid_2025_09,rank10,top10_weather_spread_mean,<=,0.3400005198285678,1.325071915368225,False,7182.732413621523,7182.732413621523,0.0,166.2134305518084,6.82083977918046,False,False
2025-09-07,valid_2025_09,rank10,top10_weather_spread_mean,<=,0.3400005198285678,1.7448694303909433,False,8239.727158618583,8239.727158618583,0.0,16574.8951723563,63.62723674608969,False,True
2025-09-08,valid_2025_09,rank10,top10_weather_spread_mean,<=,0.3400005198285678,1.2766065540194727,False,18294.220819623617,18294.220819623617,0.0,1786.0515304429427,95.44085511913363,False,False
2025-09-09,valid_2025_09,rank10,top10_weather_spread_mean,<=,0.3400005198285678,1.6207352640333532,False,15111.468727196245,15111.468727196245,0.0,7444.386699292467,3658.56611290014,False,True
2025-09-10,valid_2025_09,rank10,top10_weather_spread_mean,<=,0.3400005198285678,0.770127340802493,False,6464.543160211875,6464.543160211875,0.0,298.98120410803585,4.441181124876493,False,False
2025-09-11,valid_2025_09,rank10,top10_weather_spread_mean,<=,0.3400005198285678,1.1036240492748406,False,7755.075314961783,7755.075314961783,0.0,1138.0685700589274,616.3252287409978,False,False
2025-09-12,valid_2025_09,rank10,top10_weather_spread_mean,<=,0.3400005198285678,0.7569275273596558,False,4986.606523711871,4986.606523711871,0.0,690.765914372083,572.6451307148054,False,False
2025-09-13,valid_2025_09,rank10,top10_weather_spread_mean,<=,0.3400005198285678,1.125697707062296,False,5454.540310913638,5454.540310913638,0.0,0.9289576564924572,0.8430608868857234,False,False
2025-09-14,valid_2025_09,rank10,top10_weather_spread_mean,<=,0.3400005198285678,1.1501150584733841,False,36565.65672576847,36565.65672576847,0.0,1228.3524376397836,644.0476157912635,False,False
2025-09-15,valid_2025_09,rank10,top10_weather_spread_mean,<=,0.3400005198285678,1.261726501316084,False,7262.180562784527,7262.180562784527,0.0,-9.094947017729282e-13,0.0,False,False
2025-09-16,valid_2025_09,rank10,top10_weather_spread_mean,<=,0.3400005198285678,0.42773446742101007,False,32795.51389051038,32795.51389051038,0.0,-7.275957614183426e-12,0.0,False,False
2025-09-17,valid_2025_09,rank10,top10_weather_spread_mean,<=,0.3400005198285678,1.1490265730944174,False,29075.897443952363,29075.897443952363,0.0,5743.598847451121,1955.3222497204006,False,True
2025-09-18,valid_2025_09,rank10,top10_weather_spread_mean,<=,0.3400005198285678,1.0037175823887519,False,26946.13476196888,26946.13476196888,0.0,5202.493737991354,1546.1418529299735,False,True
2025-09-19,valid_2025_09,rank10,top10_weather_spread_mean,<=,0.3400005198285678,1.0293514743619891,False,5484.779155177218,5484.779155177218,0.0,8141.229014773798,0.0,False,True
2025-09-20,valid_2025_09,rank10,top10_weather_spread_mean,<=,0.3400005198285678,0.49350107286205047,False,14214.324689076382,14214.324689076382,0.0,398.6532704707897,0.0,False,False
2025-09-21,valid_2025_09,rank10,top10_weather_spread_mean,<=,0.3400005198285678,0.12714419539565272,True,459.25821347143625,810.9641273091208,351.7059138376846,3354.663342029796,351.7059138376846,False,False
2025-09-22,valid_2025_09,rank10,top10_weather_spread_mean,<=,0.3400005198285678,0.8014702632682263,False,0.0,0.0,0.0,2920.585607500625,127.25447349217856,False,False
2025-09-23,valid_2025_09,rank10,top10_weather_spread_mean,<=,0.3400005198285678,1.2286533955706813,False,3075.9728637200874,3075.9728637200874,0.0,3095.465067697252,1781.5626288905046,False,False
2025-09-24,valid_2025_09,rank10,top10_weather_spread_mean,<=,0.3400005198285678,1.4814247038209247,False,14729.705306719708,14729.705306719708,0.0,1177.1038798026548,1177.1038798026511,False,False
2025-09-25,valid_2025_09,rank10,top10_weather_spread_mean,<=,0.3400005198285678,0.10594683652240348,True,11160.35730518493,11288.07307614352,127.71577095858993,2898.681931250785,127.71577095858993,False,False
2025-09-26,valid_2025_09,rank10,top10_weather_spread_mean,<=,0.3400005198285678,0.7909797003567924,False,4880.880325772732,4880.880325772732,0.0,16899.750392287133,909.8694854690812,False,True
2025-09-27,valid_2025_09,rank10,top10_weather_spread_mean,<=,0.3400005198285678,1.065051638027437,False,1959.7188917795556,1959.7188917795556,0.0,604.4587490878521,159.06809186522423,False,False
2025-09-28,valid_2025_09,rank10,top10_weather_spread_mean,<=,0.3400005198285678,1.108232068350262,False,16780.016658178345,16780.016658178345,0.0,645.733737565035,363.0411060639999,False,False
2025-10-01,valid_2025_10,rank10,top1_wind_delta,<=,-0.28867293409176914,-0.3273789917627914,True,6737.968484680847,-512.1006335890623,-7250.069118269909,4215.460321158453,4103.409575886755,False,True
2025-10-02,valid_2025_10,rank10,top1_wind_delta,<=,-0.28867293409176914,0.028074807229543808,False,6744.487095085482,6744.487095085482,0.0,312.6896922649812,249.06245551889242,False,False
2025-10-03,valid_2025_10,rank10,top1_wind_delta,<=,-0.28867293409176914,-6.419041274341453e-05,False,8626.962521455285,8626.962521455285,0.0,217.22338625114753,159.0680918652215,False,False
2025-10-04,valid_2025_10,rank10,top1_wind_delta,<=,-0.28867293409176914,-1.105002731023518,True,10029.535877391383,9800.47782510546,-229.05805228592362,4314.68381550214,1043.4866826358684,False,True
2025-10-05,valid_2025_10,rank10,top1_wind_delta,<=,-0.28867293409176914,0.785390435085219,False,12372.507066987331,12372.507066987331,0.0,15317.611430168065,5143.349040074027,False,True
2025-10-06,valid_2025_10,rank10,top1_wind_delta,<=,-0.28867293409176914,0.1643227666796534,False,13839.525269661708,13839.525269661708,0.0,2800.4446590766584,1178.6404775700703,False,False
2025-10-07,valid_2025_10,rank10,top1_wind_delta,<=,-0.28867293409176914,0.5006150006872971,False,12812.68983488229,12812.68983488229,0.0,622.0039596205843,622.0039596205861,False,False
2025-10-08,valid_2025_10,rank10,top1_wind_delta,<=,-0.28867293409176914,-0.03707646983320245,False,-15925.897357546191,-15925.897357546191,0.0,33032.93892442841,6700.950158341975,True,True
2025-10-09,valid_2025_10,rank10,top1_wind_delta,<=,-0.28867293409176914,0.19485848457816246,False,864.5032656691143,864.5032656691143,0.0,10851.959270038476,1787.925352565111,False,True
2025-10-10,valid_2025_10,rank10,top1_wind_delta,<=,-0.28867293409176914,0.24026177881628996,False,12073.344525254572,12073.344525254572,0.0,12786.958980342168,2734.5777435970995,False,True
2025-10-11,valid_2025_10,rank10,top1_wind_delta,<=,-0.28867293409176914,0.7922063509556452,False,20681.199787515005,20681.199787515005,0.0,3199.5210506718067,2758.743368113268,False,False
2025-10-12,valid_2025_10,rank10,top1_wind_delta,<=,-0.28867293409176914,0.005384800608851492,False,9828.677416431328,9828.677416431328,0.0,222.6953286113112,63.627236746087874,False,False
2025-10-13,valid_2025_10,rank10,top1_wind_delta,<=,-0.28867293409176914,0.09364059978793904,False,6451.327783139712,6451.327783139712,0.0,108.75167304641492,11.522892574716025,False,False
2025-10-14,valid_2025_10,rank10,top1_wind_delta,<=,-0.28867293409176914,-0.24859708724285667,False,8996.671761930273,8996.671761930273,0.0,14337.513382140489,4753.781739010583,False,True
2025-10-15,valid_2025_10,rank10,top1_wind_delta,<=,-0.28867293409176914,-0.5409213308933136,True,-132.53235278026665,1484.5315995887347,1617.0639523690013,14618.65350906492,1617.0639523690013,True,True
2025-10-16,valid_2025_10,rank10,top1_wind_delta,<=,-0.28867293409176914,-0.5112095825578038,True,407.0743352541317,627.9721944273682,220.8978591732365,4161.49169895042,698.1021347689075,False,True
2025-10-17,valid_2025_10,rank10,top1_wind_delta,<=,-0.28867293409176914,0.006348000025475642,False,5525.729644747003,5525.729644747003,0.0,9960.528957778402,497.91175979468426,False,True
2025-10-18,valid_2025_10,rank10,top1_wind_delta,<=,-0.28867293409176914,0.3157573215869576,False,-432.6652098734076,-432.6652098734076,0.0,3504.849071645267,614.9127040852331,True,False
2025-10-19,valid_2025_10,rank10,top1_wind_delta,<=,-0.28867293409176914,0.05796180862179767,False,10790.768956459757,10790.768956459757,0.0,2784.894162415918,341.2455961166288,False,False
2025-10-20,valid_2025_10,rank10,top1_wind_delta,<=,-0.28867293409176914,0.4923547161594257,False,3145.533340292751,3145.533340292751,0.0,4230.438172688483,356.5765788105964,False,True
2025-10-21,valid_2025_10,rank10,top1_wind_delta,<=,-0.28867293409176914,-0.10113350851965563,False,1974.3531562311532,1974.3531562311532,0.0,1739.5336576578788,157.54103818331987,False,False
2025-10-22,valid_2025_10,rank10,top1_wind_delta,<=,-0.28867293409176914,0.5170293310412077,False,680.0033672764805,680.0033672764805,0.0,17585.776077521637,1994.971562298728,False,True
2025-10-23,valid_2025_10,rank10,top1_wind_delta,<=,-0.28867293409176914,0.3947641638215562,False,1464.861239348682,1464.861239348682,0.0,4563.243615850741,2176.423716051222,False,True
2025-10-24,valid_2025_10,rank10,top1_wind_delta,<=,-0.28867293409176914,0.4974464415509563,False,15286.01732576179,15286.01732576179,0.0,3687.1983694358823,0.0,False,False
2025-10-25,valid_2025_10,rank10,top1_wind_delta,<=,-0.28867293409176914,0.3622889688248172,False,9253.114976911716,9253.114976911716,0.0,1940.0071738356144,1940.0071738356128,False,False
2025-10-26,valid_2025_10,rank10,top1_wind_delta,<=,-0.28867293409176914,-0.09124291338149959,False,13100.84804601982,13100.84804601982,0.0,5917.333017386321,0.0,False,True
2025-10-27,valid_2025_10,rank10,top1_wind_delta,<=,-0.28867293409176914,0.08617785349943574,False,15574.312335458326,15574.312335458326,0.0,8177.563348317653,2850.500206224806,False,True
2025-10-28,valid_2025_10,rank10,top1_wind_delta,<=,-0.28867293409176914,0.2032121809137699,False,10234.59373597668,10234.59373597668,0.0,635.7442613958992,0.0,False,False
2025-10-29,valid_2025_10,rank10,top1_wind_delta,<=,-0.28867293409176914,-1.7895873383229057,True,18469.746096273215,18042.870964943704,-426.8751313295106,0.0,0.0,False,False
2025-10-30,valid_2025_10,rank10,top1_wind_delta,<=,-0.28867293409176914,0.4570065799842773,False,15647.21642332199,15647.21642332199,0.0,252.8164624869132,252.8164624869096,False,False
2025-10-31,valid_2025_10,rank10,top1_wind_delta,<=,-0.28867293409176914,-0.21588660175937946,False,9749.722378353104,9749.722378353104,0.0,609.0939932848014,74.32297524310707,False,False
2025-11-01,valid_2025_11,rank10,top10_weather_spread_mean,<=,0.31662309597621235,1.6898888533245604,False,9442.622338836269,9442.622338836269,0.0,3426.5557568292024,563.3301032551772,False,False
2025-11-02,valid_2025_11,rank10,top10_weather_spread_mean,<=,0.31662309597621235,0.9135533634226893,False,10366.388012810692,10366.388012810692,0.0,150.84427151578893,150.84427151579257,False,False
2025-11-03,valid_2025_11,rank10,top10_weather_spread_mean,<=,0.31662309597621235,1.828534340437781,False,13361.719716678786,13361.719716678786,0.0,-1.8189894035458565e-12,0.0,False,False
2025-11-04,valid_2025_11,rank10,top10_weather_spread_mean,<=,0.31662309597621235,1.079805065094558,False,6814.664755854581,6814.664755854581,0.0,509.01789396871754,381.76342047653725,False,False
2025-11-05,valid_2025_11,rank10,top10_weather_spread_mean,<=,0.31662309597621235,0.5416623617735834,False,5631.010452028917,5631.010452028917,0.0,31.813618373045756,0.0,False,False
2025-11-06,valid_2025_11,rank10,top10_weather_spread_mean,<=,0.31662309597621235,0.38148647077472453,False,613.3252045284161,613.3252045284161,0.0,309.26972828988016,63.6272367460889,False,False
2025-11-07,valid_2025_11,rank10,top10_weather_spread_mean,<=,0.31662309597621235,0.6377706827603413,False,2731.609533002902,2731.609533002902,0.0,4062.185489198961,780.8111798151485,False,False
2025-11-08,valid_2025_11,rank10,top10_weather_spread_mean,<=,0.31662309597621235,1.2792032772460278,False,7176.22016594056,7176.22016594056,0.0,861.4173446869318,673.0966307276931,False,False
2025-11-09,valid_2025_11,rank10,top10_weather_spread_mean,<=,0.31662309597621235,1.5268728016760011,False,12537.50521731729,12537.50521731729,0.0,35.666247558021496,22.931256123294588,False,False
2025-11-10,valid_2025_11,rank10,top10_weather_spread_mean,<=,0.31662309597621235,1.2180559537547755,False,10588.335721390236,10588.335721390236,0.0,566.8359639998871,63.62723674608969,False,False
2025-11-11,valid_2025_11,rank10,top10_weather_spread_mean,<=,0.31662309597621235,0.5348465980650825,False,7045.679345670445,7045.679345670445,0.0,440.1668610857714,275.8876985310444,False,False
2025-11-12,valid_2025_11,rank10,top10_weather_spread_mean,<=,0.31662309597621235,1.4160132180006948,False,10139.003356851192,10139.003356851192,0.0,344.5001292761899,254.50894698435877,False,False
2025-11-13,valid_2025_11,rank10,top10_weather_spread_mean,<=,0.31662309597621235,0.6931913048288165,False,9261.017479715578,9261.017479715578,0.0,276.7403035034404,63.62723674608969,False,False
2025-11-14,valid_2025_11,rank10,top10_weather_spread_mean,<=,0.31662309597621235,0.9320077492288407,False,3440.8018951366525,3440.8018951366525,0.0,350.77059345751604,0.0,False,False
2025-11-15,valid_2025_11,rank10,top10_weather_spread_mean,<=,0.31662309597621235,1.0030587756532943,False,7722.65723783965,7722.65723783965,0.0,622.9392800007518,484.5245891833092,False,False
2025-11-16,valid_2025_11,rank10,top10_weather_spread_mean,<=,0.31662309597621235,1.072137743676848,False,8914.175868127131,8914.175868127131,0.0,731.7132225800306,451.7533808972348,False,False
2025-11-17,valid_2025_11,rank10,top10_weather_spread_mean,<=,0.31662309597621235,0.6749552502027889,False,7303.570080287859,7303.570080287859,0.0,39.01304021086344,0.0,False,False
2025-11-18,valid_2025_11,rank10,top10_weather_spread_mean,<=,0.31662309597621235,1.0208329455294647,False,8503.385702247027,8503.385702247027,0.0,1601.007619176129,0.0,False,False
2025-11-19,valid_2025_11,rank10,top10_weather_spread_mean,<=,0.31662309597621235,1.4003866193545416,False,8716.931434214255,8716.931434214255,0.0,1484.0034935237418,0.0,False,False
2025-11-20,valid_2025_11,rank10,top10_weather_spread_mean,<=,0.31662309597621235,0.7818696033309139,False,8526.049723975988,8526.049723975988,0.0,159.06809186522332,127.25447349217939,False,False
2025-11-21,valid_2025_11,rank10,top10_weather_spread_mean,<=,0.31662309597621235,0.851889213425132,False,6371.688752266469,6371.688752266469,0.0,731.7513989220761,731.7513989220761,False,False
2025-11-22,valid_2025_11,rank10,top10_weather_spread_mean,<=,0.31662309597621235,1.037574448018963,False,5774.731654390983,5774.731654390983,0.0,489.79292438588527,348.2064158166504,False,False
2025-11-23,valid_2025_11,rank10,top10_weather_spread_mean,<=,0.31662309597621235,0.9098558406404458,False,5747.464202083447,5747.464202083447,0.0,522.2300896790402,0.0,False,False
2025-11-24,valid_2025_11,rank10,top10_weather_spread_mean,<=,0.31662309597621235,1.0040987286826464,False,8438.969487765287,8438.969487765287,0.0,1578.2099802500034,0.0,False,False
2025-11-25,valid_2025_11,rank10,top10_weather_spread_mean,<=,0.31662309597621235,0.8914595192050052,False,956.4223532343552,956.4223532343552,0.0,608.8076707194448,439.4701428434024,False,False
2025-11-26,valid_2025_11,rank10,top10_weather_spread_mean,<=,0.31662309597621235,0.6433269660089067,False,7374.921663574922,7374.921663574922,0.0,543.65338029145,318.98878870284534,False,False
2025-11-27,valid_2025_11,rank10,top10_weather_spread_mean,<=,0.31662309597621235,1.082916053037332,False,2305.8351528690946,2305.8351528690946,0.0,929.9629668334946,138.73282700117352,False,False
2025-11-28,valid_2025_11,rank10,top10_weather_spread_mean,<=,0.31662309597621235,0.7100742250657476,False,3706.8496415049126,3706.8496415049126,0.0,2698.2434100532532,408.738187495042,False,False
2025-11-29,valid_2025_11,rank10,top10_weather_spread_mean,<=,0.31662309597621235,0.648746072103045,False,4978.93626032213,4978.93626032213,0.0,822.3470399629969,24.563294745828898,False,False
2025-11-30,valid_2025_11,rank10,top10_weather_spread_mean,<=,0.31662309597621235,1.3953030556090424,False,9130.508473063834,9130.508473063834,0.0,1686.121773771374,222.69532861131484,False,False
2025-12-01,valid_2025_12,rank10,top10_weather_spread_mean,<=,0.3127475858007069,0.6692219688026653,False,3043.0489500658205,3043.0489500658205,0.0,4559.874553665039,1546.1418529299763,False,True
2025-12-02,valid_2025_12,rank10,top10_weather_spread_mean,<=,0.3127475858007069,0.5375002362113748,False,6566.330832196431,6566.330832196431,0.0,547.1942360163694,483.56699927027876,False,False
2025-12-03,valid_2025_12,rank10,top10_weather_spread_mean,<=,0.3127475858007069,0.705189598689699,False,8386.06980313459,8386.06980313459,0.0,621.1449919245133,264.05303249627104,False,False
2025-12-04,valid_2025_12,rank10,top10_weather_spread_mean,<=,0.3127475858007069,0.9253986269448072,False,11492.100173493527,11492.100173493527,0.0,406.1930980251982,406.1930980252,False,False
2025-12-05,valid_2025_12,rank10,top10_weather_spread_mean,<=,0.3127475858007069,0.4668761682461942,False,3476.7926416020778,3476.7926416020778,0.0,1121.3600576894064,155.63222108093487,False,False
2025-12-06,valid_2025_12,rank10,top10_weather_spread_mean,<=,0.3127475858007069,0.9842600506112527,False,437.4531594385513,437.4531594385513,0.0,944.810382528194,0.0,False,False
2025-12-07,valid_2025_12,rank10,top10_weather_spread_mean,<=,0.3127475858007069,1.4277838134211547,False,10275.798734493448,10275.798734493448,0.0,4740.229137583663,540.8315123417597,False,True
2025-12-08,valid_2025_12,rank10,top10_weather_spread_mean,<=,0.3127475858007069,0.8262068488341457,False,6468.201726324775,6468.201726324775,0.0,1447.6500718088637,0.0,False,False
2025-12-09,valid_2025_12,rank10,top10_weather_spread_mean,<=,0.3127475858007069,0.9014932543823463,False,9957.662550763,9957.662550763,0.0,636.2723674608933,0.0,False,False
2025-12-10,valid_2025_12,rank10,top10_weather_spread_mean,<=,0.3127475858007069,1.635479421368783,False,3242.2944605743646,3242.2944605743646,0.0,4198.910876880796,3020.550359152406,False,True
2025-12-11,valid_2025_12,rank10,top10_weather_spread_mean,<=,0.3127475858007069,0.7219616644389404,False,4474.903560352472,4474.903560352472,0.0,21294.12732181375,1641.4713603848004,False,True
2025-12-12,valid_2025_12,rank10,top10_weather_spread_mean,<=,0.3127475858007069,0.339997498727708,False,-12550.12249836404,-12550.12249836404,0.0,22017.85532618215,3155.9109426060386,True,True
2025-12-13,valid_2025_12,rank10,top10_weather_spread_mean,<=,0.3127475858007069,0.94851429873931,False,3713.209183817685,3713.209183817685,0.0,1112.353622327997,0.0,False,False
2025-12-14,valid_2025_12,rank10,top10_weather_spread_mean,<=,0.3127475858007069,1.1589697768905893,False,2664.708674926226,2664.708674926226,0.0,1317.2269619267304,442.2092953853221,False,False
2025-12-15,valid_2025_12,rank10,top10_weather_spread_mean,<=,0.3127475858007069,1.741205173325045,False,11961.920508264817,11961.920508264817,0.0,-1.8189894035458565e-12,0.0,False,False
2025-12-16,valid_2025_12,rank10,top10_weather_spread_mean,<=,0.3127475858007069,1.2375784486327028,False,9480.458275167328,9480.458275167328,0.0,95.44085511913364,0.0,False,False
2025-12-17,valid_2025_12,rank10,top10_weather_spread_mean,<=,0.3127475858007069,0.7215373975512213,False,6396.239321564947,6396.239321564947,0.0,969.112805603364,575.0597843493197,False,False
2025-12-18,valid_2025_12,rank10,top10_weather_spread_mean,<=,0.3127475858007069,0.7823070414206568,False,373.62549689671187,373.62549689671187,0.0,3930.6552653974454,0.0,False,False
2025-12-19,valid_2025_12,rank10,top10_weather_spread_mean,<=,0.3127475858007069,0.874268571228652,False,8844.185907706433,8844.185907706433,0.0,0.0,0.0,False,False
2025-12-20,valid_2025_12,rank10,top10_weather_spread_mean,<=,0.3127475858007069,1.3089529016588553,False,8969.184795655963,8969.184795655963,0.0,286.3225653574027,286.3225653574009,False,False
2025-12-21,valid_2025_12,rank10,top10_weather_spread_mean,<=,0.3127475858007069,1.0230156434427198,False,5987.322977807017,5987.322977807017,0.0,1018.0357879374304,63.62723674608878,False,False
2025-12-22,valid_2025_12,rank10,top10_weather_spread_mean,<=,0.3127475858007069,0.5156977667979988,False,3240.2615703603274,3240.2615703603274,0.0,1508.0959467176494,774.4325493313527,False,False
2025-12-23,valid_2025_12,rank10,top10_weather_spread_mean,<=,0.3127475858007069,0.7057644964971054,False,9490.508197211371,9490.508197211371,0.0,944.3586291472984,422.5357537834334,False,False
2025-12-24,valid_2025_12,rank10,top10_weather_spread_mean,<=,0.3127475858007069,1.4343742734695628,False,8277.903500666238,8277.903500666238,0.0,1547.598916651457,0.0,False,False
2025-12-25,valid_2025_12,rank10,top10_weather_spread_mean,<=,0.3127475858007069,1.5852916162360855,False,11001.750510786114,11001.750510786114,0.0,93.57975844431348,22.641752196095695,False,False
2025-12-26,valid_2025_12,rank10,top10_weather_spread_mean,<=,0.3127475858007069,1.2294480175497178,False,3082.6091845127035,3082.6091845127035,0.0,4264.011084157559,1834.3509658568996,False,True
2025-12-27,valid_2025_12,rank10,top10_weather_spread_mean,<=,0.3127475858007069,0.49244962880762844,False,1958.4749793011683,1958.4749793011683,0.0,5453.105516725012,1859.9895609037349,False,True
2025-12-28,valid_2025_12,rank10,top10_weather_spread_mean,<=,0.3127475858007069,1.5989837482955231,False,11889.18821394036,11889.18821394036,0.0,1.8189894035458565e-12,0.0,False,False
2025-12-29,valid_2025_12,rank10,top10_weather_spread_mean,<=,0.3127475858007069,1.820505853292851,False,11056.1072591383,11056.1072591383,0.0,1332.1157353253166,46.845553054308766,False,False
2025-12-30,valid_2025_12,rank10,top10_weather_spread_mean,<=,0.3127475858007069,1.5090147773756626,False,7380.759462546374,7380.759462546374,0.0,24178.34996351399,286.3225653574027,False,True
2025-12-31,valid_2025_12,rank10,top10_weather_spread_mean,<=,0.3127475858007069,1.0325233072926738,False,2735.9711800818473,2735.9711800818473,0.0,19840.13043313947,318.1361837304453,False,True
