action,days_available,mean_profit_if_always_used,mean_lift_vs_anchor,loss_days,changed_days,positive_lift_days,negative_lift_days
conservative_switch,176,9977.687632847912,25.652947326943647,4,16,9,4
aux_margin_combo_top3,176,9955.434006795967,3.3993212749989072,4,98,35,27
reranker_gbr_lift,176,9947.350274822895,-4.684410698074578,4,12,2,6
aux_bidspace_rank_top3,176,9920.045857259918,-31.988828261050397,4,120,47,31
anchor_rank3,176,9917.3727902798,-34.661895241167365,5,176,56,60
aux_support_score_top3,176,9908.537027750595,-43.49765777037274,4,61,18,22
consensus_support2_then_anchor_rank,176,9876.12952504139,-75.9051604795802,4,176,6,12
anchor_rank2,176,9874.614238783095,-77.42044673787224,6,176,55,61
consensus_anchor_rank_le5_support2,176,9855.946640178976,-96.08804534199133,4,176,13,17
consensus_unanimous_then_anchor_rank,176,9841.831263073409,-110.20342244755975,4,176,17,23
reranker_gbr_true_profit,176,9840.328774566144,-111.70591095482445,4,41,10,22
prior_disabled_champion,120,7850.814184151027,-140.53676520832,5,101,49,59
consensus_support_score,176,9808.23038815682,-143.804297364147,3,176,29,45
