source,bin_id,bid_mean,price_mean,price_std,count
bid_space_fct,0,-1.3735879970063827,0.004490970257100132,0.2759817260004818,1747
bid_space_fct,1,-0.7811932430843908,-0.0023354147664839185,0.283123046458087,1746
bid_space_fct,2,-0.36761012387856506,0.1337759573261499,0.49492915942916743,1746
bid_space_fct,3,-0.0684294530682092,0.24386514430861633,0.523806497236389,1746
bid_space_fct,4,0.14220108342248697,0.3651626826610312,0.6449804117810956,1746
bid_space_fct,5,0.30377599022815327,0.4374239003844945,0.6422199248846016,1746
bid_space_fct,6,0.44999933738915565,0.48832451679540023,0.6447596199119149,1746
bid_space_fct,7,0.5819261756389029,0.5916324256015192,0.6393501761997059,1746
bid_space_fct,8,0.7142219324472017,0.7032361713142206,0.6919477796261353,1746
bid_space_fct,9,0.8455952470586557,0.7407076394633856,0.6559535030568601,1746
bid_space_fct,10,0.9675728189321796,0.8801761081041616,0.6983193454663869,1746
bid_space_fct,11,1.077503170591601,0.9593057967521602,0.6955051337552741,1746
bid_space_fct,12,1.1856922397325196,1.0914521078544512,0.694198165395289,1746
bid_space_fct,13,1.294992020842739,1.1722156408120321,0.77071446849928,1746
bid_space_fct,14,1.3974632182330669,1.3257381142770628,0.8666926549214358,1746
bid_space_fct,15,1.502983286529365,1.491257694549579,0.9471151333192669,1746
bid_space_fct,16,1.6132094793846636,1.5934601625483973,1.015854609275466,1746
bid_space_fct,17,1.724684472112114,1.8943429610106366,1.2611875364942626,1746
bid_space_fct,18,1.8527677007947967,2.2694824071480553,1.3683279555334829,1746
bid_space_fct,19,2.0587431893714774,2.4566885259569893,1.3583586327278452,1747
bid_space_act,0,-0.028847601037608667,0.01059279858749321,0.15431513383414044,1747
bid_space_act,1,0.20940566155127022,-0.006626138977069108,0.21646826714861708,1746
bid_space_act,2,0.3565231375028504,0.001399047596192168,0.2635916302714734,1746
bid_space_act,3,0.48469569246795047,0.08091779985331712,0.3281745223039298,1746
bid_space_act,4,0.5873415254796853,0.180526745956478,0.42049554653897553,1746
bid_space_act,5,0.6918800120180715,0.26112586620719047,0.4492217146575462,1746
bid_space_act,6,0.7874460013177939,0.41041002229391793,0.5020429074756347,1746
bid_space_act,7,0.8721843137852898,0.525345612267417,0.5246147954404367,1746
bid_space_act,8,0.9545524766004474,0.6847690709958795,0.5346327620590489,1746
bid_space_act,9,1.0425797616113348,0.8236767617508698,0.5279837569727311,1746
bid_space_act,10,1.1338248163229852,0.9468894225318166,0.5784276375760737,1746
bid_space_act,11,1.2212712370957295,1.0372527877168964,0.5831403554476615,1746
bid_space_act,12,1.3113884870429098,1.1750194373145835,0.664254155446809,1746
bid_space_act,13,1.3998257987124338,1.189594418382027,0.6330082611048109,1746
bid_space_act,14,1.4914358727238823,1.3042447863300024,0.7477224931613191,1746
bid_space_act,15,1.5844290838636257,1.4754835732964566,0.9251565911498898,1746
bid_space_act,16,1.6859160313073416,1.7626793842143973,1.1060958754487475,1746
bid_space_act,17,1.7886911945542452,2.01305149306797,1.196712380636877,1746
bid_space_act,18,1.8986772552464055,2.367415657015192,1.3455022643557477,1746
bid_space_act,19,2.1165701946889346,2.5965513664912274,1.3757959543203164,1747
