feature,loss_day_mean,non_loss_day_mean,gap_loss_minus_nonloss
solar_nmae_day,0.6802358553365783,0.4010596879088437,0.27917616742773455
wind_nmae_day,0.3423776281830417,0.23813104291429973,0.10424658526874195
renewable_total_nmae_day,0.3422640344763368,0.2477044262541178,0.09455960822221901
hydro_nmae_day,0.9672782510544451,0.950538293155948,0.016739957898497138
load_rmse_day,0.05720525335798732,0.05089354620173487,0.006311707156252448
hydro_rmse_day,0.050366695091620096,0.04466385834893279,0.005702836742687303
hydro_mae_day,0.04171807865314563,0.037304065696542474,0.004414012956603153
load_mae_day,0.0470996838947721,0.042944900721432776,0.004154783173339324
load_nmae_day,0.015690260424401963,0.014171028587444982,0.0015192318369569805
tie_line_mae_day,0.017535353331391244,0.025093001843600412,-0.007557648512209168
tie_line_rmse_day,0.026169381154613047,0.03420208762762175,-0.008032706473008706
non_market_mae_day,0.061006288675247024,0.07542351758770333,-0.014417228912456302
non_market_nmae_day,0.12030788928476403,0.13825842099538216,-0.017950531710618126
non_market_rmse_day,0.0711541482365535,0.08947709129004396,-0.018322943053490456
wind_mae_day,0.1646970136021939,0.19777580948390142,-0.03307879588170751
tie_line_nmae_day,0.1235440999622324,0.1570243806336734,-0.033480280671441015
solar_mae_day,0.07239065640986468,0.11583465237757976,-0.043443995967715074
wind_rmse_day,0.17659719281758784,0.22720909690889468,-0.050611904091306836
renewable_total_mae_day,0.2200378141140345,0.3011908350903347,-0.08115302097630017
solar_rmse_day,0.12510101829538,0.20683299443669845,-0.08173197614131844
renewable_total_rmse_day,0.2574813130708079,0.38938762400626203,-0.13190631093545413
