run_name,drop_cols,folds,valid_days,avg_profit_fold_mean,avg_profit_fold_min,avg_profit_day_weighted,oracle_ratio_fold_mean,oracle_ratio_day_weighted,avg_regret_fold_mean,loss_days_total,rmse_mean,curve_z_rmse_mean,mean_abs_charge_gap,mean_abs_discharge_gap,delta_avg_profit_fold_mean,delta_avg_profit_day_weighted,delta_oracle_ratio_fold_mean,delta_oracle_ratio_day_weighted,delta_avg_regret_fold_mean,delta_rmse_mean,delta_curve_z_rmse_mean,delta_loss_days_total
baseline,,5,176,9282.404257945691,5928.223332078287,9952.034685520968,0.7357748849712239,0.7547177007227571,3333.898435520209,5,0.7452337433419591,0.8302567640529974,12.842465437788018,9.787188940092166,0.0,0.0,0.0,0.0,0.0,0.0,0.0,0
drop_time_clock,"hour,minute,quarter,hour_sin,hour_cos,quarter_sin,quarter_cos",5,176,9147.557449426049,5840.043986665089,9847.872072697106,0.7254968804047589,0.7468184750733455,3468.7452440398497,6,0.7495698284017625,0.8316230505849507,12.764585253456222,9.723540706605224,-134.84680851964185,-104.16261282386222,-0.010278004566464993,-0.00789922564941159,134.8468085196405,0.0043360850598033185,0.0013662865319532536,1
drop_raw__风光总加预测值,风光总加预测值,5,176,8985.452688506946,6013.321785113497,9642.492986945837,0.7134107410878231,0.7312434458182476,3630.850004958952,6,0.7568221650917094,0.8412679541238143,13.13994623655914,10.126344086021506,-296.9515694387446,-309.5416985751308,-0.0223641438834008,-0.023474254904509495,296.9515694387428,0.011588421749750277,0.011011190070816856,1
drop_raw__水电预测值,水电预测值,5,176,8963.744206936164,5993.349195498898,9563.024267386409,0.7086877860406366,0.7252168943440518,3652.5584865297337,8,0.7437904047808104,0.8292075730879965,13.215353302611367,9.986513056835637,-318.6600510095268,-389.0104181345596,-0.02708709893058725,-0.029500806378705335,318.6600510095245,-0.0014433385611487548,-0.0010491909650008902,3
drop_raw__光伏预测值,光伏预测值,5,176,8938.143715905484,6102.1025105385215,9553.888245757887,0.7125413246991255,0.7245240594158072,3678.158977560414,7,0.7434128116661323,0.8290845034879395,13.84226574500768,10.250768049155145,-344.26054204020693,-398.1464397630807,-0.02323356027209844,-0.030193641306949903,344.26054204020465,-0.0018209316758268645,-0.0011722605650579254,2
drop_raw__风电预测值,风电预测值,5,176,8938.039144664066,6151.21965856924,9667.260539582356,0.7110275040161256,0.7331217059900654,3678.263548801834,5,0.7519767285177537,0.8444332032133121,13.10988479262673,10.267642089093702,-344.3651132816249,-284.7741459386125,-0.02474738095509832,-0.021595994732691692,344.3651132816249,0.006742985175794525,0.014176439160314636,0
drop_raw__系统负荷预测值,系统负荷预测值,5,176,8822.395497907244,5988.589159818265,9493.768225450474,0.7005574026414954,0.7199648265626671,3793.907195558654,8,0.741005962338406,0.8318531220534184,13.639062980030724,10.346144393241168,-460.0087600384468,-458.26646007049385,-0.035217482329728544,-0.034752874160089986,460.00876003844496,-0.004227781003553144,0.0015963580004210165,3
drop_raw__联络线预测值,联络线预测值,5,176,8817.36925131694,5916.02178318647,9519.898630115886,0.7007323401658441,0.721946439323395,3798.9334421489584,7,0.737490759585862,0.8365475735794561,13.227803379416283,10.303671274961598,-465.0350066287501,-432.1360554050825,-0.03504254480537983,-0.03277126139936215,465.0350066287492,-0.007742983756097166,0.006290809526458663,2
drop_raw__非市场化机组预测值,非市场化机组预测值,5,176,8751.835536233672,5922.319956003156,9366.640337622763,0.6946156799073694,0.7103240173984205,3864.467157232227,7,0.747739588751761,0.8344016096228299,13.15095238095238,9.985614439324118,-530.5687217120194,-585.3943478982055,-0.04115920506385451,-0.044393683324336575,530.5687217120176,0.002505845409801921,0.004144845569832523,2
drop_time_calendar,"dayofweek,month,is_weekend",5,176,8680.590651790952,6081.129844436681,9303.28946361037,0.6951609754932493,0.7055197710825419,3935.712041674948,6,0.7545247360861678,0.8438733874228035,14.065890937019969,10.6552534562212,-601.8136061547393,-648.745221910598,-0.04061390947797461,-0.04919792964021519,601.8136061547389,0.009290992744208637,0.013616623369806069,1
drop_time_all,"hour,minute,quarter,dayofweek,month,is_weekend,hour_sin,hour_cos,quarter_sin,quarter_cos",5,176,8601.841840729121,5908.8413468951,9191.574044721872,0.6885439474093102,0.697047774476514,4014.4608527367795,5,0.7558168118464966,0.8465501969024529,13.856605222734254,10.568509984639016,-680.5624172165699,-760.4606407990959,-0.047230937561913655,-0.05766992624624312,680.5624172165703,0.010583068504537496,0.016293432849455503,0
