fold,method,days,mean_profit,worst_profit,loss_days,mean_lift_vs_anchor,positive_lift_days,negative_lift_days,changed_days,mean_selected_rank
valid_2025_09,anchor_top1,28,11310.428164914063,0.0,0,0.0,0,0,0,1.0
valid_2025_09,gbr_lift,28,11310.428164914063,0.0,0,0.0,0,0,0,1.0
valid_2025_09,gbr_true_profit,28,11231.916699572013,0.0,0,-78.5114653420497,0,1,1,1.3214285714285714
valid_2025_09,oracle_top10,28,11887.8513602483,127.25447349217856,0,577.4231953342392,23,0,26,6.0
valid_2025_10,anchor_top1,31,7899.10326217971,-15925.897357546191,3,0.0,0,0,0,1.0
valid_2025_10,gbr_lift,31,7899.10326217971,-15925.897357546191,3,0.0,0,0,0,1.0
valid_2025_10,gbr_true_profit,31,7688.3400929497975,-15925.897357546191,4,-210.76316922991361,0,5,6,2.129032258064516
valid_2025_10,oracle_top10,31,9346.927282643872,-9224.947199204216,1,1447.824020464162,27,0,28,6.645161290322581
valid_2025_11,anchor_top1,30,7120.766696117661,613.3252045284161,0,0.0,0,0,0,1.0
valid_2025_11,gbr_lift,30,7120.766696117661,613.3252045284161,0,0.0,0,0,0,1.0
valid_2025_11,gbr_true_profit,30,7089.868779726788,453.67174208512927,0,-30.897916390873867,4,3,9,2.8333333333333335
valid_2025_11,oracle_top10,30,7353.791164296941,676.952441274505,0,233.0244681792791,22,0,24,5.4
valid_2025_12,anchor_top1,31,5928.223332078288,-12550.12249836404,1,0.0,0,0,0,1.0
valid_2025_12,gbr_lift,31,5928.223332078288,-12550.12249836404,1,0.0,0,0,0,1.0
valid_2025_12,gbr_true_profit,31,5928.223332078288,-12550.12249836404,1,0.0,0,0,0,1.0
valid_2025_12,oracle_top10,31,6513.604788347305,-9394.211555758002,1,585.3814562690152,21,0,24,4.419354838709677
valid_2025_jan_feb,anchor_top1,56,14153.49983443873,8.7837400327971,0,0.0,0,0,0,1.0
valid_2025_jan_feb,gbr_lift,56,14153.798882451436,8.7837400327971,0,0.29904801270667136,2,3,7,1.5178571428571428
valid_2025_jan_feb,gbr_true_profit,56,14085.631501503316,7.6575379423913,0,-67.86833293541314,4,10,17,2.642857142857143
valid_2025_jan_feb,oracle_top10,56,14932.54728997529,8.7837400327971,0,779.04745553656,38,0,53,5.642857142857143
