date,fold,oracle_profit,oracle_charge_start,oracle_discharge_start,ens_baseline_baseline_last_180d__profit,ens_baseline_baseline_last_180d__regret,ens_baseline_baseline_last_180d__profit_ratio_day,ens_baseline_baseline_last_180d__charge_start,ens_baseline_baseline_last_180d__discharge_start,ens_baseline_baseline_last_180d__charge_start_gap,ens_baseline_baseline_last_180d__discharge_start_gap,ens_baseline_baseline_last_180d__predicted_spread,lgb_baseline_last_180d__profit,lgb_baseline_last_180d__regret,lgb_baseline_last_180d__profit_ratio_day,lgb_baseline_last_180d__charge_start,lgb_baseline_last_180d__discharge_start,lgb_baseline_last_180d__charge_start_gap,lgb_baseline_last_180d__discharge_start_gap,lgb_baseline_last_180d__predicted_spread,cat_baseline_last_180d__profit,cat_baseline_last_180d__regret,cat_baseline_last_180d__profit_ratio_day,cat_baseline_last_180d__charge_start,cat_baseline_last_180d__discharge_start,cat_baseline_last_180d__charge_start_gap,cat_baseline_last_180d__discharge_start_gap,cat_baseline_last_180d__predicted_spread,cat_baseline__profit,cat_baseline__regret,cat_baseline__profit_ratio_day,cat_baseline__charge_start,cat_baseline__discharge_start,cat_baseline__charge_start_gap,cat_baseline__discharge_start_gap,cat_baseline__predicted_spread,xgb_baseline_last_180d__profit,xgb_baseline_last_180d__regret,xgb_baseline_last_180d__profit_ratio_day,xgb_baseline_last_180d__charge_start,xgb_baseline_last_180d__discharge_start,xgb_baseline_last_180d__charge_start_gap,xgb_baseline_last_180d__discharge_start_gap,xgb_baseline_last_180d__predicted_spread,best_available_model,best_available_profit,champion_profit_gap_to_best_available
2025-10-10,valid_2025_10,24860.30350559674,25,63,-3228.143763122035,28088.447268718777,-0.1298513416135603,47,68,22,5,8.760389162411556,509.9563957107193,24350.34710988602,0.0205128789194353,47,67,22,4,7.924932211029173,-3228.143763122035,28088.447268718777,-0.1298513416135603,47,68,22,5,6.78745124007601,4505.746863365137,20354.556642231604,0.1812426329530035,48,66,23,3,6.547738168094469,-3687.277903481817,28547.58140907856,-0.1483199069814939,16,68,-9,5,6.644118070602417,cat_baseline,4505.746863365137,7733.890626487172
2025-10-27,valid_2025_10,23751.87568377598,48,81,15132.43708306592,8619.43860071006,0.6371049295025707,43,70,-5,-11,14.235763222419166,13554.481611762902,10197.394072013078,0.5706699459117438,43,69,-5,-12,13.290759212688126,17982.937289290727,5768.9383944852525,0.7571165127634194,43,72,-5,-9,15.37732640884796,20538.872021637675,3213.003662138304,0.8647263186741505,51,72,3,-9,16.0861774402921,18960.91655033466,4790.95913344132,0.7982913350833237,50,71,2,-10,16.686502438038588,cat_baseline,20538.872021637675,5406.434938571754
2025-12-11,valid_2025_12,25769.030882166226,6,85,2088.8821823741164,23680.14869979211,0.0810617283950617,53,65,47,-20,2.890530165185396,2088.8821823741164,23680.14869979211,0.0810617283950617,54,65,48,-20,2.66740194564953,6984.8867023213925,18784.144179844832,0.2710574074074073,50,68,44,-17,5.652085897080511,6984.8867023213925,18784.144179844832,0.2710574074074073,50,67,44,-18,6.352760842672339,5343.415341936592,20425.615540229635,0.207358024691358,53,67,47,-18,3.3085550665855408,cat_baseline_last_180d,6984.8867023213925,4896.004519947276
2025-09-10,valid_2025_09,6763.524364319911,52,76,2428.654807960072,4334.869556359839,0.3590812536688894,38,73,-14,-3,2.5354373800141303,3237.875548982349,3525.648815337562,0.4787260863675361,39,73,-13,-3,3.0237530502402024,5780.515370211202,983.008994108709,0.8546602420338064,54,72,2,-4,2.9214586098265585,6468.984341336751,294.54002298316027,0.9564516948387194,53,73,1,-3,2.411983975387468,2549.4065778568,4214.117786463111,0.3769346335626232,39,72,-13,-4,3.516273781657219,cat_baseline,6468.984341336751,4040.3295333766787
2025-10-08,valid_2025_10,17107.04156688222,30,47,-2958.666508693159,20065.708075575378,-0.1729502145140563,57,88,27,41,5.383572856693121,903.50676179447,16203.534805087753,0.0528149042171957,59,88,29,41,5.368560524675814,-1520.6909582315373,18627.73252511376,-0.088892690900773,58,88,28,41,6.312059396104019,-5933.239826572841,23040.28139345506,-0.3468302688910915,55,88,25,41,6.256143220417684,-7597.092067483079,24704.133634365306,-0.4440915185586738,54,88,24,41,5.735906183719635,lgb_baseline_last_180d,903.50676179447,3862.173270487629
2025-09-28,valid_2025_09,17425.75039574338,54,67,9079.724394054943,8346.026001688437,0.5210521319227013,50,74,-4,7,12.901953517534883,9079.724394054943,8346.026001688437,0.5210521319227013,50,74,-4,7,12.872670808726753,12903.86130241576,4521.88909332762,0.7405053446402979,49,72,-5,5,12.43812431808314,9913.381175349556,7512.369220393824,0.5688926416489425,49,73,-5,6,9.923295895682635,9817.574463619132,7608.175932124248,0.5633946453185332,48,73,-6,6,14.102982640266418,cat_baseline_last_180d,12903.86130241576,3824.136908360817
2025-11-22,valid_2025_11,6264.524578776868,38,71,2628.8260947632684,3635.6984840136,0.4196369671322352,55,85,17,14,3.057591283243985,2628.8260947632684,3635.6984840136,0.4196369671322352,55,85,17,14,4.013434926681569,6181.331966731355,83.19261204551276,0.9867200437959244,48,70,10,-1,2.8340328891526383,6181.331966731355,83.19261204551276,0.9867200437959244,49,70,11,-1,2.3448824951269653,2406.1784865795157,3858.346092197353,0.3840959447635075,50,87,12,16,5.265539973042905,cat_baseline_last_180d,6181.331966731355,3552.505871968087
2025-10-09,valid_2025_10,11716.462535707593,64,88,-2507.740281873624,14224.202817581216,-0.2140356164867106,18,70,-46,-18,14.67049045893242,-3369.889339783136,15086.351875490727,-0.2876200328821875,17,70,-47,-18,15.176001368856925,908.1833636953088,10808.279172012282,0.0775134440900989,28,70,-36,-18,12.90273485197062,-471.7959604722537,12188.258496179846,-0.0402677821086687,31,69,-33,-19,10.732222749549392,-1496.9261853068729,13213.388721014464,-0.1277626400242203,29,70,-35,-18,13.24612045288086,cat_baseline_last_180d,908.1833636953088,3415.923645568933
2025-11-29,valid_2025_11,5801.283300285127,35,67,2276.105326499485,3525.177973785642,0.3923451430802589,55,84,20,17,3.176529423299016,2276.105326499485,3525.177973785642,0.3923451430802589,57,84,22,17,4.106904833349052,2499.312854366604,3301.9704459185227,0.4308206865615002,49,83,14,16,3.220093368045635,4895.606849717615,905.676450567512,0.8438834299778122,50,70,15,3,2.4075271598396952,556.617429778465,5244.665870506662,0.0959472932051271,52,88,17,21,5.557388043962419,cat_baseline,4895.606849717615,2619.50152321813
2025-10-17,valid_2025_10,15486.258602525406,0,73,5525.729644747,9960.528957778406,0.3568150181765592,49,66,49,-7,14.360055107532922,5525.729644747,9960.528957778406,0.3568150181765592,49,66,49,-7,14.927635447996307,6763.110787281064,8723.147815244341,0.4367168959827505,46,68,46,-5,13.385847519841622,7756.611912729202,7729.646689796204,0.5008706177400589,49,69,49,-4,13.872868194499077,7483.520631253149,8002.737971272257,0.4832361917314736,49,68,49,-5,15.886249780654907,cat_baseline,7756.611912729202,2230.8822679822024
2025-12-18,valid_2025_12,4304.280762294157,0,11,-1621.2029041193352,5925.483666413493,-0.3766489673074307,56,75,56,64,3.002861099274326,0.0,4304.280762294157,0.0,46,78,46,67,3.30800320958858,19.434939464093105,4284.845822830064,0.0045152583061831,49,75,49,64,3.340522184702964,409.3871853098516,3894.8935769843056,0.0951116360475636,48,72,48,61,3.325322756659647,-217.1629403762405,4521.443702670398,-0.050452782327446,54,73,54,62,3.3686946108937263,cat_baseline,409.3871853098516,2030.5900894291867
2025-10-15,valid_2025_10,14486.121156284657,11,23,-1071.034094785087,15557.155251069742,-0.0739351882557208,0,65,-11,42,13.475806423200062,-1071.034094785087,15557.155251069742,-0.0739351882557208,0,65,-11,42,14.107431008578168,608.416363213456,13877.7047930712,0.0419999499279005,0,66,-11,43,14.214906878253345,893.6986232500599,13592.422533034594,0.0616934384027526,0,68,-11,45,14.75479197850122,21.941852591888164,14464.179303692768,0.0015146810077844,0,67,-11,44,13.675687909126282,cat_baseline,893.6986232500599,1964.732718035147
2025-09-14,valid_2025_09,37794.00916340826,55,69,34643.363374642955,3150.6457887653014,0.9166363701944666,51,70,-4,1,12.260833182974345,36565.65672576847,1228.3524376397909,0.967498752716897,52,69,-3,0,12.183843763229424,23570.557147220647,14223.45201618761,0.6236585551246943,38,71,-17,2,11.869461864362597,26917.349800064952,10876.659363343304,0.7122120779429253,37,70,-18,1,10.615404925921744,26917.349800064952,10876.659363343304,0.7122120779429253,38,70,-17,1,11.910014792811126,lgb_baseline_last_180d,36565.65672576847,1922.2933511255178
2025-12-01,valid_2025_12,7602.923503730859,28,37,2712.187318986156,4890.736184744703,0.3567295287997108,54,70,26,33,4.045579470424784,2712.187318986156,4890.736184744703,0.3567295287997108,54,70,26,33,4.049927435554764,3658.349780295204,3944.573723435655,0.4811767182058325,52,88,24,51,6.565198407797055,4633.729868718057,2969.1936350128017,0.6094668539600882,53,87,25,50,6.483309090450575,2712.187318986156,4890.736184744703,0.3567295287997108,54,70,26,33,4.264890909194946,cat_baseline,4633.729868718057,1921.5425497319015
2025-09-21,valid_2025_09,3813.921555501232,42,64,672.5239855969793,3141.397569904253,0.1763339848002183,54,68,12,4,4.938378594686178,565.8847368105334,3248.036818690699,0.1483734598563771,53,69,11,5,4.887795375838216,672.5239855969793,3141.397569904253,0.1763339848002183,54,68,12,4,3.613698453281856,1346.3555109090903,2467.566044592142,0.3530108030059233,49,67,7,3,3.23405716492357,2533.207083381246,1280.7144721199866,0.6642001012651471,46,68,4,4,5.158218443393707,xgb_baseline_last_180d,2533.207083381246,1860.6830977842665
2025-10-26,valid_2025_10,19018.18106340614,48,74,12709.887308471632,6308.293754934508,0.6683019404483103,48,68,0,-6,9.09486197335704,12709.887308471632,6308.293754934508,0.6683019404483103,51,68,3,-6,8.741715594043946,14277.951925822472,4740.2291375836685,0.7507527601204415,52,70,4,-4,10.191518370803244,14277.951925822472,4740.2291375836685,0.7507527601204415,51,70,3,-4,10.515254672914466,13083.830941552074,5934.350121854066,0.6879643693542988,47,69,-1,-5,8.940637163817883,cat_baseline_last_180d,14277.951925822472,1568.0646173508394
2025-12-30,valid_2025_12,31559.109426060364,50,82,7380.759462546374,24178.34996351399,0.2338709677419354,51,68,1,-14,11.252276832005634,7317.132225800285,24241.97720026008,0.2318548387096773,52,68,2,-14,11.61496872062051,7380.759462546374,24178.34996351399,0.2338709677419354,51,68,1,-14,8.61661350458489,7317.132225800285,24241.97720026008,0.2318548387096773,52,68,2,-14,10.437474708848896,8748.745052587297,22810.364373473065,0.2772177419354838,52,67,2,-15,10.68699550628662,xgb_baseline_last_180d,8748.745052587297,1367.985590040923
2025-10-24,valid_2025_10,18973.215695197672,47,85,15286.01732576179,3687.1983694358814,0.8056629709654778,53,72,6,-13,11.399274759210584,15286.01732576179,3687.1983694358814,0.8056629709654778,53,72,6,-13,10.429092891448306,15286.01732576179,3687.1983694358814,0.8056629709654778,51,72,4,-13,12.610419560634256,15286.01732576179,3687.1983694358814,0.8056629709654778,50,71,3,-14,13.67579322569128,16596.73840273123,2376.477292466443,0.8747456767137288,53,76,6,-9,12.0442214012146,xgb_baseline_last_180d,16596.73840273123,1310.7210769694393
2025-12-12,valid_2025_12,9467.732827818112,34,51,-12443.85546891256,21911.58829673067,-1.3143437499999997,53,72,19,21,4.775605199174791,-12550.122498364042,22017.855326182154,-1.325567876344086,53,73,19,22,4.885087888315674,-12550.122498364042,22017.855326182154,-1.325567876344086,51,73,17,22,4.338422491213414,-12443.85546891256,21911.58829673067,-1.3143437499999997,52,72,18,21,4.871468155748957,-11244.29753726221,20712.03036508032,-1.1876441532258062,53,69,19,18,3.6661784052848816,xgb_baseline_last_180d,-11244.29753726221,1199.55793165035
2025-10-21,valid_2025_10,3713.886813889032,38,88,2121.029843740077,1592.8569701489546,0.5711078312370593,50,67,12,-21,7.292494474533768,2131.894194414472,1581.99261947456,0.5740331628960008,49,66,11,-22,6.255326008669911,3307.684171778321,406.2026421107112,0.8906260038427632,48,86,10,-2,6.414336329651448,1851.9089018369807,1861.9779120520516,0.4986444107319837,47,81,9,-7,7.883771974816838,1883.722520210025,1830.1642936790067,0.5072105356483568,47,84,9,-4,8.56806206703186,cat_baseline_last_180d,3307.684171778321,1186.6543280382439
2025-09-19,valid_2025_09,13626.008169951016,1,83,4298.131189862648,9327.876980088367,0.3154358295000273,46,69,45,-14,11.417429631215889,4278.931671174516,9347.0764987765,0.3140267947740338,46,68,45,-15,10.79395195244269,5484.779155177216,8141.229014773799,0.4025228142217482,46,71,45,-12,10.434670778776628,5484.779155177216,8141.229014773799,0.4025228142217482,47,71,46,-12,8.675407619609786,4298.131189862648,9327.876980088367,0.3154358295000273,46,69,45,-14,11.373431205749512,cat_baseline_last_180d,5484.779155177216,1186.647965314568
2025-10-22,valid_2025_10,18265.77944479812,5,39,680.0033672764821,17585.776077521637,0.0372282699093982,52,66,47,27,8.928288376988831,680.0033672764821,17585.776077521637,0.0372282699093982,52,66,47,27,8.081748427441937,1811.2224652996947,16454.556979498422,0.0991593307459709,51,66,46,27,6.253606256102643,-223.50339451798845,18489.282839316107,-0.012236181609082,52,67,47,28,7.406748922459684,907.7157035052242,17358.06374129289,0.0496948792274906,51,67,46,28,7.456430792808533,cat_baseline_last_180d,1811.2224652996947,1131.2190980232126
2025-11-25,valid_2025_11,1565.2300239538,50,76,426.1306926595848,1139.0993312942153,0.2722479674796748,55,82,5,6,3.334524296087249,1542.2351405937634,22.994883360036734,0.9853089430894308,55,77,5,1,4.422653275652763,1217.7362331887073,347.49379076509285,0.7779918699186992,49,74,-1,-2,3.055822895259219,755.1884915774983,810.0415323763018,0.4824776422764228,49,72,-1,-4,2.5678543718138336,426.1306926595848,1139.0993312942153,0.2722479674796748,56,82,6,6,5.573146517621353,lgb_baseline_last_180d,1542.2351405937634,1116.1044479341786
2025-09-13,valid_2025_09,5455.46926857013,23,88,4511.069281718948,944.399986851182,0.8268893214572708,34,80,11,-8,1.6646216386071773,4415.628426599814,1039.8408419703164,0.8093947943285075,34,81,11,-7,2.0577744222700893,4511.069281718948,944.399986851182,0.8268893214572708,33,80,10,-8,2.3218173512040767,5455.367464991336,0.101803578793806,0.9999813391710628,31,88,8,0,1.9592158526497456,4404.003730446304,1051.4655381238265,0.8072639609242243,20,80,-3,-8,2.538465842604637,cat_baseline,5455.367464991336,944.2981832723881
2025-12-21,valid_2025_12,7005.358765744448,40,72,5987.322977807016,1018.0357879374316,0.8546775658492279,55,68,15,-4,5.721583397352639,5987.322977807016,1018.0357879374316,0.8546775658492279,45,68,5,-4,5.708510083128971,6909.917910625314,95.44085511913364,0.9863760217983653,46,70,6,-2,4.818840764743477,6909.917910625314,95.44085511913364,0.9863760217983653,50,70,10,-2,5.25192130191663,5987.322977807016,1018.0357879374316,0.8546775658492279,55,68,15,-4,5.556023322045803,cat_baseline_last_180d,6909.917910625314,922.5949328182978
2025-09-26,valid_2025_09,21780.630718059863,0,15,4899.297229448888,16881.333488610973,0.2249382624804585,49,67,49,52,8.772431242281208,5809.166714917967,15971.464003141897,0.2667125112268294,49,66,49,51,8.436590068913404,4899.297229448888,16881.333488610973,0.2249382624804585,48,70,48,55,9.663642304128466,4899.297229448888,16881.333488610973,0.2249382624804585,49,70,49,55,8.152865940033386,4899.297229448888,16881.333488610973,0.2249382624804585,49,68,49,53,7.912349373102188,lgb_baseline_last_180d,5809.166714917967,909.8694854690784
2025-09-02,valid_2025_09,7323.284979593634,44,81,5462.449176441176,1860.8358031524576,0.7459014897907585,24,78,-20,-3,6.750276310839038,5936.529354712614,1386.7556248810197,0.810637490040983,41,78,-3,-3,7.392208029714122,5462.449176441176,1860.8358031524576,0.7459014897907585,32,78,-12,-3,6.211617318862437,5488.4599908229775,1834.824988770656,0.7494532858022862,33,78,-11,-3,5.304717422763282,6350.0491290491245,973.235850544509,0.8671039221802189,32,79,-12,-2,7.097027152776718,xgb_baseline_last_180d,6350.0491290491245,887.5999526079486
2025-12-10,valid_2025_12,7441.205337455161,55,67,3242.294460574364,4198.910876880796,0.4357216759298845,49,88,-6,21,17.413813470790515,3242.294460574364,4198.910876880796,0.4357216759298845,49,88,-6,21,17.575028290444138,3242.294460574364,4198.910876880796,0.4357216759298845,49,88,-6,21,16.053840070183533,3242.294460574364,4198.910876880796,0.4357216759298845,49,88,-6,21,15.948809244796486,4094.0277398285416,3347.177597626619,0.5501834117144078,50,88,-5,21,15.087459444999697,xgb_baseline_last_180d,4094.0277398285416,851.7332792541774
2025-11-16,valid_2025_11,9645.889090707162,59,78,8669.261908444085,976.627182263077,0.8987519788918205,47,84,-12,6,4.761049365613349,9219.58660450836,426.3024861988015,0.9558047493403692,47,82,-12,4,5.6287459491984535,9486.820998841937,159.06809186522514,0.9835092348284958,49,77,-10,-1,4.875277017361906,9455.007380468893,190.88171023826908,0.9802110817941952,49,76,-10,-2,3.325255784328263,8669.261908444085,976.627182263077,0.8987519788918205,48,84,-11,6,6.795524053508416,cat_baseline_last_180d,9486.820998841937,817.5590903978518
2025-11-18,valid_2025_11,10104.393321423157,48,67,8806.39769180293,1297.9956296202272,0.8715414584200478,50,70,2,3,8.91598756884594,8806.39769180293,1297.9956296202272,0.8715414584200478,51,70,3,3,9.37897608979364,8806.39769180293,1297.9956296202272,0.8715414584200478,49,70,1,3,8.335182983239966,8806.39769180293,1297.9956296202272,0.8715414584200478,49,70,1,3,8.655770699052065,9614.463598478267,489.92972294488936,0.9515131975409004,51,68,3,1,9.543659964576364,xgb_baseline_last_180d,9614.463598478267,808.0659066753378
2025-09-24,valid_2025_09,15906.80918652236,36,73,14793.332543465796,1113.476643056565,0.93,39,75,3,2,16.585432852783974,14157.060176004905,1749.7490105174584,0.8900000000000001,39,76,3,3,17.074232937626615,15588.673002791917,318.13618373044665,0.98,46,74,10,1,16.112356109518988,14793.332543465796,1113.476643056565,0.93,49,75,13,2,13.493672965850674,14157.060176004905,1749.7490105174584,0.8900000000000001,40,76,4,3,18.746634621173143,cat_baseline_last_180d,15588.673002791917,795.3404593261203
2025-12-07,valid_2025_12,15016.027872077111,17,83,10021.28978750909,4994.738084568022,0.6673728813559322,51,69,34,-14,10.295625265853706,10021.28978750909,4994.738084568022,0.6673728813559322,42,69,25,-14,10.363217727417192,10562.121299850847,4453.906572226262,0.7033898305084746,49,72,32,-11,11.068705995796863,10816.630246835208,4199.397625241903,0.7203389830508475,49,73,32,-10,11.002830192545172,10021.28978750909,4994.738084568022,0.6673728813559322,51,69,34,-14,10.477169424295424,cat_baseline,10816.630246835208,795.3404593261184
2025-11-26,valid_2025_11,7918.575043866372,51,80,7142.682249451696,775.8927944146762,0.9020161089442889,52,84,1,4,4.71007295904904,6633.664355482981,1284.910688383391,0.8377346073926941,52,82,1,2,5.535884878252031,7693.910452277767,224.6645915886047,0.9716281540120496,50,79,-1,-1,3.1015027744307453,6633.664355482981,1284.910688383391,0.8377346073926941,50,82,-1,2,2.5123558548767857,7918.575043866372,0.0,1.0,52,80,1,0,7.201115070609376,xgb_baseline_last_180d,7918.575043866372,775.8927944146753
2025-12-05,valid_2025_12,4598.152699291484,58,85,3632.424862683012,965.727836608472,0.789974822550526,57,72,-1,-13,2.7201523240067296,3632.424862683012,965.727836608472,0.789974822550526,37,72,-21,-13,3.002298327188592,3632.424862683012,965.727836608472,0.789974822550526,50,72,-8,-13,2.6774539720655617,3632.424862683012,965.727836608472,0.789974822550526,49,72,-9,-13,3.0771614500515767,4405.966630699921,192.18606859156355,0.9582036349899434,55,70,-3,-15,3.41136222332716,xgb_baseline_last_180d,4405.966630699921,773.5417680169085
2025-10-23,valid_2025_10,6028.1048551994245,55,63,-598.3505343602262,6626.455389559651,-0.0992601404144671,50,69,-5,6,10.679900248194684,-78.43965746057938,6106.544512660004,-0.0130123246600335,50,67,-5,4,8.756667464487947,-136.3531683468716,6164.458023546296,-0.022619574745662,47,73,-8,10,10.55437999574312,-1284.271234654095,7312.376089853519,-0.2130472620339992,46,72,-9,9,11.346086348534584,169.05756803435747,5859.047287165067,0.0280448950533002,47,74,-8,11,10.806650280952454,xgb_baseline_last_180d,169.05756803435747,767.4081023945837
2025-09-01,valid_2025_09,7673.047081348724,53,66,6744.487095085481,928.5599862632434,0.8789841927960611,39,72,-14,6,6.683141887277909,6951.275614510272,721.7714668384524,0.9059341798393366,47,71,-6,5,7.020001700130532,7460.293508478988,212.75357286973667,0.9722726094843224,53,71,0,5,5.452133598474777,6561.558789440474,1111.4882919082502,0.8551438196423944,55,72,2,6,4.188507114739885,6744.487095085481,928.5599862632434,0.8789841927960611,38,72,-15,6,6.573859505355358,cat_baseline_last_180d,7460.293508478988,715.8064133935068
2025-10-07,valid_2025_10,13434.693794502877,42,66,12702.525637180112,732.1681573227634,0.945501686266765,44,66,2,0,5.905749711331552,13379.3826375995,55.31115690337538,0.9958829611043308,42,65,0,-1,5.876396401449334,12760.18145775758,674.5123367452961,0.9497932482077642,48,65,6,-1,4.852561558159124,12433.729194184418,1000.9646003184572,0.925494051771539,48,67,6,1,6.2097208857341,12408.488269367244,1026.2055251356303,0.9236152650121786,50,67,8,1,6.417442560195923,lgb_baseline_last_180d,13379.3826375995,676.857000419388
2025-11-27,valid_2025_11,3235.798119702589,13,68,1778.6071437436483,1457.1909759589407,0.5496656707085067,54,86,41,18,3.293115290936404,1185.0318335012175,2050.766286201372,0.3662255152092544,53,88,40,20,4.142708409869286,2444.567979870268,791.2301398323211,0.7554760493200839,49,72,36,4,3.110539201627674,2443.604027233565,792.1940924690243,0.7551781467312809,49,70,36,2,2.7235596676873133,1778.6071437436483,1457.1909759589407,0.5496656707085067,50,86,37,18,5.747582965530455,cat_baseline_last_180d,2444.567979870268,665.9608361266198
2025-10-05,valid_2025_10,27690.1184971554,16,75,16023.04024124828,11667.078255907116,0.5786555316798058,31,66,15,-9,7.817592494912873,16023.04024124828,11667.078255907116,0.5786555316798058,31,66,15,-9,8.017346656413928,16676.25654185466,11013.861955300736,0.6022457629990933,28,68,12,-7,7.591494636690719,16281.481351463546,11408.63714569185,0.5879888651663279,30,68,14,-7,8.2191662252633,16281.481351463546,11408.63714569185,0.5879888651663279,30,68,14,-7,7.0629860162734985,cat_baseline_last_180d,16676.25654185466,653.2163006063784
2025-11-24,valid_2025_11,10017.17946801529,50,66,8438.969487765287,1578.2099802500034,0.8424496650689742,55,71,5,5,6.694639407664448,8438.969487765287,1578.2099802500034,0.8424496650689742,55,71,5,5,7.624455209474142,7519.555916784295,2497.623551230996,0.7506659874462794,49,72,-1,6,4.804169304896579,8438.969487765287,1578.2099802500034,0.8424496650689742,49,71,-1,5,5.362002761741445,9056.153684202356,961.0257838129346,0.9040622375907832,55,70,5,4,7.664190683979541,xgb_baseline_last_180d,9056.153684202356,617.1841964370687
2025-10-02,valid_2025_10,7057.176787350463,58,71,6249.6453494637935,807.5314378866697,0.8855730184719025,54,70,-4,-1,4.043325393549363,4837.655162489275,2219.521624861188,0.6854943992844932,55,68,-3,-3,4.037280724189106,6185.025527824466,872.1512595259974,0.8764164076080292,51,72,-7,1,4.223993635348691,6503.1617115549125,554.0150757955507,0.921496216902404,53,72,-5,1,4.584877400658669,6866.295077112194,190.88171023826908,0.972952114423375,55,71,-3,0,3.6418907791376114,xgb_baseline_last_180d,6866.295077112194,616.6497276484006
2025-12-24,valid_2025_12,9825.502417317695,46,85,8058.854012720475,1766.6484045972202,0.8201976520321792,49,75,3,-10,9.276200894223672,8119.2998876292595,1706.2025296884358,0.8263495893419953,45,74,-1,-11,9.671210527492503,8663.312761808324,1162.1896555093715,0.8817170251303401,52,79,6,-6,9.459758196762277,8345.176578077877,1480.3258392398184,0.8493384077102554,51,77,5,-8,9.803293157363017,8057.953687320518,1767.5487299971774,0.8201060205448804,54,75,8,-10,9.499049499630928,cat_baseline_last_180d,8663.312761808324,604.4587490878484
2025-09-23,valid_2025_09,6171.437931417339,60,83,-1355.260142691705,7526.698074109045,-0.2196020048735148,45,79,-15,-4,7.602010191213338,-1355.260142691705,7526.698074109045,-0.2196020048735148,45,79,-15,-4,7.923718436571585,-1227.4043918122752,7398.8423232296145,-0.1988846692541211,46,82,-14,-1,6.929872525615268,-782.0137345896491,6953.4516660069885,-0.1267149962909942,49,83,-11,0,6.358914463598163,-2045.78745492599,8217.225386343329,-0.3314928348402188,40,78,-20,-5,7.655093349516392,cat_baseline,-782.0137345896491,573.2464081020559
2025-12-14,valid_2025_12,3981.9356368529566,56,65,2664.708674926226,1317.2269619267304,0.6691993336768812,56,68,0,3,7.077351173755064,3106.917970311548,875.0176665414087,0.7802531868061631,56,67,0,2,7.161673224481721,1623.833890358786,2358.1017464941706,0.4078001350223106,54,69,-2,4,6.014817417735847,1623.833890358786,2358.1017464941706,0.4078001350223106,51,69,-5,4,6.514396376891493,1623.833890358786,2358.1017464941706,0.4078001350223106,56,69,0,4,6.9552459213882685,lgb_baseline_last_180d,3106.917970311548,442.20929538532164
2025-12-23,valid_2025_12,10434.86682635867,42,67,9230.212353044955,1204.6544733137123,0.8845548780487804,10,68,-32,1,9.963198535095838,9438.209789967925,996.6570363907448,0.9044878048780488,2,69,-40,2,10.106095884749292,9175.887418311147,1258.9794080475222,0.879348780487805,5,69,-37,2,9.16259411299074,9658.535004010446,776.3318223482238,0.9256021341463416,0,68,-42,1,9.860136731016084,9490.508197211371,944.3586291472966,0.9094996951219512,0,69,-42,2,9.75176998123061,cat_baseline,9658.535004010446,428.32265096549054
2025-11-06,valid_2025_11,922.5949328182962,51,64,-119.7464595561412,1042.3413923744374,-0.1297931034482768,50,70,-1,6,2.551040357082961,-1373.203023454103,2295.7979562723995,-1.48841379310345,53,72,2,8,3.2282760615446406,-54.30266520095063,976.8975980192467,-0.0588586206896558,54,69,3,5,2.5086681161235878,303.4701056604731,619.1248271578231,0.3289310344827583,50,68,-1,4,3.670405392264108,-2285.1276686700808,3207.722601488377,-2.476848275862072,52,83,1,19,3.80518439412117,cat_baseline,303.4701056604731,423.2165652166143
2025-09-25,valid_2025_09,14059.039236435716,15,62,10947.921868498925,3111.117367936791,0.7787105281082116,18,67,3,5,6.470232117634492,10947.921868498925,3111.117367936791,0.7787105281082116,18,67,3,5,6.551439770910776,11367.27626044505,2691.762975990665,0.8085386255260862,26,68,11,6,5.7218994023310685,3587.5835675862063,10471.45566884951,0.2551798531359487,49,68,34,6,5.1877293095803765,10933.755264237408,3125.283972198309,0.7777028771568718,19,67,4,5,5.660720348358154,cat_baseline_last_180d,11367.27626044505,419.35439194612627
2025-11-14,valid_2025_11,3791.5724885941686,35,66,3326.107438178151,465.4650504160177,0.8772369374932875,49,77,14,11,3.545951513727008,3593.341832511727,198.23065608244175,0.9477180888196756,49,78,14,12,4.580017767443522,3738.061982490707,53.510506103461466,0.985886988508216,49,68,14,2,3.538653903469477,3738.061982490707,53.510506103461466,0.985886988508216,50,69,15,3,2.829311827507439,2344.0401271732844,1447.5323614208842,0.618223740736763,50,83,15,17,5.76916013774462,cat_baseline_last_180d,3738.061982490707,411.9545443125562
2025-11-15,valid_2025_11,8345.596517840402,47,77,7935.197659466287,410.3988583741148,0.9508245027785844,49,84,2,7,7.038752300942807,7954.387634068908,391.2088837714946,0.9531239159555334,49,85,2,8,7.756212812875207,7983.118512821605,362.4780050187974,0.9565665552793108,49,83,2,6,5.432763702779507,8345.596517840402,0.0,1.0,49,77,2,0,4.919797146142166,7935.197659466287,410.3988583741148,0.9508245027785844,53,84,6,7,7.639248784631491,cat_baseline,8345.596517840402,410.39885837411475
2025-12-27,valid_2025_12,7411.580496026181,52,77,1991.5865933038333,5419.993902722348,0.268712806178338,54,68,2,-9,5.99020534211337,1991.5865933038333,5419.993902722348,0.268712806178338,55,68,3,-9,6.386209645802055,2382.340542332593,5029.239953693588,0.3214348874184011,55,69,3,-8,4.677910208867267,2382.340542332593,5029.239953693588,0.3214348874184011,54,69,2,-8,4.90463126603143,1991.5865933038333,5419.993902722348,0.268712806178338,54,68,2,-9,5.814988933503628,cat_baseline_last_180d,2382.340542332593,390.75394902875973
2025-11-01,valid_2025_11,12869.17809566547,50,88,12484.529180002495,384.6489156629723,0.9701108405833216,52,88,2,0,15.609195564464317,12484.529180002495,384.6489156629723,0.9701108405833216,52,88,2,0,16.403205776048505,12869.17809566547,0.0,1.0,50,88,0,0,16.781657073276264,12869.17809566547,0.0,1.0,50,88,0,0,16.930085951609687,9906.309007985232,2962.869087680237,0.7697701387256288,53,81,3,-7,17.903627451509237,cat_baseline_last_180d,12869.17809566547,384.6489156629741
2025-11-23,valid_2025_11,6269.694291762487,52,75,5856.6612657870855,413.0330259754018,0.9341223021801764,55,79,3,4,4.146135203953065,5856.6612657870855,413.0330259754018,0.9341223021801764,55,79,3,4,4.988833259434724,6225.616523506635,44.07776825585279,0.9929697101318375,49,76,-3,1,5.0103128987444965,4067.705151986685,2201.9891397758024,0.6487884357186423,49,72,-3,-3,3.632767653777245,2010.8942782944348,4258.800013468052,0.3207324288421003,55,84,3,9,6.045269531197846,cat_baseline_last_180d,6225.616523506635,368.9552577195491
2025-11-04,valid_2025_11,7323.682649823299,51,68,6814.664755854583,509.0178939687157,0.9304970029004468,49,69,-2,1,8.424362564064737,6019.324296528464,1304.3583532948342,0.8218985699323953,49,74,-2,6,8.423594568249214,7164.614557958075,159.06809186522332,0.9782803134063898,50,68,-1,0,8.595770924319126,7037.360084465896,286.3225653574027,0.9609045641315014,50,69,-1,1,8.825472732021481,6941.919229346762,381.76342047653634,0.9478727521753352,49,68,-2,0,9.661210626363754,cat_baseline_last_180d,7164.614557958075,349.9498021034924
2025-11-08,valid_2025_11,8037.637510627492,49,86,7646.88674296057,390.750767666922,0.9513848730861196,54,83,5,-3,4.289279945707103,7479.747536114105,557.8899745133867,0.9305903042062128,54,82,5,-4,5.6362603479364495,7986.614829480803,51.02268114668914,0.9936520300798304,49,85,0,-1,4.154205927185613,7192.130156488919,845.5073541385727,0.8948064834946052,50,76,1,-10,2.8117777266385997,7645.785991764862,391.85151886262975,0.951247923491882,52,83,3,-3,7.973387428559363,cat_baseline_last_180d,7986.614829480803,339.72808652023286
2025-09-27,valid_2025_09,2564.177640867408,55,88,1918.3611878945983,645.8164529728092,0.748138957816377,53,76,-2,-12,10.165402522874588,1832.4644182873767,731.7132225800306,0.7146401985111659,54,74,-1,-14,10.386854473635973,1981.988424640688,582.1892162267195,0.7729528535980147,53,78,-2,-10,10.977027542485892,2236.497371625047,327.68026924236074,0.8722084367245658,53,82,-2,-6,9.659671632957178,1768.8371815412877,795.3404593261203,0.689826302729528,54,73,-1,-15,10.638364337850362,cat_baseline,2236.497371625047,318.1361837304487
2025-10-14,valid_2025_10,23334.18514407076,45,82,11515.282757201969,11818.902386868793,0.4934941025839942,10,70,-35,-12,5.8399586381289454,11515.282757201969,11818.902386868793,0.4934941025839942,10,70,-35,-12,6.324077550421378,11807.4240333598,11526.761110710962,0.5060139859377124,53,88,8,6,4.995202071441237,10156.612194620671,13177.57294945009,0.4352674898185367,32,74,-13,-8,5.824180300984593,7665.834934063558,15668.350210007204,0.3285237897416552,10,74,-35,-8,5.361703708767891,cat_baseline_last_180d,11807.4240333598,292.1412761578322
2025-12-31,valid_2025_12,22576.101613221315,0,10,2990.480127066202,19585.621486155116,0.1324622017698076,55,68,55,58,7.955508291148092,2926.8528903201127,19649.248722901204,0.1296438570513011,56,68,56,58,7.14695894321234,3244.9890740505607,19331.112539170757,0.1437355806438338,49,66,49,56,8.444705275795926,3244.9890740505607,19331.112539170757,0.1437355806438338,49,66,49,56,8.3879337517524,2799.5984168279347,19776.50319639338,0.124007167614288,54,66,54,56,7.7674782276153564,cat_baseline_last_180d,3244.9890740505607,254.50894698435877
2025-11-12,valid_2025_11,10483.503486127382,44,68,10126.872824165552,356.6306619618299,0.9659817290628316,52,71,8,3,9.965177898196089,10381.381771149909,102.12171497747296,0.990258818045646,52,69,8,1,10.55778149903214,9852.680791493787,630.8226946335926,0.9398271107108088,49,73,5,5,9.051084924599191,9846.209901516711,637.2935846106702,0.9392098657234208,50,73,6,5,9.799699072289366,10126.487879383236,357.01560674414577,0.965945009965745,53,71,9,3,10.669714524410663,lgb_baseline_last_180d,10381.381771149909,254.50894698435695
2025-11-09,valid_2025_11,12573.171464875311,37,71,12199.348723544686,373.8227413306249,0.970268222112858,49,73,12,2,9.665553405565763,10697.189198015449,1875.9822668598624,0.8507948235573938,54,78,17,7,10.097892022274248,12453.82903827251,119.34242660280142,0.9905081683697546,50,70,13,-1,9.960596487700364,12453.82903827251,119.34242660280142,0.9905081683697546,50,70,13,-1,9.901773119553049,11743.729988015126,829.4414768601855,0.9340308466183468,54,68,17,-3,10.065131675684825,cat_baseline_last_180d,12453.82903827251,254.4803147278235
2025-11-02,valid_2025_11,10517.23228432648,53,66,9825.728294008144,691.503990318337,0.9342503834065864,50,67,-3,1,3.9107066224778606,8839.948333739143,1677.283950587338,0.8405204044901676,50,65,-3,-1,3.4992439774646584,10047.51375313399,469.71853119249135,0.9553381993956244,52,67,-1,1,5.820543014257467,8114.155625538338,2403.0766587881426,0.7715105463279178,50,68,-3,2,6.504085529632775,9778.90182912486,738.3304552016198,0.9297980271575886,55,67,2,1,4.026452124118805,cat_baseline_last_180d,10047.51375313399,221.7854591258456
2025-11-17,valid_2025_11,7342.583120498723,52,74,7080.874751676545,261.70836882217736,0.964357452339688,49,71,-3,-3,3.722701877019805,7271.7564619148125,70.8266585839101,0.990353986135182,49,72,-3,-2,4.725261281248926,7080.874751676545,261.70836882217736,0.964357452339688,49,71,-3,-3,3.58454992641483,6826.365804692186,516.2173158065361,0.9296954072790294,49,70,-3,-4,3.242682773788321,7112.68837004959,229.8947504491325,0.9686902079722703,49,80,-3,6,5.731513547245413,lgb_baseline_last_180d,7271.7564619148125,190.88171023826726
2025-12-28,valid_2025_12,11889.18821394036,48,71,11713.774284955069,175.41392898529375,0.985245928836452,48,70,0,-1,9.874153938244374,11713.774284955069,175.41392898529375,0.985245928836452,54,69,6,-2,10.08411609875666,11761.93374044818,127.2544734921794,0.9892966221745088,49,72,1,1,10.36872674336258,9254.139375423323,2635.048838517036,0.7783659581208936,49,77,1,6,10.551016349086987,11889.18821394036,0.0,1.0,52,71,4,0,10.159331500530245,xgb_baseline_last_180d,11889.18821394036,175.41392898529193
2025-09-22,valid_2025_09,2920.585607500625,0,25,31.81361837304462,2888.77198912758,0.0108928902105595,46,70,46,45,9.553990886852556,31.81361837304462,2888.77198912758,0.0108928902105595,46,70,46,45,10.013520739678718,200.5212366053009,2720.064370895324,0.0686578869971569,52,72,52,47,6.749408318840359,-1.1368683772161605e-13,2920.585607500625,-3.8926041897092964e-17,46,71,46,46,6.293805881123028,31.81361837304462,2888.77198912758,0.0108928902105595,46,70,46,45,9.246953377267346,cat_baseline_last_180d,200.5212366053009,168.7076182322563
2025-09-03,valid_2025_09,8892.914826968426,49,67,7779.43818391186,1113.476643056566,0.8747905872571876,51,68,2,1,9.346410219508527,7938.506275777084,954.4085511913428,0.8926776462204464,50,68,1,1,9.174762920739315,7187.01770801637,1705.8971189520562,0.8081734558191431,52,70,3,3,8.99659827872566,5787.2184996024025,3105.696327366024,0.6507673369424647,54,70,5,3,6.687449585041826,7811.251802284905,1081.6630246835211,0.8783679990498394,51,69,2,2,9.314197950065136,lgb_baseline_last_180d,7938.506275777084,159.06809186522423
2025-09-04,valid_2025_09,8239.727158618583,55,73,4581.16104571844,3658.566112900144,0.5559845559845559,48,70,-7,-3,9.146767198992034,4676.601900837574,3563.125257781009,0.5675675675675675,49,70,-6,-3,9.576173670490483,4740.229137583664,3499.4980210349195,0.5752895752895753,49,71,-6,-2,7.223170836176607,4676.601900837574,3563.125257781009,0.5675675675675675,49,70,-6,-3,6.09642833176871,4517.533808972351,3722.193349646233,0.5482625482625483,48,69,-7,-4,8.857218340039253,cat_baseline_last_180d,4740.229137583664,159.06809186522423
2025-12-03,valid_2025_12,9007.214795059102,55,74,8099.747237777186,907.467557281916,0.8992510362049203,54,69,-1,-5,6.909990726461929,8099.747237777186,907.467557281916,0.8992510362049203,52,69,-3,-5,7.166561337826568,7684.503165324859,1322.7116297342436,0.8531497627368878,52,85,-3,11,5.352398224963276,8258.81532964241,748.3994654166927,0.9169111115428016,49,70,-6,-4,5.853475919902998,8099.747237777186,907.467557281916,0.8992510362049203,52,69,-3,-5,7.086650662124157,cat_baseline,8258.81532964241,159.06809186522423
2025-10-11,valid_2025_10,23880.72083818681,39,64,17194.182248967827,6686.538589218984,0.7200026483904632,34,67,-5,3,11.25718600512225,17194.182248967827,6686.538589218984,0.7200026483904632,34,67,-5,3,10.274255875031422,17347.956554735778,6532.764283451033,0.7264419140562658,46,67,7,3,9.458256036508772,15659.426490053567,8221.294348133244,0.655735084219616,12,66,-27,2,9.415557132554682,16199.484931468862,7681.23590671795,0.6783499141937476,46,68,7,4,8.64146876335144,cat_baseline_last_180d,17347.956554735778,153.77430576795086
2025-11-13,valid_2025_11,9537.757783219018,40,68,9146.450277230568,391.3075059884504,0.9589727989657142,51,70,11,2,4.142097144799237,9292.831098088622,244.92668513039644,0.9743203076973368,51,72,11,4,4.911338075866887,9146.450277230568,391.3075059884504,0.9589727989657142,49,70,9,2,4.039454655876163,9146.450277230568,391.3075059884504,0.9589727989657142,49,70,9,2,3.79980876331944,8816.110389492222,721.6473937267965,0.9243378359852584,51,74,11,6,5.887819137424231,lgb_baseline_last_180d,9292.831098088622,146.380820858054
2025-10-28,valid_2025_10,10870.33799737258,49,76,9960.8948143897,909.4431829828792,0.9163371752375412,53,69,4,-7,5.419180299091032,9960.8948143897,909.4431829828792,0.9163371752375412,53,69,4,-7,5.438522377624878,9960.8948143897,909.4431829828792,0.9163371752375412,53,69,4,-7,4.010839329847933,10097.74427518319,772.5937221893892,0.928926430587887,49,70,0,-6,4.610672775580575,6686.767647271267,4183.570350101311,0.6151388897831417,42,73,-7,-3,5.722037937492132,cat_baseline,10097.74427518319,136.84946079348992
2025-10-12,valid_2025_10,10051.37274504264,49,70,9892.304653177416,159.06809186522332,0.984174490798416,51,69,2,-1,4.795279720355701,9765.050179685237,286.3225653574027,0.9715140834371486,51,68,2,-2,4.491520496615394,9892.304653177416,159.06809186522332,0.984174490798416,51,69,2,-1,5.28692875493369,9892.304653177416,159.06809186522332,0.984174490798416,51,69,2,-1,5.73829873684862,10019.559126669596,31.813618373043937,0.9968348981596832,51,70,2,0,4.893020957708359,xgb_baseline_last_180d,10019.559126669596,127.25447349217939
2025-09-07,valid_2025_09,24814.62233097489,46,72,8335.168013737719,16479.454317237167,0.3358974358974359,53,85,7,13,17.45609573988881,8335.168013737719,16479.454317237167,0.3358974358974359,55,85,9,13,17.603285160803715,8462.422487229896,16352.19984374499,0.341025641025641,54,83,8,11,15.984423213949576,8398.795250483807,16415.82708049108,0.3384615384615384,55,84,9,12,13.290045602586588,8398.795250483807,16415.82708049108,0.3384615384615384,54,84,8,12,16.93706982047297,cat_baseline_last_180d,8462.422487229896,127.25447349217757
2025-12-29,valid_2025_12,12388.222994463616,52,66,10979.105577228183,1409.117417235433,0.8862534668721109,51,85,-1,19,11.526244716632732,10979.105577228183,1409.117417235433,0.8862534668721109,51,85,-1,19,11.602415588868254,11098.158499903791,1290.064494559825,0.8958636363636363,50,87,-2,21,12.3789570488673,11098.158499903791,1290.064494559825,0.8958636363636363,50,88,-2,22,13.765597997399269,11098.4066461271,1289.816348336517,0.8958836671802772,51,87,-1,21,11.618388898670672,xgb_baseline_last_180d,11098.4066461271,119.30106889891613
2025-12-22,valid_2025_12,4748.357517077977,17,31,3130.895894479311,1617.4616225986656,0.659363976536878,55,69,38,38,3.177511412958712,3113.8978781825936,1634.4596388953833,0.6557842089571239,44,73,27,42,3.43463710901484,3240.261570360328,1508.0959467176494,0.6823962936039207,49,73,32,42,3.209423429996285,3240.261570360328,1508.0959467176494,0.6823962936039207,49,72,32,41,3.0682698017598757,3113.8978781825936,1634.4596388953833,0.6557842089571239,44,73,27,42,3.769740603864193,cat_baseline_last_180d,3240.261570360328,109.36567588101661
2025-09-09,valid_2025_09,22555.85542648871,48,73,18833.66207684248,3722.1933496462334,0.8349788434414668,47,78,-1,5,12.452351038571932,16574.8951723563,5980.960254132409,0.7348377997179125,47,71,-1,-2,12.806463151341235,18929.102931961614,3626.752494527096,0.839210155148096,52,75,4,2,12.546477310017778,18356.45780124681,4199.397625241902,0.8138222849083216,51,78,3,5,11.090387788330844,18483.712274738988,4072.143151749722,0.8194640338504938,53,72,5,-1,11.83521487377584,cat_baseline_last_180d,18929.102931961614,95.44085511913363
2025-12-25,valid_2025_12,11095.330269230428,51,70,11001.750510786116,93.57975844431166,0.9915658429110644,48,69,-3,-1,10.925102006108023,10200.002788719668,895.3274805107612,0.9193059189059308,41,69,-10,-1,11.048364149513665,11088.019499728302,7.310769502126277,0.9993410949178864,49,70,-2,0,11.24301276836944,10633.93736196616,461.3929072642677,0.9584155769978472,44,70,-7,0,11.60219429042928,10999.889414111294,95.44085511913364,0.9913981059776282,51,68,0,-2,9.98907294869423,cat_baseline_last_180d,11088.019499728302,86.26898894218539
2025-10-13,valid_2025_10,6560.079456186127,47,68,6462.850675714428,97.22878047169888,0.985178719080908,49,69,2,1,6.2566763689935065,6527.9858779714,32.09357821472713,0.9951077455038349,53,68,6,0,6.49693172999585,5879.385733390951,680.6937227951757,0.8962369697895527,52,70,5,2,5.348969952026675,5880.117446613531,679.9620095725959,0.8963485100883352,51,70,4,2,6.263528764857941,5899.969144478311,660.1103117078155,0.899374646890087,41,70,-6,2,5.557804241776466,lgb_baseline_last_180d,6527.9858779714,65.13520225697266
2025-12-02,valid_2025_12,7113.525068212801,41,74,7049.897831466711,63.62723674608969,0.9910554561717352,57,73,16,-1,5.8195439780520815,7113.525068212801,0.0,1.0,54,74,13,0,6.033785567699319,6852.653397553833,260.8716706589676,0.9633273703041144,50,72,9,-2,4.411812613575577,6852.653397553833,260.8716706589676,0.9633273703041144,50,72,9,-2,4.694007527576417,7049.897831466711,63.62723674608969,0.9910554561717352,55,73,14,-1,5.709802530705929,lgb_baseline_last_180d,7113.525068212801,63.62723674608969
2025-11-20,valid_2025_11,8685.117815841211,39,70,8462.422487229898,222.69532861131304,0.9743589743589745,54,68,15,-2,6.550068610559265,8462.422487229898,222.69532861131304,0.9743589743589745,54,72,15,2,6.886483732667415,8526.049723975986,159.06809186522514,0.9816849816849816,55,69,16,-1,5.1854982822395215,8526.049723975986,159.06809186522514,0.9816849816849816,53,69,14,-1,5.56301996536682,8462.422487229898,222.69532861131304,0.9743589743589745,55,68,16,-2,7.298635274171829,cat_baseline_last_180d,8526.049723975986,63.627236746087874
2025-10-03,valid_2025_10,8844.185907706433,34,71,8786.030613320509,58.15529438592421,0.9934244604316548,51,72,17,1,5.677972491841139,8786.030613320509,58.15529438592421,0.9934244604316548,51,72,17,1,5.140768927310919,8685.11781584121,159.06809186522332,0.9820143884892086,45,73,11,2,7.607169467970108,8844.185907706433,0.0,1.0,42,72,8,1,7.610117350934953,8626.962521455283,217.22338625114932,0.9754388489208632,51,73,17,2,6.280126333236694,cat_baseline,8844.185907706433,58.15529438592421
2025-11-11,valid_2025_11,7485.846206756217,55,69,7402.863564591968,82.98264216424923,0.9889147278915036,53,70,-2,1,3.759229604932237,7352.22900958943,133.61719716678726,0.9821506889834052,55,71,0,2,4.769522277409621,7450.043160639192,35.80304611702468,0.995217234614744,49,69,-6,0,4.251884794243111,7450.043160639192,35.80304611702468,0.995217234614744,49,69,-6,0,3.464870572162141,5803.818845669457,1682.0273610867598,0.7753056482019793,51,80,-4,11,6.201963644940406,cat_baseline_last_180d,7450.043160639192,47.17959604722455
2025-11-10,valid_2025_11,11155.171685390123,39,68,10588.335721390238,566.8359639998853,0.9491862626603704,49,74,10,6,9.534877437208332,10272.99595471478,882.1757306753425,0.9209177809579816,52,77,13,9,9.81581005781642,10588.335721390238,566.8359639998853,0.9491862626603704,49,76,10,8,8.709249496911916,10588.335721390238,566.8359639998853,0.9491862626603704,49,73,10,5,9.869057573072403,10620.149339763284,535.0223456268395,0.9520381791767888,49,72,10,4,10.142323386855423,xgb_baseline_last_180d,10620.149339763284,31.813618373045756
2025-11-19,valid_2025_11,10200.934927737995,35,68,8685.117815841211,1515.8171118967855,0.8514040994639587,55,87,20,19,9.057269386804318,8159.222797325594,2041.712130412403,0.7998504896976986,56,86,21,18,9.364487930543431,8716.931434214255,1484.0034935237418,0.8545227957989914,49,88,14,20,7.636543825195218,8716.931434214255,1484.0034935237418,0.8545227957989914,49,88,14,20,7.749560860929673,8685.117815841211,1515.8171118967855,0.8514040994639587,52,86,17,18,9.47048880904913,cat_baseline_last_180d,8716.931434214255,31.813618373043937
2025-10-19,valid_2025_10,13575.663118875676,46,74,10790.76895645976,2784.8941624159143,0.7948612794800585,49,88,3,14,12.381582785044335,10790.76895645976,2784.8941624159143,0.7948612794800585,49,88,3,14,13.435111312833676,9666.940161984608,3908.722956891068,0.7120786717625337,48,68,2,-6,11.810083770420604,9616.59511090926,3959.0680079664144,0.7083701935368664,1,88,-45,14,12.203296471020852,10805.603646707112,2770.059472168563,0.7959540209629202,47,88,1,14,13.78823035955429,xgb_baseline_last_180d,10805.603646707112,14.834690247351318
2025-09-06,valid_2025_09,7348.945844173331,35,88,7176.369689946912,172.57615422641902,0.976516883116883,63,88,28,0,6.153673949455204,3132.8524320092533,4216.093412164079,0.426299567099567,63,83,28,-5,6.340353536029173,7189.877752308108,159.06809186522332,0.9783549783549784,54,88,19,0,6.239746974459148,7189.871389584434,159.07445458889742,0.9783541125541126,49,88,14,0,5.912216048194509,775.1451743829093,6573.800669790422,0.1054770562770562,38,79,3,-9,6.314258970320225,cat_baseline_last_180d,7189.877752308108,13.508062361195698
2025-10-31,valid_2025_10,10358.816371637906,47,86,9749.722378353104,609.0939932848014,0.9412004256632562,54,69,7,-17,5.467656411827608,9749.722378353104,609.0939932848014,0.9412004256632562,54,69,7,-17,5.062336622751182,9760.418116850122,598.398254787784,0.942232950819924,52,69,5,-17,5.052578964011371,9760.418116850122,598.398254787784,0.942232950819924,52,69,5,-17,5.63222112201375,9760.418116850122,598.398254787784,0.942232950819924,52,69,5,-17,5.636367172934115,cat_baseline_last_180d,9760.418116850122,10.695738497017373
2025-12-06,valid_2025_12,1382.2635419667454,35,88,555.1635474188168,827.0999945479285,0.4016336469591795,38,69,3,-19,3.547416471571708,555.1635474188168,827.0999945479285,0.4016336469591795,38,69,3,-19,3.7902033635436094,564.7076329307303,817.5559090360151,0.4085383255694058,49,68,14,-20,3.446410627562556,437.4531594385513,944.810382528194,0.3164759440997219,49,71,14,-17,3.670500407428076,472.44813964890056,909.8154023178448,0.341793099003885,36,70,1,-18,4.01697750389576,cat_baseline_last_180d,564.7076329307303,9.544085511913408
2025-09-12,valid_2025_09,5677.372438083954,32,69,4350.334156250978,1327.0382818329765,0.7662583710501057,54,71,22,2,8.3692365989486,4353.464616298885,1323.9078217850692,0.76680976345602,54,70,22,1,8.518861836250807,3780.81948558408,1896.5529524998744,0.6659452989594711,53,70,21,1,6.119006909342858,3780.81948558408,1896.5529524998744,0.6659452989594711,53,70,21,1,5.564169873913773,4353.464616298885,1323.9078217850692,0.76680976345602,54,70,22,1,7.775194707326591,lgb_baseline_last_180d,4353.464616298885,3.130460047907036
2025-09-05,valid_2025_09,10689.375773343028,57,73,10689.375773343028,0.0,1.0,58,74,1,1,8.846842237038096,10689.375773343028,0.0,1.0,58,73,1,0,9.188331662160683,7794.336501395957,2895.039271947071,0.7291666666666666,50,78,-7,5,9.069654079139209,7730.709264649868,2958.6665086931607,0.7232142857142856,51,82,-6,9,8.189428862175514,8716.931434214255,1972.4443391287728,0.8154761904761905,46,74,-11,1,8.77019489556551,ens_baseline_baseline_last_180d,10689.375773343028,0.0
2025-09-08,valid_2025_09,20080.27235006656,51,69,19271.964659891582,808.3076901749737,0.9597461789320654,54,70,3,1,11.587385561183892,19271.964659891582,808.3076901749737,0.9597461789320654,54,70,3,1,12.320585171681168,14540.21385160434,5540.058498462218,0.7241044144282308,55,73,4,4,11.271470003976631,10499.88431822766,9580.388031838898,0.5228955133266834,55,75,4,6,9.095727058273836,19185.00213406887,895.2702159976907,0.9554154345922145,55,70,4,1,11.710615668445826,ens_baseline_baseline_last_180d,19271.964659891582,0.0
2025-09-11,valid_2025_09,8893.14388502071,39,62,8160.482616613166,732.6612684075444,0.9176150439169648,43,71,4,9,9.592690918218835,8160.482616613166,732.6612684075444,0.9176150439169648,43,71,4,9,10.097052599687611,7603.454791157688,1289.6890938630222,0.854979396427474,16,73,-23,11,9.192696519723151,8130.4601049545245,762.683780066186,0.914239127362954,31,72,-8,10,7.799901512378222,7453.615829982486,1439.528055038225,0.8381305786064123,44,74,5,12,9.257503762841225,ens_baseline_baseline_last_180d,8160.482616613166,0.0
2025-09-15,valid_2025_09,7262.180562784526,36,75,7158.064133935062,104.11642884946376,0.9856632001987096,36,78,0,3,8.041950042140337,7158.064133935062,104.11642884946376,0.9856632001987096,46,77,10,2,8.45377229872134,6808.11433183157,454.0662309529562,0.9374752215223282,35,82,-1,7,6.755217803130356,6935.368805323749,326.8117574607768,0.9549981228591944,49,81,13,6,6.141604909099058,7158.064133935062,104.11642884946376,0.9856632001987096,43,77,7,2,8.11872148513794,ens_baseline_baseline_last_180d,7158.064133935062,0.0
2025-09-16,valid_2025_09,32795.513890510374,46,65,32795.513890510374,0.0,1.0,47,67,1,2,6.512078829359659,32795.513890510374,0.0,1.0,46,68,0,3,6.494965931892025,31609.184061379543,1186.329829130831,0.9638264601344118,14,70,-32,5,7.3311948879229,31377.358224295163,1418.1556662152109,0.9567576324326004,0,71,-46,6,6.605793732378933,31904.73257606513,890.7813144452448,0.97283831814866,14,69,-32,4,5.604434311389923,ens_baseline_baseline_last_180d,32795.513890510374,0.0
2025-09-17,valid_2025_09,34819.496291403484,57,68,29456.74463221975,5362.751659183734,0.845984226356895,51,69,-6,1,13.344962806275433,29456.74463221975,5362.751659183734,0.845984226356895,51,69,-6,1,12.952148684872569,25108.73923283368,9710.757058569803,0.7211115009447373,49,71,-8,3,11.083601381744415,25108.73923283368,9710.757058569803,0.7211115009447373,49,71,-8,3,9.467784270690204,25277.351410210817,9542.144881192668,0.725953965521652,49,70,-8,2,14.918345510959623,ens_baseline_baseline_last_180d,29456.74463221975,0.0
2025-09-18,valid_2025_09,32148.628499960232,54,65,27114.74693934602,5033.8815606142125,0.8434184661836993,46,68,-8,3,10.228937915271873,27114.74693934602,5033.8815606142125,0.8434184661836993,46,68,-8,3,10.309343673334553,25240.924817173684,6907.703682786549,0.7851322434238496,45,68,-9,3,8.355745592244617,25336.365672292817,6812.262827667415,0.7881009814252001,42,69,-12,4,7.947047528445225,27114.74693934602,5033.8815606142125,0.8434184661836993,46,68,-8,3,9.508167028427124,ens_baseline_baseline_last_180d,27114.74693934602,0.0
2025-09-20,valid_2025_09,14612.977959547172,36,66,12919.510421293464,1693.467538253708,0.8841120856445756,47,67,11,1,7.100447936039018,12016.003659498994,2596.9743000481776,0.82228302080265,47,68,11,2,7.758956360416391,10221.063404082624,4391.914555464547,0.6994510928831481,49,69,13,3,7.579632936342193,10221.063404082624,4391.914555464547,0.6994510928831481,49,69,13,3,5.904371560509532,11515.877671865544,3097.1002876816274,0.7880582386249215,49,68,13,2,6.764941513538361,ens_baseline_baseline_last_180d,12919.510421293464,0.0
2025-10-01,valid_2025_10,10953.4288058393,0,19,6737.968484680845,4215.460321158455,0.61514696485623,0,23,0,4,4.910395022668974,6737.968484680845,4215.460321158455,0.61514696485623,0,23,0,4,5.004596826503625,4629.807249572663,6323.621556266637,0.4226810920708684,1,24,1,5,4.839421046187605,4629.807249572663,6323.621556266637,0.4226810920708684,1,24,1,5,5.243686463736646,6706.154866307799,4247.2739395315,0.6122425210572174,1,23,1,4,5.1205334067344666,ens_baseline_baseline_last_180d,6737.968484680845,0.0
2025-10-04,valid_2025_10,14344.219692893525,0,83,8317.963208921577,6026.256483971947,0.5798825859480177,0,68,0,-15,11.637609562307883,8317.963208921577,6026.256483971947,0.5798825859480177,0,68,0,-15,11.93968658134098,4744.129487196202,9600.090205697325,0.3307345808114302,0,71,0,-12,13.173763423662024,6118.223291964749,8225.996400928776,0.4265288334224179,0,70,0,-13,13.434567348148214,8317.963208921577,6026.256483971947,0.5798825859480177,0,68,0,-15,11.476796448230743,ens_baseline_baseline_last_180d,8317.963208921577,0.0
2025-10-06,valid_2025_10,16639.969928738366,5,21,9288.214942062692,7351.754986675674,0.5581870028515682,50,71,45,50,7.91678976759259,5177.863634646942,11462.106294091423,0.3111702519188101,50,73,45,52,7.101399715971155,6499.659032172042,10140.310896566323,0.3906052150338737,51,72,46,51,7.710513867808473,6499.659032172042,10140.310896566323,0.3906052150338737,51,72,46,51,8.784480829416054,6867.383102860554,9772.586825877814,0.4127040572952066,49,72,44,51,10.242422461509705,ens_baseline_baseline_last_180d,9288.214942062692,0.0
2025-10-16,valid_2025_10,4568.566034204552,39,61,3004.344501953178,1564.221532251374,0.6576121433858785,32,66,-7,5,2.24112498514868,3004.344501953178,1564.221532251374,0.6576121433858785,32,66,-7,5,2.5285144549978757,286.3225653574027,4282.243468847149,0.062672305317188,55,68,16,7,2.6746793662991166,407.07433525413126,4161.491698950421,0.0891033055462901,54,70,15,9,3.5361020551945685,286.3225653574027,4282.243468847149,0.062672305317188,55,67,16,6,2.2308037281036377,ens_baseline_baseline_last_180d,3004.344501953178,0.0
2025-10-18,valid_2025_10,3072.1838617718595,0,14,-432.6652098734082,3504.849071645268,-0.1408331106927538,54,62,54,48,4.790265664663892,-432.6652098734082,3504.849071645268,-0.1408331106927538,54,62,54,48,5.458572272542142,-1348.897419017096,4421.081280788956,-0.4390679333362325,53,65,53,51,4.441028890897755,-1348.897419017096,4421.081280788956,-0.4390679333362325,54,65,54,51,4.4353431083100645,-1043.4866826358668,4115.670544407726,-0.3396563257884062,54,64,54,50,3.534460186958313,ens_baseline_baseline_last_180d,-432.6652098734082,0.0
2025-10-20,valid_2025_10,7375.971512981234,53,63,3395.177985027869,3980.793527953365,0.4603024807040774,51,88,-2,25,13.111251868899288,3264.389018534445,4111.5824944467895,0.4425707193675207,50,88,-3,25,14.118155048263844,3145.53334029275,4230.438172688484,0.4264568178926415,49,88,-4,25,13.862243879004325,3145.53334029275,4230.438172688484,0.4264568178926415,49,88,-4,25,13.207282390717054,3086.6304258750574,4289.341087106177,0.4184710340112875,47,88,-6,25,18.82854461669922,ens_baseline_baseline_last_180d,3395.177985027869,0.0
2025-10-25,valid_2025_10,11193.12215074733,53,66,11193.12215074733,0.0,1.0,53,88,0,22,6.771333151454307,10326.846866534834,866.2752842124955,0.922606465600426,54,84,1,18,6.49112560322228,11193.12215074733,0.0,1.0,53,88,0,22,6.439901886993233,11193.12215074733,0.0,1.0,53,70,0,4,6.854649402689525,11193.12215074733,0.0,1.0,53,84,0,18,7.0988922000397,ens_baseline_baseline_last_180d,11193.12215074733,0.0
2025-10-29,valid_2025_10,18469.74609627321,0,88,18469.74609627321,0.0,1.0,0,88,0,0,21.118200203668472,18201.93905680892,267.8070394642928,0.9855002316724684,1,88,1,0,20.31735269501088,15883.884293122745,2585.86180315047,0.8599947292360322,49,88,49,0,22.43503451822465,18201.93905680892,267.8070394642928,0.9855002316724684,1,88,1,0,22.39371499694592,18201.93905680892,267.8070394642928,0.9855002316724684,1,88,1,0,21.99332133680582,ens_baseline_baseline_last_180d,18469.74609627321,0.0
2025-10-30,valid_2025_10,15900.032885808903,54,66,11045.27472208228,4854.758163726623,0.6946699293899202,54,69,0,3,7.4607594082050355,11045.27472208228,4854.758163726623,0.6946699293899202,54,69,0,3,5.881863130430318,9122.841391035932,6777.191494772971,0.5737624227921094,54,70,0,4,10.266194349830016,9285.059031120089,6614.973854688817,0.5839647689915904,47,69,-7,3,11.370878676005375,10102.704018287548,5797.328867521355,0.6353888756610316,50,69,-4,3,9.370090365409853,ens_baseline_baseline_last_180d,11045.27472208228,0.0
2025-11-03,valid_2025_11,13361.719716678785,38,88,13361.719716678785,0.0,1.0,54,88,16,0,14.623119995624412,13361.719716678785,0.0,1.0,54,88,16,0,15.203936412668767,13361.719716678785,0.0,1.0,49,88,11,0,15.335168914956933,13361.719716678785,0.0,1.0,50,88,12,0,15.889743908967525,13361.719716678785,0.0,1.0,49,88,11,0,17.98520516906865,ens_baseline_baseline_last_180d,13361.719716678785,0.0
2025-11-05,valid_2025_11,5662.824070401963,0,22,5631.010452028918,31.813618373044847,0.99438202247191,0,21,0,-1,4.038900019433712,5312.874268298469,349.9498021034933,0.938202247191011,3,21,3,-1,3.728506484608204,3927.8620297042926,1734.96204069767,0.6936224719101122,0,33,0,11,5.077200001071793,5344.687886671515,318.1361837304476,0.9438202247191012,0,25,0,3,5.487531148481168,5344.687886671515,318.1361837304476,0.9438202247191012,0,25,0,3,3.8869727849960327,ens_baseline_baseline_last_180d,5631.010452028918,0.0
2025-11-07,valid_2025_11,6793.795022201863,29,73,4388.41823880535,2405.376783396513,0.6459450460992959,57,80,28,7,3.668415520247271,4388.41823880535,2405.376783396513,0.6459450460992959,57,80,28,7,4.679485898922778,3929.81220451056,2863.9828176913024,0.5784413853623909,53,77,24,4,2.7395073450772003,3254.558610457174,3539.2364117446887,0.4790486907275537,53,70,24,-3,1.8673582604202537,3554.9109815170887,3238.884040684774,0.5232584983650191,53,84,24,11,5.669018846121617,ens_baseline_baseline_last_180d,4388.41823880535,0.0
2025-11-21,valid_2025_11,7103.440151188545,36,67,6683.354046019839,420.0861051687061,0.9408615971659284,53,68,17,1,6.492109451735786,5514.248109876167,1589.192041312378,0.7762785344159654,54,72,18,5,6.459837738355567,6683.354046019839,420.0861051687061,0.9408615971659284,50,68,14,1,5.410132571676705,6683.354046019839,420.0861051687061,0.9408615971659284,50,68,14,1,6.44856677172692,6683.354046019839,420.0861051687061,0.9408615971659284,52,68,16,1,6.8296070247888565,ens_baseline_baseline_last_180d,6683.354046019839,0.0
2025-11-28,valid_2025_11,6405.093051558166,43,84,4115.587828999955,2289.5052225582112,0.6425492644480405,54,88,11,4,2.9601242653898243,4115.587828999955,2289.5052225582112,0.6425492644480405,54,88,11,4,3.849711935318915,2509.264154193692,3895.828897364474,0.3917607650654292,49,71,6,-13,2.6461796726902165,1986.4264244037256,4418.66662715444,0.3101323288223718,49,70,6,-14,2.249843333256964,4083.7742106269097,2321.318840931256,0.6375823392032456,55,88,12,4,5.009350954089314,ens_baseline_baseline_last_180d,4115.587828999955,0.0
2025-11-30,valid_2025_11,10816.630246835208,53,88,10816.630246835208,0.0,1.0,54,88,1,0,9.151653726057395,9512.271893540372,1304.358353294836,0.8794117647058821,55,82,2,-6,9.22200544025655,9734.967222151685,1081.663024683523,0.8999999999999998,49,83,-4,-5,9.150145154784305,8939.626762825568,1877.00348400964,0.8264705882352941,49,76,-4,-12,9.030066296787036,10816.630246835208,0.0,1.0,53,88,0,0,9.631727704545485,ens_baseline_baseline_last_180d,10816.630246835208,0.0
2025-12-04,valid_2025_12,11898.293271518723,47,67,11528.911711312978,369.3815602057475,0.9689550802139038,49,64,2,-3,6.458598988095432,11186.34585003387,711.947421484856,0.9401639037433156,50,64,3,-3,6.733440888675808,381.7634204765376,11516.529851042187,0.0320855614973262,0,29,-47,-38,5.915804427988588,11492.100173493527,406.1930980251982,0.965861229946524,50,66,3,-1,6.549146046019857,11492.100173493527,406.1930980251982,0.965861229946524,50,66,3,-1,3.90951806306839,ens_baseline_baseline_last_180d,11528.911711312978,0.0
2025-12-08,valid_2025_12,7915.851798133639,35,87,6468.201726324774,1447.6500718088646,0.8171201143318292,53,71,18,-16,7.131827233598315,6468.201726324774,1447.6500718088646,0.8171201143318292,53,71,18,-16,7.429942239494562,6468.201726324774,1447.6500718088646,0.8171201143318292,49,71,14,-16,5.8326698336097245,6320.338390850537,1595.5134072831024,0.7984407176926576,49,72,14,-15,6.5263117130149375,6172.4750553763,1743.3767427573391,0.7797613210534861,53,73,18,-14,7.597023516893387,ens_baseline_baseline_last_180d,6468.201726324774,0.0
2025-12-09,valid_2025_12,10593.934918223891,41,65,10212.171497747357,381.76342047653634,0.963963963963964,51,69,10,4,10.25808525013626,9957.662550763,636.2723674608933,0.93993993993994,51,71,10,6,10.55481097514619,10021.28978750909,572.6451307148036,0.945945945945946,50,70,9,5,9.031948833578674,10212.171497747357,381.76342047653634,0.963963963963964,50,69,9,4,9.353803631742108,9957.662550763,636.2723674608933,0.93993993993994,52,71,11,6,11.176409848034382,ens_baseline_baseline_last_180d,10212.171497747357,0.0
2025-12-13,valid_2025_12,4825.562806145682,46,66,3713.209183817685,1112.353622327997,0.7694872770257307,48,68,2,2,6.746182712587823,3713.209183817685,1112.353622327997,0.7694872770257307,48,68,2,2,6.873928739405697,3713.209183817685,1112.353622327997,0.7694872770257307,49,69,3,3,5.514652434343365,3713.209183817685,1112.353622327997,0.7694872770257307,50,69,4,3,6.313452759500526,3713.209183817685,1112.353622327997,0.7694872770257307,48,68,2,2,6.361120045185089,ens_baseline_baseline_last_180d,3713.209183817685,0.0
2025-12-15,valid_2025_12,11961.920508264817,40,82,11961.920508264817,0.0,1.0,47,78,7,-4,12.500183608512266,11961.920508264817,0.0,1.0,47,78,7,-4,13.120247653074667,11961.920508264817,0.0,1.0,47,77,7,-5,12.950561993392911,11961.920508264817,0.0,1.0,47,75,7,-7,13.20420157402564,11961.920508264817,0.0,1.0,47,77,7,-5,11.695034131407738,ens_baseline_baseline_last_180d,11961.920508264817,0.0
2025-12-16,valid_2025_12,9575.899130286462,48,87,9416.831038421238,159.06809186522332,0.9833887043189368,52,67,4,-20,8.084332865082757,9416.831038421238,159.06809186522332,0.9833887043189368,52,67,4,-20,8.131763472979998,9416.831038421238,159.06809186522332,0.9833887043189368,53,67,5,-20,6.614565765300739,9257.762946556017,318.13618373044665,0.966777408637874,51,68,3,-19,8.671426896267278,9289.57656492906,286.3225653574027,0.9700996677740864,54,64,6,-23,4.203701555728912,ens_baseline_baseline_last_180d,9416.831038421238,0.0
2025-12-17,valid_2025_12,7365.352127168311,34,66,6971.299105914267,394.0530212540443,0.946499092718118,55,68,21,2,6.349280810955655,6971.299105914267,394.0530212540443,0.946499092718118,41,68,7,2,6.957625878555163,6682.56188692235,682.7902402459613,0.907296999728312,49,70,15,4,5.373267013385565,6396.239321564947,969.112805603364,0.8684227462759544,49,71,15,5,5.704324782316071,6873.443597160618,491.9085300076931,0.9332131686965504,54,69,20,3,7.127640448510647,ens_baseline_baseline_last_180d,6971.299105914267,0.0
2025-12-19,valid_2025_12,8844.185907706433,6,70,8844.185907706433,0.0,1.0,14,69,8,-1,9.063422698653278,8844.185907706433,0.0,1.0,16,69,10,-1,8.920102606144848,8780.558670960345,63.627236746087874,0.9928057553956836,12,72,6,2,8.808565387813765,8844.185907706433,0.0,1.0,12,69,6,-1,9.361304952904035,8079.268811630456,764.9170960759766,0.913511870503597,1,69,-5,-1,9.041889799875207,ens_baseline_baseline_last_180d,8844.185907706433,0.0
2025-12-20,valid_2025_12,9255.507361013366,39,69,9255.507361013366,0.0,1.0,53,69,14,0,7.785184306476591,9255.507361013366,0.0,1.0,53,69,14,0,7.633571578952999,9223.69374264032,31.81361837304576,0.9965627364192856,49,71,10,2,7.550984182644111,9223.69374264032,31.81361837304576,0.9965627364192856,49,71,10,2,8.833525787992855,9255.507361013366,0.0,1.0,53,69,14,0,7.783969201147556,ens_baseline_baseline_last_180d,9255.507361013366,0.0
2025-12-26,valid_2025_12,7346.620268670262,37,66,4423.505478508981,2923.114790161281,0.6021143487397961,50,68,13,2,9.923033272422488,4070.759259350498,3275.861009319764,0.5540995873585971,50,69,13,3,9.929410711559328,3738.7587007330776,3607.861567937184,0.5089086633042751,49,70,12,4,9.893841079456111,2871.385846686712,4475.23442198355,0.3908444620353887,50,71,13,5,10.344978002528066,4070.759259350498,3275.861009319764,0.5540995873585971,50,69,13,3,10.187531664967535,ens_baseline_baseline_last_180d,4423.505478508981,0.0
