date,fold,base_profit,prior_profit,delta,oracle_profit,base_tc,prior_tc,oracle_tc,base_td,prior_td,oracle_td
2025-09-01,valid_2025_09,6227.515796523505,6959.229019103534,731.7132225800287,7673.047081348724,56,55,53,71,71,66
2025-09-02,valid_2025_09,5462.449176441176,6350.049129049124,887.5999526079477,7323.284979593632,29,32,44,78,79,81
2025-09-03,valid_2025_09,5775.180226410042,7206.793053197055,1431.6128267870126,8892.914826968423,54,52,49,68,69,67
2025-09-04,valid_2025_09,6489.978148101123,6617.232621593302,127.25447349217848,8239.727158618583,52,52,55,69,71,73
2025-09-05,valid_2025_09,10669.915382984238,10679.373571726543,9.458188742304628,10689.375773343028,61,60,57,74,73,73
2025-09-06,valid_2025_09,2277.0660977743505,7182.732413621523,4905.666315847173,7348.945844173331,63,62,35,82,88,88
2025-09-07,valid_2025_09,8303.354395364673,8239.727158618583,-63.62723674608969,24814.622330974886,56,55,46,86,88,72
2025-09-08,valid_2025_09,18294.220819623617,18294.220819623617,0.0,20080.272350066556,55,55,51,71,71,69
2025-09-09,valid_2025_09,13107.210769694426,15111.468727196243,2004.2579575018171,22555.85542648871,54,52,48,80,79,73
2025-09-10,valid_2025_09,5780.515370211202,6464.543160211875,684.0277900006731,6763.524364319911,59,60,52,72,73,76
2025-09-11,valid_2025_09,8081.549848067805,7755.075314961783,-326.47453310602214,8893.143885020712,45,46,39,69,71,62
2025-09-12,valid_2025_09,4989.736983759779,4986.606523711871,-3.1304600479079454,5677.372438083954,55,55,32,70,71,69
2025-09-13,valid_2025_09,4698.893703231567,5454.540310913638,755.6466076820707,5455.46926857013,63,60,23,83,88,88
2025-09-14,valid_2025_09,37145.14178443348,36565.65672576847,-579.4850586650064,37794.009163408264,53,52,55,69,69,69
2025-09-15,valid_2025_09,7158.064133935063,7262.180562784527,104.11642884946377,7262.180562784527,59,57,36,77,75,75
2025-09-16,valid_2025_09,31713.85086582685,32795.51389051038,1081.6630246835302,32795.51389051038,31,46,46,65,67,65
2025-09-17,valid_2025_09,29456.744632219757,29075.897443952363,-380.8471882673948,34819.496291403484,51,49,57,69,69,68
2025-09-18,valid_2025_09,27114.74693934602,26946.13476196888,-168.61217737714105,32148.628499960232,46,46,54,68,69,65
2025-09-19,valid_2025_09,4234.5039531165585,5484.779155177218,1250.2752020606595,13626.008169951017,46,46,1,70,71,83
2025-09-20,valid_2025_09,13972.541189441243,14214.324689076382,241.78349963513938,14612.97795954717,47,46,36,65,66,66
2025-09-21,valid_2025_09,608.8967488508903,459.25821347143625,-149.63853537945403,3813.9215555012333,55,55,42,68,69,64
2025-09-22,valid_2025_09,95.44085511913369,0.0,-95.44085511913369,2920.585607500625,46,46,0,69,71,25
2025-09-23,valid_2025_09,4030.3814149114282,3075.9728637200874,-954.4085511913408,6171.437931417339,56,55,60,78,79,83
2025-09-24,valid_2025_09,14029.805702512724,14729.705306719707,699.899604206983,15906.809186522361,54,53,36,76,75,73
2025-09-25,valid_2025_09,11160.35730518493,11160.35730518493,0.0,14059.039236435716,16,16,15,66,66,62
2025-09-26,valid_2025_09,4880.880325772732,4880.880325772732,0.0,21780.63071805987,51,51,0,67,67,15
2025-09-27,valid_2025_09,2341.482312256094,1959.7188917795556,-381.76342047653816,2564.177640867408,56,55,55,79,73,88
2025-09-28,valid_2025_09,17047.25105251192,16780.016658178345,-267.23439433357635,17425.750395743384,48,48,54,67,69,67
2025-10-01,valid_2025_10,6706.154866307802,6737.968484680847,31.813618373044847,10953.4288058393,1,0,0,23,23,19
2025-10-02,valid_2025_10,6789.484276912316,6744.487095085482,-44.997181826834094,7057.176787350464,56,55,58,72,73,71
2025-10-03,valid_2025_10,8786.030613320507,8626.962521455285,-159.0680918652215,8844.185907706435,52,52,34,72,73,71
2025-10-04,valid_2025_10,11073.022560027252,10029.535877391385,-1043.4866826358666,14344.219692893528,0,0,0,64,66,83
2025-10-05,valid_2025_10,15833.857378231132,12372.507066987333,-3461.3503112437993,27690.118497155396,32,32,16,64,62,75
2025-10-06,valid_2025_10,13865.2370360308,13839.525269661708,-25.711766369091492,16639.969928738366,52,52,5,66,67,21
2025-10-07,valid_2025_10,12647.214480276738,12812.68983488229,165.47535460555264,13434.693794502875,44,46,42,65,66,66
2025-10-08,valid_2025_10,-15992.705956129583,-15925.897357546191,66.80859858339136,17107.041566882224,48,46,30,88,88,47
2025-10-09,valid_2025_10,-1648.7725858014173,864.5032656691143,2513.2758514705315,11716.462535707593,23,23,64,68,69,88
2025-10-10,valid_2025_10,12073.344525254573,12073.344525254573,0.0,24860.30350559674,48,48,25,64,64,63
2025-10-11,valid_2025_10,22469.125140080116,20681.199787515005,-1787.925352565111,23880.72083818681,33,33,39,65,66,64
2025-10-12,valid_2025_10,9225.94932818297,9828.677416431328,602.7280882483592,10051.372745042638,53,52,49,68,69,70
2025-10-13,valid_2025_10,6451.327783139712,6451.327783139712,0.0,6560.079456186128,54,54,47,69,69,68
2025-10-14,valid_2025_10,12877.93320344173,8996.671761930273,-3881.2614415114567,23334.185144070758,55,55,45,69,73,82
2025-10-15,valid_2025_10,-132.53235278026665,-132.53235278026665,0.0,14486.121156284653,0,0,11,64,64,23
2025-10-16,valid_2025_10,407.0743352541317,407.0743352541317,0.0,4568.566034204551,54,54,39,67,73,61
2025-10-17,valid_2025_10,3362.0631896633704,5525.729644747003,2163.666455083632,15486.258602525408,51,49,0,65,66,73
2025-10-18,valid_2025_10,-432.6652098734076,-432.6652098734076,0.0,3072.183861771858,54,54,0,62,62,14
2025-10-19,valid_2025_10,10790.768956459757,10790.768956459757,0.0,13575.663118875671,49,49,46,88,88,74
2025-10-20,valid_2025_10,3264.389018534446,3145.533340292751,-118.85567824169539,7375.971512981234,50,49,53,88,88,63
2025-10-21,valid_2025_10,1974.3531562311532,1974.3531562311532,0.0,3713.8868138890293,32,32,38,64,64,88
2025-10-22,valid_2025_10,1543.7558315519962,680.0033672764805,-863.7524642755156,18265.779444798118,52,52,5,64,66,39
2025-10-23,valid_2025_10,2552.8869877068114,1464.8612393486821,-1088.0257483581292,6028.104855199425,48,48,55,65,66,63
2025-10-24,valid_2025_10,15286.01732576179,15286.01732576179,0.0,18973.215695197676,53,53,47,69,69,85
2025-10-25,valid_2025_10,7026.161690798583,9253.114976911715,2226.953286113132,11193.12215074733,57,55,53,80,73,66
2025-10-26,valid_2025_10,12709.887308471634,13100.848046019819,390.9607375481846,19018.181063406137,52,52,48,68,69,74
2025-10-27,valid_2025_10,13554.481611762902,15574.312335458326,2019.8307236954242,23751.875683775976,43,46,48,69,69,81
2025-10-28,valid_2025_10,9960.894814389701,10234.59373597668,273.69892158697803,10870.337997372582,54,55,49,69,71,76
2025-10-29,valid_2025_10,18201.939056808926,18469.746096273215,267.8070394642891,18469.746096273215,1,0,0,88,88,88
2025-10-30,valid_2025_10,15827.28468467526,15647.21642332199,-180.06826135326992,15900.032885808901,53,52,54,66,66,66
2025-10-31,valid_2025_10,9749.722378353104,9749.722378353104,0.0,10358.816371637908,55,55,47,69,69,86
2025-11-01,valid_2025_11,9410.808720463223,9442.622338836267,31.813618373043937,12869.178095665467,48,48,50,80,81,88
2025-11-02,valid_2025_11,9107.010934533506,10366.388012810692,1259.3770782771862,10517.232284326483,54,54,53,65,66,66
2025-11-03,valid_2025_11,9671.339985405597,13361.719716678786,3690.3797312731895,13361.719716678786,48,48,38,85,88,88
2025-11-04,valid_2025_11,6878.291992600669,6814.664755854581,-63.627236746087874,7323.682649823298,49,49,51,67,69,68
2025-11-05,valid_2025_11,5631.010452028917,5631.010452028917,0.0,5662.824070401962,0,0,0,21,21,22
2025-11-06,valid_2025_11,890.7813144452508,613.3252045284161,-277.45610991683475,922.5949328182957,50,49,51,64,66,64
2025-11-07,valid_2025_11,2495.1770839781093,2731.609533002902,236.43244902479273,6793.7950222018635,47,46,29,80,73,73
2025-11-08,valid_2025_11,7479.146258726855,7176.22016594056,-302.92609278629516,8037.637510627493,50,49,49,82,73,86
2025-11-09,valid_2025_11,11733.937756279904,12537.50521731729,803.5674610373862,12573.171464875311,50,49,37,68,71,71
2025-11-10,valid_2025_11,10272.995954714781,10588.335721390236,315.3397666754554,11155.171685390125,52,49,39,77,73,68
2025-11-11,valid_2025_11,7165.537152890892,7045.679345670445,-119.85780722044638,7485.846206756217,49,49,55,72,73,69
2025-11-12,valid_2025_11,10387.041413858473,10139.003356851192,-248.03805700728117,10483.503486127383,50,49,44,69,71,68
2025-11-13,valid_2025_11,9146.45027723057,9261.017479715578,114.56720248500824,9537.757783219018,55,52,40,70,73,68
2025-11-14,valid_2025_11,3593.341832511727,3440.8018951366525,-152.53993737507426,3791.572488594169,48,48,35,78,73,66
2025-11-15,valid_2025_11,7619.4125021336085,7722.65723783965,103.24473570604187,8345.596517840402,49,49,47,80,81,77
2025-11-16,valid_2025_11,9219.58660450836,8914.175868127131,-305.41073638122907,9645.889090707162,47,48,59,82,73,78
2025-11-17,valid_2025_11,7271.756461914814,7303.570080287859,31.813618373044847,7342.5831204987235,49,49,52,72,73,74
2025-11-18,valid_2025_11,9614.463598478269,8503.385702247027,-1111.0778962312415,10104.393321423157,49,49,48,68,71,67
2025-11-19,valid_2025_11,7769.49006544661,8716.931434214255,947.4413687676451,10200.934927737997,47,49,35,82,88,68
2025-11-20,valid_2025_11,8462.422487229898,8526.049723975988,63.62723674608969,8685.117815841211,54,55,39,68,69,70
2025-11-21,valid_2025_11,6683.354046019838,6371.688752266469,-311.66529375336904,7103.440151188545,54,54,36,68,69,67
2025-11-22,valid_2025_11,6122.938070207633,5774.731654390983,-348.2064158166504,6264.524578776868,48,49,38,72,73,71
2025-11-23,valid_2025_11,5666.12950535092,5747.464202083447,81.33469673252694,6269.694291762487,40,40,52,80,73,75
2025-11-24,valid_2025_11,9056.153684202356,8438.969487765287,-617.1841964370687,10017.17946801529,42,46,50,70,71,66
2025-11-25,valid_2025_11,1542.2351405937634,956.4223532343553,-585.812787359408,1565.2300239538,54,55,50,77,73,76
2025-11-26,valid_2025_11,7918.575043866373,7374.921663574922,-543.653380291451,7918.575043866373,48,48,51,80,81,80
2025-11-27,valid_2025_11,1665.6974307758755,2305.8351528690946,640.137722093219,3235.7981197025892,49,49,13,78,73,68
2025-11-28,valid_2025_11,3017.814387972324,3706.8496415049126,689.0352535325887,6405.093051558167,56,55,43,72,73,84
2025-11-29,valid_2025_11,3601.772441380584,4978.93626032213,1377.1638189415457,5801.283300285127,49,49,35,80,73,67
2025-11-30,valid_2025_11,9162.32209143688,9130.508473063834,-31.813618373045756,10816.630246835208,49,49,53,80,79,88
2025-12-01,valid_2025_12,2712.1873189861567,3043.0489500658205,330.86163107966377,7602.92350373086,54,53,28,70,71,37
2025-12-02,valid_2025_12,6280.00826683903,6566.330832196431,286.3225653574018,7113.5250682128,52,49,41,70,71,74
2025-12-03,valid_2025_12,8099.747237777187,8386.06980313459,286.3225653574018,9007.2147950591,48,48,55,69,71,74
2025-12-04,valid_2025_12,11492.100173493527,11492.100173493527,0.0,11898.293271518727,50,50,47,65,66,67
2025-12-05,valid_2025_12,3407.200351411042,3476.7926416020778,69.59229019103577,4598.152699291483,32,35,58,72,73,85
2025-12-06,valid_2025_12,437.4531594385513,437.4531594385513,0.0,1382.2635419667454,48,48,35,71,71,88
2025-12-07,valid_2025_12,10021.28978750909,10275.798734493448,254.50894698435877,15016.027872077111,48,49,17,69,71,83
2025-12-08,valid_2025_12,6304.841977341028,6468.201726324775,163.35974898374752,7915.851798133639,48,49,35,70,71,87
2025-12-09,valid_2025_12,10021.28978750909,9957.662550763,-63.62723674608969,10593.934918223893,51,51,41,70,71,65
2025-12-10,valid_2025_12,4094.027739828541,3242.2944605743646,-851.7332792541765,7441.205337455161,50,49,55,88,88,67
2025-12-11,valid_2025_12,2088.882182374116,4474.903560352472,2386.0213779783558,25769.030882166222,53,53,6,65,66,85
2025-12-12,valid_2025_12,-11244.29753726221,-12550.12249836404,-1305.824961101831,9467.73282781811,53,53,34,69,73,51
2025-12-13,valid_2025_12,3713.209183817685,3713.209183817685,0.0,4825.562806145682,48,48,46,68,68,66
2025-12-14,valid_2025_12,3106.9179703115483,2664.708674926226,-442.2092953853221,3981.935636852956,56,55,56,67,68,65
2025-12-15,valid_2025_12,11961.920508264817,11961.920508264817,0.0,11961.920508264817,47,46,40,78,78,82
2025-12-16,valid_2025_12,9480.458275167328,9480.458275167328,0.0,9575.899130286462,52,52,48,66,66,87
2025-12-17,valid_2025_12,6971.299105914267,6396.239321564947,-575.0597843493197,7365.352127168311,42,48,34,68,71,66
2025-12-18,valid_2025_12,0.0,373.62549689671187,373.62549689671187,4304.280762294158,48,48,0,79,73,11
2025-12-19,valid_2025_12,8844.185907706433,8844.185907706433,0.0,8844.185907706433,17,16,6,68,71,70
2025-12-20,valid_2025_12,8969.184795655963,8969.184795655963,0.0,9255.507361013364,48,48,39,68,68,69
2025-12-21,valid_2025_12,5987.322977807017,5987.322977807017,0.0,7005.358765744449,48,48,40,68,68,72
2025-12-22,valid_2025_12,2085.427223418804,3240.2615703603274,1154.8343469415236,4748.357517077977,49,49,17,70,73,31
2025-12-23,valid_2025_12,8829.761613136094,9490.508197211371,660.7465840752775,10434.86682635867,13,0,42,69,69,67
2025-12-24,valid_2025_12,8058.854012720475,8277.903500666238,219.04948794576285,9825.502417317695,48,48,46,75,73,85
2025-12-25,valid_2025_12,11001.750510786114,11001.750510786114,0.0,11095.330269230428,48,48,51,69,69,70
2025-12-26,valid_2025_12,4423.5054785089815,3082.6091845127035,-1340.896293996278,7346.620268670262,50,49,37,68,88,66
2025-12-27,valid_2025_12,1990.2885976742132,1958.4749793011683,-31.813618373044847,7411.580496026182,50,49,52,68,68,77
2025-12-28,valid_2025_12,11713.774284955067,11889.188213940359,175.41392898529193,11889.188213940359,48,48,48,69,71,71
2025-12-29,valid_2025_12,10856.397269801513,11056.1072591383,199.70998933678675,12388.222994463616,52,49,52,83,88,66
2025-12-30,valid_2025_12,7380.759462546374,7380.759462546374,0.0,31559.10942606037,51,51,50,68,68,82
2025-12-31,valid_2025_12,2799.5984168279338,2735.9711800818473,-63.62723674608651,22576.10161322132,54,55,0,66,66,10
