month,method,days,mean_profit,anchor_mean_profit,mean_lift_vs_anchor,total_lift_vs_anchor,worst_profit,anchor_worst_profit,p10_profit,loss_days,anchor_loss_days,changed_days,changed_rate,positive_lift_days,negative_lift_days,anchor_group_mean_profit,anchor_group_loss_days,profit_delta_vs_anchor,loss_day_delta_vs_anchor
9,oracle_family_top1,28.0,12060.257766096684,11310.42816491406,749.829601182625,20995.2288331135,200.52123660530097,-1.1368683772161605e-13,4109.017044261187,0.0,0.0,20.0,0.7142857142857143,20.0,0.0,11310.42816491406,0.0,749.8296011826242,0.0
9,anchor_top1,28.0,11310.42816491406,11310.42816491406,0.0,0.0,-1.1368683772161605e-13,-1.1368683772161605e-13,2741.0966721379286,0.0,0.0,0.0,0.0,0.0,0.0,11310.42816491406,0.0,0.0,0.0
9,model_family_consensus_fallback,28.0,11268.047880438538,11310.42816491406,-42.380284475520284,-1186.647965314568,-1.1368683772161605e-13,-1.1368683772161605e-13,2741.0966721379286,0.0,0.0,1.0,0.03571428571428571,0.0,1.0,11310.42816491406,0.0,-42.380284475520966,0.0
10,oracle_family_top1,31.0,9539.560691759592,7899.10326217971,1640.4574295798811,50854.180316976315,-1520.6909582315373,-15925.89735754619,608.416363213456,2.0,3.0,25.0,0.8064516129032258,25.0,0.0,7899.10326217971,3.0,1640.457429579882,-1.0
10,anchor_top1,31.0,7899.10326217971,7899.10326217971,0.0,0.0,-15925.89735754619,-15925.89735754619,407.07433525413126,3.0,3.0,0.0,0.0,0.0,0.0,7899.10326217971,3.0,0.0,0.0
10,model_family_consensus_fallback,31.0,7717.620013180866,7899.10326217971,-181.4832489988432,-5625.98071896414,-15925.89735754619,-15925.89735754619,407.07433525413126,3.0,3.0,7.0,0.22580645161290322,3.0,4.0,7899.10326217971,3.0,-181.48324899884392,0.0
11,oracle_family_top1,30.0,7692.288700058504,7120.766696117662,571.5220039408421,17145.660118225263,763.5268409530734,613.325204528417,3608.7125822286635,0.0,0.0,23.0,0.7666666666666667,23.0,0.0,7120.766696117662,0.0,571.5220039408423,0.0
11,anchor_top1,30.0,7120.766696117662,7120.766696117662,0.0,0.0,613.325204528417,613.325204528417,2689.0320949895217,0.0,0.0,0.0,0.0,0.0,0.0,7120.766696117662,0.0,0.0,0.0
11,model_family_consensus_fallback,30.0,7120.766696117662,7120.766696117662,0.0,0.0,613.325204528417,613.325204528417,2689.0320949895217,0.0,0.0,0.0,0.0,0.0,0.0,7120.766696117662,0.0,0.0,0.0
12,oracle_family_top1,31.0,6860.262907194939,5928.223332078287,932.0395751166509,28893.226828616178,-6342.6333746063665,-12550.122498364042,2382.340542332593,1.0,1.0,22.0,0.7096774193548387,22.0,0.0,5928.223332078287,1.0,932.0395751166516,0.0
12,anchor_top1,31.0,5928.223332078287,5928.223332078287,0.0,0.0,-12550.122498364042,-12550.122498364042,1958.4749793011688,1.0,1.0,0.0,0.0,0.0,0.0,5928.223332078287,1.0,0.0,0.0
12,model_family_consensus_fallback,31.0,5928.223332078287,5928.223332078287,0.0,0.0,-12550.122498364042,-12550.122498364042,1958.4749793011688,1.0,1.0,0.0,0.0,0.0,0.0,5928.223332078287,1.0,0.0,0.0
