variant,regime,days,enabled_days,mean_profit,profit_delta_vs_anchor,loss_days,loss_day_delta_vs_anchor,p90_regret,worst_day_profit
global_w0.05,standard_09_12,120,120,7959.973469182847,-31.377480176498466,4,0,10952.389454927063,-15992.705956129583
global_w0.05,jan_feb_like,56,56,14230.526910433513,77.02707599478344,0,0,8728.851997018632,8.7837400327971
global_w0.05,winter_11_12_jan_feb,117,117,10211.075233087573,40.1870714933375,1,0,7209.93814750942,-12550.122498364042
global_w0.05,late_winter_12_jan_feb,87,87,11275.891568533723,53.237384361360455,1,0,9367.50847704041,-12550.122498364042
global_w0.05,all_5fold,176,176,9955.149564126239,3.11487860527086,4,0,9990.909372643748,-15992.705956129583
jan_feb_only_w0.05,standard_09_12,120,0,7991.350949359346,0.0,4,0,11045.45924106886,-15925.89735754619
jan_feb_only_w0.05,jan_feb_like,56,56,14230.526910433513,77.02707599478344,0,0,8728.851997018632,8.7837400327971
jan_feb_only_w0.05,winter_11_12_jan_feb,117,56,10207.75582189943,36.867660305195386,1,0,7209.93814750942,-12550.122498364042
jan_feb_only_w0.05,late_winter_12_jan_feb,87,56,11272.234830789695,49.580646617332604,1,0,9367.50847704041,-12550.122498364042
jan_feb_only_w0.05,all_5fold,176,56,9976.543300610218,24.50861508924936,4,0,9990.909372643748,-15925.89735754619
late_winter_w0.05,standard_09_12,120,31,7994.002084223767,2.6511348644216923,4,0,11045.45924106886,-15925.89735754619
late_winter_w0.05,jan_feb_like,56,56,14230.526910433513,77.02707599478344,0,0,8728.851997018632,8.7837400327971
late_winter_w0.05,winter_11_12_jan_feb,117,87,10210.474934580887,39.58677298665134,1,0,7209.93814750942,-12550.122498364042
late_winter_w0.05,late_winter_12_jan_feb,87,87,11275.891568533723,53.237384361360455,1,0,9367.50847704041,-12550.122498364042
late_winter_w0.05,all_5fold,176,87,9978.350892563232,26.316207042264068,4,0,9990.909372643748,-15925.89735754619
winter_w0.05,standard_09_12,120,61,7994.587375267785,3.2364259084397418,4,0,11045.45924106886,-15925.89735754619
winter_w0.05,jan_feb_like,56,56,14230.526910433513,77.02707599478344,0,0,8728.851997018632,8.7837400327971
winter_w0.05,winter_11_12_jan_feb,117,117,10211.075233087573,40.1870714933375,1,0,7209.93814750942,-12550.122498364042
winter_w0.05,late_winter_12_jan_feb,87,87,11275.891568533723,53.237384361360455,1,0,9367.50847704041,-12550.122498364042
winter_w0.05,all_5fold,176,117,9978.749954638699,26.715269117730713,4,0,9990.909372643748,-15925.89735754619
testlike_q25_w0.05,standard_09_12,120,38,7992.9895893076955,1.638639948349919,4,0,11045.45924106886,-15925.89735754619
testlike_q25_w0.05,jan_feb_like,56,6,14152.36363378255,-1.136200656179426,0,0,8728.851997018632,8.7837400327971
testlike_q25_w0.05,winter_11_12_jan_feb,117,43,10172.024995415226,1.1368338209904323,1,0,7189.114225467159,-12550.122498364042
testlike_q25_w0.05,late_winter_12_jan_feb,87,29,11227.042269465197,4.388085292834148,1,0,9367.50847704041,-12550.122498364042
testlike_q25_w0.05,all_5fold,176,44,9952.790421640604,0.7557361196359125,4,0,9990.909372643748,-15925.89735754619
testlike_q50_w0.05,standard_09_12,120,62,7989.572647626339,-1.7783017330066286,4,0,11045.45924106886,-15925.89735754619
testlike_q50_w0.05,jan_feb_like,56,26,14153.093245033915,-0.40658940481444006,0,0,8728.851997018632,8.7837400327971
testlike_q50_w0.05,winter_11_12_jan_feb,117,78,10171.286565984323,0.39840439008730755,1,0,7189.114225467159,-12550.122498364042
testlike_q50_w0.05,late_winter_12_jan_feb,87,55,11226.049209196051,3.395025023688504,1,0,9367.50847704041,-12550.122498364042
testlike_q50_w0.05,all_5fold,176,88,9950.692837710567,-1.3418478104013047,4,0,9990.909372643748,-15925.89735754619
testlike_q75_w0.05,standard_09_12,120,88,7929.027381671487,-62.323567687858485,4,0,11045.45924106886,-15925.89735754619
testlike_q75_w0.05,jan_feb_like,56,44,14217.495143387388,63.99530894865893,0,0,8728.851997018632,8.7837400327971
testlike_q75_w0.05,winter_11_12_jan_feb,117,101,10202.111406221882,31.223244627646636,1,0,7209.93814750942,-12550.122498364042
testlike_q75_w0.05,late_winter_12_jan_feb,87,75,11267.503304687942,44.84912051557876,1,0,9367.50847704041,-12550.122498364042
testlike_q75_w0.05,all_5fold,176,132,9929.903487672002,-22.13119784896662,4,0,9990.909372643748,-15925.89735754619
late_winter_testlike_q50_w0.05,standard_09_12,120,29,7994.002084223767,2.6511348644216923,4,0,11045.45924106886,-15925.89735754619
late_winter_testlike_q50_w0.05,jan_feb_like,56,26,14153.093245033915,-0.40658940481444006,0,0,8728.851997018632,8.7837400327971
late_winter_testlike_q50_w0.05,winter_11_12_jan_feb,117,55,10173.412667381079,2.5245057868432923,1,0,7189.114225467159,-12550.122498364042
late_winter_testlike_q50_w0.05,late_winter_12_jan_feb,87,55,11226.049209196051,3.395025023688504,1,0,9367.50847704041,-12550.122498364042
late_winter_testlike_q50_w0.05,all_5fold,176,55,9953.712908117905,1.6782225969363935,4,0,9990.909372643748,-15925.89735754619
global_w0.1,standard_09_12,120,120,7876.947666543004,-114.40328281634174,5,1,10952.389454927063,-15992.705956129583
global_w0.1,jan_feb_like,56,56,14254.787066844272,101.28723240554245,0,0,8728.851997018632,8.7837400327971
global_w0.1,winter_11_12_jan_feb,117,117,10215.530635171775,44.64247357753993,1,0,7209.93814750942,-12550.122498364042
global_w0.1,late_winter_12_jan_feb,87,87,11293.38130635488,70.72712218251763,1,0,9367.50847704041,-12550.122498364042
global_w0.1,all_5fold,176,176,9906.2602030025,-45.774482518469085,5,1,10232.58470597642,-15992.705956129583
jan_feb_only_w0.1,standard_09_12,120,0,7991.350949359346,0.0,4,0,11045.45924106886,-15925.89735754619
jan_feb_only_w0.1,jan_feb_like,56,56,14254.787066844272,101.28723240554245,0,0,8728.851997018632,8.7837400327971
jan_feb_only_w0.1,winter_11_12_jan_feb,117,56,10219.367520694324,48.479359100088914,1,0,7209.93814750942,-12550.122498364042
jan_feb_only_w0.1,late_winter_12_jan_feb,87,56,11287.850563651793,65.1963794794301,1,0,9367.50847704041,-12550.122498364042
jan_feb_only_w0.1,all_5fold,176,56,9984.262441286368,32.227755765399706,4,0,9990.909372643748,-15925.89735754619
late_winter_w0.1,standard_09_12,120,31,7995.3607378190845,4.009788459738957,4,0,11045.45924106886,-15925.89735754619
late_winter_w0.1,jan_feb_like,56,56,14254.787066844272,101.28723240554245,0,0,8728.851997018632,8.7837400327971
late_winter_w0.1,winter_11_12_jan_feb,117,87,10223.480124242773,52.59196264853745,1,0,7209.93814750942,-12550.122498364042
late_winter_w0.1,late_winter_12_jan_feb,87,87,11293.38130635488,70.72712218251763,1,0,9367.50847704041,-12550.122498364042
late_winter_w0.1,all_5fold,176,87,9986.996387963462,34.96170244249333,4,0,9990.909372643748,-15925.89735754619
winter_w0.1,standard_09_12,120,61,7987.60998597486,-3.7409633844854397,4,0,11045.45924106886,-15925.89735754619
winter_w0.1,jan_feb_like,56,56,14254.787066844272,101.28723240554245,0,0,8728.851997018632,8.7837400327971
winter_w0.1,winter_11_12_jan_feb,117,117,10215.530635171775,44.64247357753993,1,0,7209.93814750942,-12550.122498364042
winter_w0.1,late_winter_12_jan_feb,87,87,11293.38130635488,70.72712218251763,1,0,9367.50847704041,-12550.122498364042
winter_w0.1,all_5fold,176,117,9981.71178443331,29.677098912341535,4,0,9990.909372643748,-15925.89735754619
testlike_q25_w0.1,standard_09_12,120,38,7994.348242903014,2.9972935436680928,4,0,11045.45924106886,-15925.89735754619
testlike_q25_w0.1,jan_feb_like,56,6,14152.599793088939,-0.9000413497906266,0,0,8728.851997018632,8.7837400327971
testlike_q25_w0.1,winter_11_12_jan_feb,117,43,10173.531519796386,2.643358202150921,1,0,7189.114225467159,-12550.122498364042
testlike_q25_w0.1,late_winter_12_jan_feb,87,29,11229.068285012276,6.414100839912862,1,0,9367.50847704041,-12550.122498364042
testlike_q25_w0.1,all_5fold,176,44,9953.791917962171,1.7572324412030866,4,0,9990.909372643748,-15925.89735754619
testlike_q50_w0.1,standard_09_12,120,62,7995.069245540742,3.718296181395999,4,0,11045.45924106886,-15925.89735754619
testlike_q50_w0.1,jan_feb_like,56,26,14143.103598434682,-10.39623600404775,0,0,8728.851997018632,8.7837400327971
testlike_q50_w0.1,winter_11_12_jan_feb,117,78,10167.898687538862,-2.9894740553736483,1,0,7189.114225467159,-12550.122498364042
testlike_q50_w0.1,late_winter_12_jan_feb,87,55,11221.493096803879,-1.1610873684840044,1,0,9367.50847704041,-12550.122498364042
testlike_q50_w0.1,all_5fold,176,88,9951.261994188813,-0.7726913321548636,4,0,10232.58470597642,-15925.89735754619
testlike_q75_w0.1,standard_09_12,120,88,7872.918445264709,-118.4325040946369,4,0,11045.45924106886,-15925.89735754619
testlike_q75_w0.1,jan_feb_like,56,44,14241.803815566165,88.30398112743569,0,0,8728.851997018632,8.7837400327971
testlike_q75_w0.1,winter_11_12_jan_feb,117,101,10215.139817106068,44.25165551183272,1,0,7209.93814750942,-12550.122498364042
testlike_q75_w0.1,late_winter_12_jan_feb,87,75,11285.024271049433,62.37008687707021,1,0,9367.50847704041,-12550.122498364042
testlike_q75_w0.1,all_5fold,176,132,9899.38197217881,-52.65271334215868,4,0,10232.58470597642,-15925.89735754619
late_winter_testlike_q50_w0.1,standard_09_12,120,29,7995.3607378190845,4.009788459738957,4,0,11045.45924106886,-15925.89735754619
late_winter_testlike_q50_w0.1,jan_feb_like,56,26,14143.103598434682,-10.39623600404775,0,0,8728.851997018632,8.7837400327971
late_winter_testlike_q50_w0.1,winter_11_12_jan_feb,117,55,10170.02478893562,-0.8633726586158446,1,0,7189.114225467159,-12550.122498364042
late_winter_testlike_q50_w0.1,late_winter_12_jan_feb,87,55,11221.493096803879,-1.1610873684840044,1,0,9367.50847704041,-12550.122498364042
late_winter_testlike_q50_w0.1,all_5fold,176,55,9951.460738924046,-0.5739465969218145,4,0,9990.909372643748,-15925.89735754619
global_w0.15,standard_09_12,120,120,7657.9511482718335,-333.39980108751206,7,3,12529.82731865916,-15992.705956129583
global_w0.15,jan_feb_like,56,56,14399.335593714135,245.8357592754055,0,0,8145.501583721298,8.7837400327971
global_w0.15,winter_11_12_jan_feb,117,117,10288.728006529265,117.83984493502976,2,1,6238.155543052196,-12550.122498364042
global_w0.15,late_winter_12_jan_feb,87,87,11386.424036294104,163.76985212174077,1,0,8688.291542410105,-12550.122498364042
global_w0.15,all_5fold,176,176,9802.937108185293,-149.09757733567494,7,3,11150.070371684007,-15992.705956129583
jan_feb_only_w0.15,standard_09_12,120,0,7991.350949359346,0.0,4,0,11045.45924106886,-15925.89735754619
jan_feb_only_w0.15,jan_feb_like,56,56,14399.335593714135,245.8357592754055,0,0,8145.501583721298,8.7837400327971
jan_feb_only_w0.15,winter_11_12_jan_feb,117,56,10288.55314039272,117.6649787984843,1,0,6238.155543052196,-12550.122498364042
jan_feb_only_w0.15,late_winter_12_jan_feb,87,56,11380.893293591016,158.23910941865324,1,0,8688.291542410105,-12550.122498364042
jan_feb_only_w0.15,all_5fold,176,56,10030.255154381324,78.22046886035605,4,0,9446.091613919843,-15925.89735754619
late_winter_w0.15,standard_09_12,120,31,7995.3607378190845,4.009788459738957,4,0,11045.45924106886,-15925.89735754619
late_winter_w0.15,jan_feb_like,56,56,14399.335593714135,245.8357592754055,0,0,8145.501583721298,8.7837400327971
late_winter_w0.15,winter_11_12_jan_feb,117,87,10292.66574394117,121.77758234693465,1,0,6238.155543052196,-12550.122498364042
late_winter_w0.15,late_winter_12_jan_feb,87,87,11386.424036294104,163.76985212174077,1,0,8688.291542410105,-12550.122498364042
late_winter_w0.15,all_5fold,176,87,10032.98910105842,80.9544155374515,4,0,9446.091613919843,-15925.89735754619
winter_w0.15,standard_09_12,120,61,7991.521443842477,0.17049448313173343,5,1,11045.45924106886,-15925.89735754619
winter_w0.15,jan_feb_like,56,56,14399.335593714135,245.8357592754055,0,0,8145.501583721298,8.7837400327971
winter_w0.15,winter_11_12_jan_feb,117,117,10288.728006529265,117.83984493502976,2,1,6238.155543052196,-12550.122498364042
winter_w0.15,late_winter_12_jan_feb,87,87,11386.424036294104,163.76985212174077,1,0,8688.291542410105,-12550.122498364042
winter_w0.15,all_5fold,176,117,10030.371400619822,78.33671509885426,5,1,9446.091613919843,-15925.89735754619
testlike_q25_w0.15,standard_09_12,120,38,8012.11084649463,20.75989713528452,4,0,11045.45924106886,-15925.89735754619
testlike_q25_w0.15,jan_feb_like,56,6,14157.144595713658,3.6447612749288965,0,0,8728.851997018632,8.7837400327971
testlike_q25_w0.15,winter_11_12_jan_feb,117,43,10193.924864907312,23.03670331307694,1,0,7189.114225467159,-12550.122498364042
testlike_q25_w0.15,late_winter_12_jan_feb,87,29,11231.9936752075,9.339491035136234,1,0,9367.50847704041,-12550.122498364042
testlike_q25_w0.15,all_5fold,176,44,9967.348857609775,15.314172088807027,4,0,9990.909372643748,-15925.89735754619
testlike_q50_w0.15,standard_09_12,120,62,7976.324635083995,-15.02631427535016,4,0,12374.771878479314,-15925.89735754619
testlike_q50_w0.15,jan_feb_like,56,26,14268.679903557682,115.18006911895282,0,0,8119.471681168473,8.7837400327971
testlike_q50_w0.15,winter_11_12_jan_feb,117,78,10248.885446612667,77.99728501843128,1,0,6238.155543052196,-12550.122498364042
testlike_q50_w0.15,late_winter_12_jan_feb,87,55,11302.323821940523,79.6696377681601,1,0,8688.291542410105,-12550.122498364042
testlike_q50_w0.15,all_5fold,176,88,9978.437675052895,26.402989531927233,4,0,10647.919447241113,-15925.89735754619
testlike_q75_w0.15,standard_09_12,120,88,7847.470307746534,-143.88064161281181,4,0,12374.771878479314,-15925.89735754619
testlike_q75_w0.15,jan_feb_like,56,44,14363.02040515134,209.5205707126097,0,0,8145.501583721298,8.7837400327971
testlike_q75_w0.15,winter_11_12_jan_feb,117,101,10292.408407116998,121.5202455227627,1,0,6238.155543052196,-12550.122498364042
testlike_q75_w0.15,late_winter_12_jan_feb,87,75,11363.048742506555,140.39455833419197,1,0,8688.291542410105,-12550.122498364042
testlike_q75_w0.15,all_5fold,176,132,9920.599884193516,-31.434801327452078,4,0,10647.919447241113,-15925.89735754619
late_winter_testlike_q50_w0.15,standard_09_12,120,29,7995.3607378190845,4.009788459738957,4,0,11045.45924106886,-15925.89735754619
late_winter_testlike_q50_w0.15,jan_feb_like,56,26,14268.679903557682,115.18006911895282,0,0,8119.471681168473,8.7837400327971
late_winter_testlike_q50_w0.15,winter_11_12_jan_feb,117,55,10230.12968711415,59.24152551991392,1,0,6238.155543052196,-12550.122498364042
late_winter_testlike_q50_w0.15,late_winter_12_jan_feb,87,55,11302.323821940523,79.6696377681601,1,0,8688.291542410105,-12550.122498364042
late_winter_testlike_q50_w0.15,all_5fold,176,55,9991.416836008639,39.382150487670515,4,0,9446.091613919843,-15925.89735754619
global_w0.2,standard_09_12,120,120,7619.813459770504,-371.5374895888417,7,3,12529.82731865916,-15992.705956129583
global_w0.2,jan_feb_like,56,56,14518.854358658778,365.3545242200489,0,0,7494.913087992534,8.7837400327971
global_w0.2,winter_11_12_jan_feb,117,117,10356.84893046611,185.9607688718752,2,1,4954.228531748896,-12550.122498364042
global_w0.2,late_winter_12_jan_feb,87,87,11478.08086262834,255.4266784559768,1,0,8443.502292111089,-12550.122498364042
global_w0.2,all_5fold,176,176,9814.9628366895,-137.07184883146874,7,3,11150.070371684007,-15992.705956129583
jan_feb_only_w0.2,standard_09_12,120,0,7991.350949359346,0.0,4,0,11045.45924106886,-15925.89735754619
jan_feb_only_w0.2,jan_feb_like,56,56,14518.854358658778,365.3545242200489,0,0,7494.913087992534,8.7837400327971
jan_feb_only_w0.2,winter_11_12_jan_feb,117,56,10345.75870310127,174.87054150703443,1,0,5490.167109584875,-12550.122498364042
jan_feb_only_w0.2,late_winter_12_jan_feb,87,56,11457.824912405957,235.17072823359376,1,0,8443.502292111089,-12550.122498364042
jan_feb_only_w0.2,all_5fold,176,56,10068.283852318256,116.24916679728813,4,0,9710.927261428093,-15925.89735754619
late_winter_w0.2,standard_09_12,120,31,8006.036513270574,14.6855639112282,4,0,11045.45924106886,-15925.89735754619
late_winter_w0.2,jan_feb_like,56,56,14518.854358658778,365.3545242200489,0,0,7494.913087992534,8.7837400327971
late_winter_w0.2,winter_11_12_jan_feb,117,87,10360.820819933297,189.93265833906116,1,0,4954.228531748896,-12550.122498364042
late_winter_w0.2,late_winter_12_jan_feb,87,87,11478.08086262834,255.4266784559768,1,0,8443.502292111089,-12550.122498364042
late_winter_w0.2,all_5fold,176,87,10078.296736803184,126.26205128221591,4,0,9710.927261428093,-15925.89735754619
winter_w0.2,standard_09_12,120,61,8002.163921040069,10.812971680723422,5,1,11045.45924106886,-15925.89735754619
winter_w0.2,jan_feb_like,56,56,14518.854358658778,365.3545242200489,0,0,7494.913087992534,8.7837400327971
winter_w0.2,winter_11_12_jan_feb,117,117,10356.84893046611,185.9607688718752,2,1,4954.228531748896,-12550.122498364042
winter_w0.2,late_winter_12_jan_feb,87,87,11478.08086262834,255.4266784559768,1,0,8443.502292111089,-12550.122498364042
winter_w0.2,all_5fold,176,117,10075.656333009656,123.62164748868781,5,1,9710.927261428093,-15925.89735754619
testlike_q25_w0.2,standard_09_12,120,38,8016.20117643155,24.85022707220469,4,0,11045.45924106886,-15925.89735754619
testlike_q25_w0.2,jan_feb_like,56,6,14166.588752377862,13.088917939132443,0,0,8728.851997018632,8.7837400327971
testlike_q25_w0.2,winter_11_12_jan_feb,117,43,10193.463159574001,22.574997979765612,1,0,7189.114225467159,-12550.122498364042
testlike_q25_w0.2,late_winter_12_jan_feb,87,29,11231.418689764629,8.764505592265778,1,0,9367.50847704041,-12550.122498364042
testlike_q25_w0.2,all_5fold,176,44,9973.142677869013,21.107992348044718,4,0,9990.909372643748,-15925.89735754619
testlike_q50_w0.2,standard_09_12,120,62,7980.414965020916,-10.93598433842999,4,0,12374.771878479314,-15925.89735754619
testlike_q50_w0.2,jan_feb_like,56,26,14259.23534922325,105.735514784521,0,0,8119.471681168473,8.7837400327971
testlike_q50_w0.2,winter_11_12_jan_feb,117,78,10239.38299071591,68.49482912167514,1,0,6238.155543052196,-12550.122498364042
testlike_q50_w0.2,late_winter_12_jan_feb,87,55,11289.59058573991,66.93640156754736,1,0,8688.291542410105,-12550.122498364042
testlike_q50_w0.2,all_5fold,176,88,9978.221450903477,26.186765382508383,4,0,10647.919447241113,-15925.89735754619
testlike_q75_w0.2,standard_09_12,120,88,7818.054057608687,-173.2968917506587,4,0,12374.771878479314,-15925.89735754619
testlike_q75_w0.2,jan_feb_like,56,44,14483.67537075216,330.1755363134307,0,0,7494.913087992534,8.7837400327971
testlike_q75_w0.2,winter_11_12_jan_feb,117,101,10361.073153590134,190.1849919958986,1,0,4954.228531748896,-12550.122498364042
testlike_q75_w0.2,late_winter_12_jan_feb,87,75,11455.436916389597,232.7827322172343,1,0,8443.502292111089,-12550.122498364042
testlike_q75_w0.2,all_5fold,176,132,9938.933566336154,-13.101119184813797,4,0,10647.919447241113,-15925.89735754619
late_winter_testlike_q50_w0.2,standard_09_12,120,29,7990.536600263043,-0.8143490963029762,4,0,11045.45924106886,-15925.89735754619
late_winter_testlike_q50_w0.2,jan_feb_like,56,26,14259.23534922325,105.735514784521,0,0,8119.471681168473,8.7837400327971
late_winter_testlike_q50_w0.2,winter_11_12_jan_feb,117,55,10220.66138327267,49.77322167843522,1,0,6238.155543052196,-12550.122498364042
late_winter_testlike_q50_w0.2,late_winter_12_jan_feb,87,55,11289.59058573991,66.93640156754736,1,0,8688.291542410105,-12550.122498364042
late_winter_testlike_q50_w0.2,all_5fold,176,55,9985.12256584129,33.08788032032135,4,0,9446.091613919843,-15925.89735754619
