date,charge_start,discharge_start,predicted_spread,top2_spread,top5_spread_mean,top5_spread_std,top1_top2_gap,traded
2026-01-01,53,71,12.435512900352478,12.43097198009491,12.427543795108795,0.005806412902101123,0.004540920257568359,1
2026-01-02,54,71,10.537425488233566,10.529881924390793,10.521410340070725,0.01315837335338686,0.0075435638427734375,1
2026-01-03,52,70,10.320636212825775,10.312892496585846,10.296272450685501,0.01840222384980417,0.007743716239929199,1
2026-01-04,52,70,11.4644895195961,11.453405797481537,11.450062584877013,0.009356538523243724,0.011083722114562988,1
2026-01-05,53,70,6.641404980793595,6.638466449454427,6.631807777658105,0.009773499065691596,0.0029385313391685486,1
2026-01-06,54,85,7.186922699213028,7.184942752122879,7.182511109113693,0.004868101569790156,0.0019799470901489258,1
2026-01-07,54,70,9.50596272945404,9.487467765808105,9.482130873203278,0.016162664480885634,0.01849496364593506,1
2026-01-08,55,73,3.753124877810478,3.7507935017347336,3.743384411931038,0.007882390177694917,0.002331376075744629,1
2026-01-09,55,88,3.014274090528488,3.0093311220407486,2.998476895689964,0.013569614881101994,0.004942968487739563,1
2026-01-10,54,84,5.610407650470734,5.6078040599823,5.6015260219573975,0.007004429386581774,0.002603590488433838,1
2026-01-11,54,73,3.2411168813705444,3.2357790768146515,3.2268872946500777,0.00987468379583612,0.005337804555892944,1
2026-01-12,53,74,8.45808157324791,8.45681956410408,8.453146773576737,0.006898113908501405,0.0012620091438293457,1
2026-01-13,55,71,5.870632782578468,5.86853064596653,5.855899158120155,0.01220893636375815,0.0021021366119384766,1
2026-01-14,54,87,4.08248570561409,4.082355290651321,4.079953813552857,0.0023700987186784915,0.0001304149627685547,1
2026-01-15,54,88,9.967650890350342,9.965116560459137,9.952243173122406,0.015265680933461272,0.002534329891204834,1
2026-01-16,52,70,12.007845669984818,12.00699558854103,11.989151185750961,0.018460407201294698,0.0008500814437866211,1
2026-01-17,55,88,10.238924533128738,10.222669392824173,10.207504495978355,0.02543312198138331,0.01625514030456543,1
2026-01-18,55,74,10.239424005150795,10.236359730362892,10.231817641854287,0.0051767739089805245,0.003064274787902832,1
2026-01-19,53,71,11.374967634677887,11.373730182647705,11.368356812000275,0.00847644274268095,0.0012374520301818848,1
2026-01-20,56,72,10.612568482756615,10.6056459993124,10.59771520793438,0.011907361615282072,0.006922483444213867,1
2026-01-21,52,70,11.734783589839935,11.73449057340622,11.72260822057724,0.010383788082057447,0.0002930164337158203,1
2026-01-22,52,72,12.985387831926346,12.975608497858047,12.969224858283997,0.011915252759137948,0.00977933406829834,1
2026-01-23,55,72,11.578657448291779,11.573231875896454,11.565156137943267,0.010777906231973056,0.005425572395324707,1
2026-01-24,54,72,8.308482974767685,8.30573484301567,8.302276946604252,0.004164046596443772,0.00274813175201416,1
2026-01-25,48,72,3.797402575612068,3.7945897430181503,3.784544590115547,0.00971082391471371,0.0028128325939178467,1
2026-01-26,54,83,13.266254246234894,13.26450002193451,13.261493897438049,0.0032698083213346905,0.0017542243003845215,1
2026-01-27,52,73,10.856775552034378,10.850316911935806,10.846711093187333,0.006468864742063219,0.006458640098571777,1
2026-01-28,55,72,11.627813637256622,11.627001941204071,11.620080769062042,0.0064694735431277935,0.0008116960525512695,1
2026-01-29,49,70,7.35357391834259,7.352198243141174,7.320801004767418,0.02687225170243018,0.0013756752014160156,1
2026-01-30,56,88,8.821656197309494,8.813264697790146,8.794247511029244,0.020606896369236353,0.008391499519348145,1
2026-01-31,48,72,9.264654248952866,9.256711572408676,9.240844793617725,0.017194727388518682,0.007942676544189453,1
2026-02-01,55,88,11.013353943824768,11.004219233989716,11.002159881591798,0.006918360974346722,0.00913470983505249,1
2026-02-02,54,70,10.595343217253685,10.59309409558773,10.57602319419384,0.017696095486911,0.00224912166595459,1
2026-02-03,56,73,5.985256642103195,5.9746895134449005,5.95848468542099,0.022997580726983352,0.010567128658294678,1
2026-02-04,56,85,8.576125741004944,8.5751331448555,8.572544264793397,0.002567910496441128,0.00099259614944458,1
2026-02-05,56,72,13.158965945243835,13.144777297973633,13.138742303848266,0.012120573004833352,0.014188647270202637,1
2026-02-06,57,72,9.405751720070839,9.401083007454872,9.391006378829479,0.014151921106299118,0.004668712615966797,1
2026-02-07,57,74,11.432876527309418,11.428937792778015,11.411909985542298,0.015658528470126627,0.003938734531402588,1
2026-02-08,56,71,9.187713831663132,9.186862021684647,9.179302626848221,0.011374392608009463,0.0008518099784851074,1
2026-02-09,55,72,7.295045912265778,7.284731566905975,7.275702035427093,0.013372846266206457,0.010314345359802246,1
2026-02-10,54,71,13.94184547662735,13.9358229637146,13.92044997215271,0.015256352806714094,0.006022512912750244,1
2026-02-11,57,73,10.176816582679749,10.173301875591278,10.154431176185607,0.01697648026135035,0.003514707088470459,1
2026-02-12,56,72,12.14567655324936,12.143537282943726,12.11527978181839,0.02651491611942959,0.002139270305633545,1
2026-02-13,55,75,6.058150738477707,6.056730300188065,6.051730531454086,0.005926518359538098,0.001420438289642334,1
2026-02-14,55,88,5.550370991230011,5.543575435876846,5.523702907562256,0.021377877376885658,0.006795555353164673,1
2026-02-15,52,71,13.913203001022339,13.909265160560608,13.90680205821991,0.005130165084747192,0.003937840461730957,1
2026-02-16,48,73,12.987034142017365,12.977669775485992,12.970366311073303,0.013311381809202428,0.00936436653137207,1
2026-02-17,55,75,7.156361937522888,7.156022131443024,7.154470264911652,0.0016155760533459625,0.00033980607986450195,1
2026-02-18,55,74,5.002865135669708,4.994406342506409,4.988853442668915,0.011056785893972335,0.00845879316329956,1
2026-02-19,55,75,3.490922510623932,3.4899417608976364,3.485845050215721,0.004294996263924598,0.0009807497262954712,1
2026-02-20,55,75,3.189522907137871,3.187801241874695,3.1834665089845657,0.00436167365766429,0.0017216652631759644,1
2026-02-21,52,88,4.551800310611725,4.5498184114694595,4.5453119546175005,0.00596065812049221,0.00198189914226532,1
2026-02-22,57,77,11.220469534397125,11.217005610466003,11.21307635307312,0.004787606329601552,0.003463923931121826,1
2026-02-23,58,78,12.427422821521759,12.419767141342163,12.416942584514619,0.006558246234805653,0.007655680179595947,1
2026-02-24,54,73,5.320554628968239,5.3160436898469925,5.310138595104218,0.007257031993638651,0.004510939121246338,1
2026-02-25,6,72,9.881602257490158,9.87902918457985,9.874693518877029,0.005606192488109122,0.002573072910308838,1
2026-02-26,56,72,9.234910925850272,9.226754173636436,9.22228700555861,0.007963897007383033,0.008156752213835716,1
2026-02-27,57,71,10.67865639925003,10.663133084774017,10.647051939368248,0.02593014906495187,0.015523314476013184,1
2026-02-28,56,73,12.677437424659729,12.66946291923523,12.661057877540589,0.01207523433886921,0.007974505424499512,1
