date,charge_start,discharge_start,predicted_spread,traded
2026-01-01,49,74,2.257033109664917,1
2026-01-02,44,71,1.6037533283233643,1
2026-01-03,50,68,1.7399500608444214,1
2026-01-04,51,71,1.9297471046447754,1
2026-01-05,52,69,0.9148610830307007,1
2026-01-06,38,83,1.1468842029571533,1
2026-01-07,46,70,1.5557857751846313,1
2026-01-08,39,73,0.3050767779350281,1
2026-01-09,40,85,0.3165697157382965,1
2026-01-10,40,83,0.5947110056877136,1
2026-01-11,37,73,0.17357544600963593,1
2026-01-12,40,75,1.3990486860275269,1
2026-01-13,40,71,0.632073163986206,1
2026-01-14,40,76,0.4782242178916931,1
2026-01-15,40,88,1.3764421939849854,1
2026-01-16,50,70,2.027395248413086,1
2026-01-17,48,73,1.2684954404830933,1
2026-01-18,53,73,1.4479553699493408,1
2026-01-19,48,88,2.0284974575042725,1
2026-01-20,52,71,1.7712115049362183,1
2026-01-21,49,70,2.203190326690674,1
2026-01-22,49,71,2.2892541885375977,1
2026-01-23,52,71,1.9046077728271484,1
2026-01-24,54,71,0.9794303178787231,1
2026-01-25,45,73,0.6757879853248596,1
2026-01-26,41,84,2.2555525302886963,1
2026-01-27,51,71,2.047902822494507,1
2026-01-28,53,71,2.2046799659729004,1
2026-01-29,49,68,1.673377513885498,1
2026-01-30,54,88,1.6641027927398682,1
2026-01-31,52,72,1.1419401168823242,1
2026-02-01,44,88,1.8227064609527588,1
2026-02-02,50,70,1.55010187625885,1
2026-02-03,48,72,0.857981264591217,1
2026-02-04,43,84,1.2423077821731567,1
2026-02-05,47,88,2.1416478157043457,1
2026-02-06,55,70,1.4560359716415405,1
2026-02-07,41,74,1.6067652702331543,1
2026-02-08,44,72,1.001924753189087,1
2026-02-09,40,73,0.888533353805542,1
2026-02-10,44,71,2.493640899658203,1
2026-02-11,40,73,1.0636742115020752,1
2026-02-12,40,71,1.4194307327270508,1
2026-02-13,36,74,0.6453386545181274,1
2026-02-14,45,78,0.40303438901901245,1
2026-02-15,44,77,2.2732529640197754,1
2026-02-16,46,74,2.3949460983276367,1
2026-02-17,40,74,0.7740756273269653,1
2026-02-18,58,74,0.31482577323913574,1
2026-02-19,39,74,0.17720317840576172,1
2026-02-20,38,88,0.14680758118629456,1
2026-02-21,38,88,0.4129837155342102,1
2026-02-22,41,79,1.956981897354126,1
2026-02-23,40,78,2.0432546138763428,1
2026-02-24,40,73,0.24128448963165283,1
2026-02-25,0,88,2.0004656314849854,1
2026-02-26,52,72,1.6529548168182373,1
2026-02-27,50,70,1.3925669193267822,1
2026-02-28,46,84,2.3428022861480713,1
