fold,tau,avg_profit,oracle_avg_profit,oracle_ratio,trade_days,valid_days,trade_days_ratio
valid_2025_09,0.0,9781.247288139415,14361.025804899413,0.6810967002651329,28,28,1.0
valid_2025_09,0.5,9781.247288139415,14361.025804899413,0.6810967002651329,28,28,1.0
valid_2025_09,1.0,9781.247288139415,14361.025804899413,0.6810967002651329,28,28,1.0
valid_2025_09,1.5,9633.999318940565,14361.025804899413,0.6708433958564315,27,28,0.9642857142857143
valid_2025_09,2.0,9633.999318940565,14361.025804899413,0.6708433958564315,27,28,0.9642857142857143
valid_2025_09,2.5,9547.261647227704,14361.025804899413,0.6648035994734134,26,28,0.9285714285714286
valid_2025_09,3.0,9547.261647227704,14361.025804899413,0.6648035994734134,26,28,0.9285714285714286
valid_2025_09,3.5,9547.261647227704,14361.025804899413,0.6648035994734134,26,28,0.9285714285714286
valid_2025_09,4.0,9547.261647227704,14361.025804899413,0.6648035994734134,26,28,0.9285714285714286
valid_2025_09,4.5,9547.261647227704,14361.025804899413,0.6648035994734134,26,28,0.9285714285714286
valid_2025_09,5.0,9547.261647227704,14361.025804899413,0.6648035994734134,26,28,0.9285714285714286
valid_2025_09,5.5,9523.242933456382,14361.025804899413,0.6631311065681276,25,28,0.8928571428571429
valid_2025_09,6.0,9523.242933456382,14361.025804899413,0.6631311065681276,25,28,0.8928571428571429
valid_2025_09,6.5,8760.232154841347,14361.025804899413,0.6100004466152205,21,28,0.75
valid_2025_09,7.0,7133.6077556709815,14361.025804899413,0.4967338581925866,19,28,0.6785714285714286
valid_2025_09,7.5,7210.0801953154505,14361.025804899413,0.5020588566072806,18,28,0.6428571428571429
valid_2025_09,8.0,6955.571248331093,14361.025804899413,0.4843366583157401,17,28,0.6071428571428571
valid_2025_09,8.5,6800.20217132213,14361.025804899413,0.4735178575476252,16,28,0.5714285714285714
valid_2025_09,9.0,6273.005066854531,14361.025804899413,0.4368075896580055,14,28,0.5
valid_2025_09,9.5,5805.44815741042,14361.025804899413,0.40425024202866006,11,28,0.39285714285714285
valid_2025_09,10.0,5549.19889188099,14361.025804899413,0.38640686029460536,10,28,0.35714285714285715
valid_2025_09,10.5,4524.800380268951,14361.025804899413,0.3150750121711548,8,28,0.2857142857142857
valid_2025_09,11.0,3868.026749028138,14361.025804899413,0.26934195381144155,7,28,0.25
valid_2025_09,11.5,3868.026749028138,14361.025804899413,0.26934195381144155,7,28,0.25
valid_2025_09,12.0,3868.026749028138,14361.025804899413,0.26934195381144155,7,28,0.25
valid_2025_09,12.5,2082.8297550987104,14361.025804899413,0.14503349436139384,4,28,0.14285714285714285
valid_2025_09,13.0,1728.7804274076548,14361.025804899413,0.12038000981920549,3,28,0.10714285714285714
valid_2025_09,13.5,1728.7804274076548,14361.025804899413,0.12038000981920549,3,28,0.10714285714285714
valid_2025_09,14.0,826.0178770429827,14361.025804899413,0.057518027490848056,2,28,0.07142857142857142
valid_2025_09,14.5,826.0178770429827,14361.025804899413,0.057518027490848056,2,28,0.07142857142857142
valid_2025_09,15.0,826.0178770429827,14361.025804899413,0.057518027490848056,2,28,0.07142857142857142
valid_2025_09,15.5,826.0178770429827,14361.025804899413,0.057518027490848056,2,28,0.07142857142857142
valid_2025_09,16.0,826.0178770429827,14361.025804899413,0.057518027490848056,2,28,0.07142857142857142
valid_2025_09,16.5,297.68457191920425,14361.025804899413,0.020728642644569726,1,28,0.03571428571428571
valid_2025_09,17.0,297.68457191920425,14361.025804899413,0.020728642644569726,1,28,0.03571428571428571
valid_2025_09,17.5,0.0,14361.025804899413,0.0,0,28,0.0
valid_2025_09,18.0,0.0,14361.025804899413,0.0,0,28,0.0
valid_2025_09,18.5,0.0,14361.025804899413,0.0,0,28,0.0
valid_2025_09,19.0,0.0,14361.025804899413,0.0,0,28,0.0
valid_2025_09,19.5,0.0,14361.025804899413,0.0,0,28,0.0
valid_2025_09,20.0,0.0,14361.025804899413,0.0,0,28,0.0
valid_2025_10,0.0,7245.462506329492,13921.994275826097,0.5204328031444736,31,31,1.0
valid_2025_10,0.5,7245.462506329492,13921.994275826097,0.5204328031444736,31,31,1.0
valid_2025_10,1.0,7245.462506329492,13921.994275826097,0.5204328031444736,31,31,1.0
valid_2025_10,1.5,7245.462506329492,13921.994275826097,0.5204328031444736,31,31,1.0
valid_2025_10,2.0,7245.462506329492,13921.994275826097,0.5204328031444736,31,31,1.0
valid_2025_10,2.5,7229.962500959842,13921.994275826097,0.5193194565173627,30,31,0.967741935483871
valid_2025_10,3.0,7229.962500959842,13921.994275826097,0.5193194565173627,30,31,0.967741935483871
valid_2025_10,3.5,7229.962500959842,13921.994275826097,0.5193194565173627,30,31,0.967741935483871
valid_2025_10,4.0,7229.962500959842,13921.994275826097,0.5193194565173627,30,31,0.967741935483871
valid_2025_10,4.5,7024.478545137496,13921.994275826097,0.5045597926537491,28,31,0.9032258064516129
valid_2025_10,5.0,6808.150968804986,13921.994275826097,0.4890212446521788,27,31,0.8709677419354839
valid_2025_10,5.5,5817.839825658485,13921.994275826097,0.41788839374546205,24,31,0.7741935483870968
valid_2025_10,6.0,5694.382461455994,13921.994275826097,0.40902060068675783,22,31,0.7096774193548387
valid_2025_10,6.5,5200.607087797256,13921.994275826097,0.37355331317924023,20,31,0.6451612903225806
valid_2025_10,7.0,4798.640890783507,13921.994275826097,0.34468056771979727,19,31,0.6129032258064516
valid_2025_10,7.5,4452.050196281906,13921.994275826097,0.31978537758863806,18,31,0.5806451612903226
valid_2025_10,8.0,3988.615880963843,13921.994275826097,0.2864974515820341,17,31,0.5483870967741935
valid_2025_10,8.5,3988.615880963843,13921.994275826097,0.2864974515820341,17,31,0.5483870967741935
valid_2025_10,9.0,3688.996044123111,13921.994275826097,0.26497612131105513,16,31,0.5161290322580645
valid_2025_10,9.5,3298.914080814051,13921.994275826097,0.2369570059759489,14,31,0.45161290322580644
valid_2025_10,10.0,2998.91699603416,13921.994275826097,0.2154085784420574,11,31,0.3548387096774194
valid_2025_10,10.5,2998.91699603416,13921.994275826097,0.2154085784420574,11,31,0.3548387096774194
valid_2025_10,11.0,2998.91699603416,13921.994275826097,0.2154085784420574,11,31,0.3548387096774194
valid_2025_10,11.5,2382.506281021859,13921.994275826097,0.17113254278223636,9,31,0.2903225806451613
valid_2025_10,12.0,2382.506281021859,13921.994275826097,0.17113254278223636,9,31,0.2903225806451613
valid_2025_10,12.5,1225.2360371587142,13921.994275826097,0.08800722173016493,6,31,0.1935483870967742
valid_2025_10,13.0,1205.6097028615059,13921.994275826097,0.08659748588999962,5,31,0.16129032258064516
valid_2025_10,13.5,1215.059373764054,13921.994275826097,0.08727624431464259,4,31,0.12903225806451613
valid_2025_10,14.0,1036.8100303851188,13921.994275826097,0.07447280970266,3,31,0.0967741935483871
valid_2025_10,14.5,1083.9413928819074,13921.994275826097,0.0778581984309564,2,31,0.06451612903225806
valid_2025_10,15.0,1083.9413928819074,13921.994275826097,0.0778581984309564,2,31,0.06451612903225806
valid_2025_10,15.5,595.7982611701037,13921.994275826097,0.042795468046171896,1,31,0.03225806451612903
valid_2025_10,16.0,595.7982611701037,13921.994275826097,0.042795468046171896,1,31,0.03225806451612903
valid_2025_10,16.5,595.7982611701037,13921.994275826097,0.042795468046171896,1,31,0.03225806451612903
valid_2025_10,17.0,595.7982611701037,13921.994275826097,0.042795468046171896,1,31,0.03225806451612903
valid_2025_10,17.5,595.7982611701037,13921.994275826097,0.042795468046171896,1,31,0.03225806451612903
valid_2025_10,18.0,595.7982611701037,13921.994275826097,0.042795468046171896,1,31,0.03225806451612903
valid_2025_10,18.5,595.7982611701037,13921.994275826097,0.042795468046171896,1,31,0.03225806451612903
valid_2025_10,19.0,595.7982611701037,13921.994275826097,0.042795468046171896,1,31,0.03225806451612903
valid_2025_10,19.5,595.7982611701037,13921.994275826097,0.042795468046171896,1,31,0.03225806451612903
valid_2025_10,20.0,595.7982611701037,13921.994275826097,0.042795468046171896,1,31,0.03225806451612903
valid_2025_11,0.0,6927.470438290275,8007.921682249967,0.865077196452286,30,30,1.0
valid_2025_11,0.5,6927.470438290275,8007.921682249967,0.865077196452286,30,30,1.0
valid_2025_11,1.0,6927.470438290275,8007.921682249967,0.865077196452286,30,30,1.0
valid_2025_11,1.5,6927.470438290275,8007.921682249967,0.865077196452286,30,30,1.0
valid_2025_11,2.0,6927.470438290275,8007.921682249967,0.865077196452286,30,30,1.0
valid_2025_11,2.5,6424.757791392307,8007.921682249967,0.8023002779401757,24,30,0.8
valid_2025_11,3.0,5678.277641572062,8007.921682249967,0.7090825643510352,20,30,0.6666666666666666
valid_2025_11,3.5,5350.645198802656,8007.921682249967,0.6681690220151226,18,30,0.6
valid_2025_11,4.0,4762.316378411518,8007.921682249967,0.5947006685851429,16,30,0.5333333333333333
valid_2025_11,4.5,4077.8308964878524,8007.921682249967,0.5092246226042153,13,30,0.43333333333333335
valid_2025_11,5.0,4077.8308964878524,8007.921682249967,0.5092246226042153,13,30,0.43333333333333335
valid_2025_11,5.5,4077.8308964878524,8007.921682249967,0.5092246226042153,13,30,0.43333333333333335
valid_2025_11,6.0,3796.531913562343,8007.921682249967,0.474097033438474,12,30,0.4
valid_2025_11,6.5,3249.944575339137,8007.921682249967,0.40584120378485117,10,30,0.3333333333333333
valid_2025_11,7.0,3013.163236966185,8007.921682249967,0.3762728154104005,9,30,0.3
valid_2025_11,7.5,3013.163236966185,8007.921682249967,0.3762728154104005,9,30,0.3
valid_2025_11,8.0,3013.163236966185,8007.921682249967,0.3762728154104005,9,30,0.3
valid_2025_11,8.5,2489.279793540297,8007.921682249967,0.31085216518262576,7,30,0.23333333333333334
valid_2025_11,9.0,2198.7154123998216,8007.921682249967,0.27456754694209917,6,30,0.2
valid_2025_11,9.5,1489.464301117476,8007.921682249967,0.18599885965655258,4,30,0.13333333333333333
valid_2025_11,10.0,741.4082106884249,8007.921682249967,0.0925843483624222,2,30,0.06666666666666667
valid_2025_11,10.5,741.4082106884249,8007.921682249967,0.0925843483624222,2,30,0.06666666666666667
valid_2025_11,11.0,741.4082106884249,8007.921682249967,0.0925843483624222,2,30,0.06666666666666667
valid_2025_11,11.5,741.4082106884249,8007.921682249967,0.0925843483624222,2,30,0.06666666666666667
valid_2025_11,12.0,741.4082106884249,8007.921682249967,0.0925843483624222,2,30,0.06666666666666667
valid_2025_11,12.5,741.4082106884249,8007.921682249967,0.0925843483624222,2,30,0.06666666666666667
valid_2025_11,13.0,741.4082106884249,8007.921682249967,0.0925843483624222,2,30,0.06666666666666667
valid_2025_11,13.5,741.4082106884249,8007.921682249967,0.0925843483624222,2,30,0.06666666666666667
valid_2025_11,14.0,741.4082106884249,8007.921682249967,0.0925843483624222,2,30,0.06666666666666667
valid_2025_11,14.5,419.03021117490505,8007.921682249967,0.05232696170140005,1,30,0.03333333333333333
valid_2025_11,15.0,0.0,8007.921682249967,0.0,0,30,0.0
valid_2025_11,15.5,0.0,8007.921682249967,0.0,0,30,0.0
valid_2025_11,16.0,0.0,8007.921682249967,0.0,0,30,0.0
valid_2025_11,16.5,0.0,8007.921682249967,0.0,0,30,0.0
valid_2025_11,17.0,0.0,8007.921682249967,0.0,0,30,0.0
valid_2025_11,17.5,0.0,8007.921682249967,0.0,0,30,0.0
valid_2025_11,18.0,0.0,8007.921682249967,0.0,0,30,0.0
valid_2025_11,18.5,0.0,8007.921682249967,0.0,0,30,0.0
valid_2025_11,19.0,0.0,8007.921682249967,0.0,0,30,0.0
valid_2025_11,19.5,0.0,8007.921682249967,0.0,0,30,0.0
valid_2025_11,20.0,0.0,8007.921682249967,0.0,0,30,0.0
valid_2025_12,0.0,5861.933090225224,10135.517405274108,0.578355584212693,31,31,1.0
valid_2025_12,0.5,5861.933090225224,10135.517405274108,0.578355584212693,31,31,1.0
valid_2025_12,1.0,5861.933090225224,10135.517405274108,0.578355584212693,31,31,1.0
valid_2025_12,1.5,5861.933090225224,10135.517405274108,0.578355584212693,31,31,1.0
valid_2025_12,2.0,5861.933090225224,10135.517405274108,0.578355584212693,31,31,1.0
valid_2025_12,2.5,5744.758094654804,10135.517405274108,0.5667947540266142,30,31,0.967741935483871
valid_2025_12,3.0,5705.018369825554,10135.517405274108,0.5628739157269758,28,31,0.9032258064516129
valid_2025_12,3.5,5623.116774938535,10135.517405274108,0.5547932631453522,26,31,0.8387096774193549
valid_2025_12,4.0,5623.116774938535,10135.517405274108,0.5547932631453522,26,31,0.8387096774193549
valid_2025_12,4.5,5535.626861422852,10135.517405274108,0.5461612505881879,25,31,0.8064516129032258
valid_2025_12,5.0,5934.304761791734,10135.517405274108,0.5854959864904149,24,31,0.7741935483870968
valid_2025_12,5.5,5934.304761791734,10135.517405274108,0.5854959864904149,24,31,0.7741935483870968
valid_2025_12,6.0,5243.069647860937,10135.517405274108,0.5172966942104661,20,31,0.6451612903225806
valid_2025_12,6.5,4871.169270076647,10135.517405274108,0.480603907556006,19,31,0.6129032258064516
valid_2025_12,7.0,4281.454491111498,10135.517405274108,0.42242091053818376,16,31,0.5161290322580645
valid_2025_12,7.5,4195.496146759039,10135.517405274108,0.413940007105693,15,31,0.4838709677419355
valid_2025_12,8.0,3896.931393177963,10135.517405274108,0.38448272913528414,14,31,0.45161290322580644
valid_2025_12,8.5,3593.1626500030843,10135.517405274108,0.3545120102239033,13,31,0.41935483870967744
valid_2025_12,9.0,3226.4700589218864,10135.517405274108,0.31833303914440164,11,31,0.3548387096774194
valid_2025_12,9.5,2941.1737393184535,10135.517405274108,0.2901848639506048,10,31,0.3225806451612903
valid_2025_12,10.0,1795.5338359604655,10135.517405274108,0.17715265675792172,6,31,0.1935483870967742
valid_2025_12,10.5,1472.2664234601723,10135.517405274108,0.1452581417002022,5,31,0.16129032258064516
valid_2025_12,11.0,872.0985104942433,10135.517405274108,0.08604380769357063,3,31,0.0967741935483871
valid_2025_12,11.5,517.9338144546244,10135.517405274108,0.05110087563809154,2,31,0.06451612903225806
valid_2025_12,12.0,517.9338144546244,10135.517405274108,0.05110087563809154,2,31,0.06451612903225806
valid_2025_12,12.5,132.06541096221102,10135.517405274108,0.013029962426337464,1,31,0.03225806451612903
valid_2025_12,13.0,132.06541096221102,10135.517405274108,0.013029962426337464,1,31,0.03225806451612903
valid_2025_12,13.5,132.06541096221102,10135.517405274108,0.013029962426337464,1,31,0.03225806451612903
valid_2025_12,14.0,132.06541096221102,10135.517405274108,0.013029962426337464,1,31,0.03225806451612903
valid_2025_12,14.5,132.06541096221102,10135.517405274108,0.013029962426337464,1,31,0.03225806451612903
valid_2025_12,15.0,132.06541096221102,10135.517405274108,0.013029962426337464,1,31,0.03225806451612903
valid_2025_12,15.5,132.06541096221102,10135.517405274108,0.013029962426337464,1,31,0.03225806451612903
valid_2025_12,16.0,132.06541096221102,10135.517405274108,0.013029962426337464,1,31,0.03225806451612903
valid_2025_12,16.5,132.06541096221102,10135.517405274108,0.013029962426337464,1,31,0.03225806451612903
valid_2025_12,17.0,132.06541096221102,10135.517405274108,0.013029962426337464,1,31,0.03225806451612903
valid_2025_12,17.5,0.0,10135.517405274108,0.0,0,31,0.0
valid_2025_12,18.0,0.0,10135.517405274108,0.0,0,31,0.0
valid_2025_12,18.5,0.0,10135.517405274108,0.0,0,31,0.0
valid_2025_12,19.0,0.0,10135.517405274108,0.0,0,31,0.0
valid_2025_12,19.5,0.0,10135.517405274108,0.0,0,31,0.0
valid_2025_12,20.0,0.0,10135.517405274108,0.0,0,31,0.0
