scope,target,feature,rows,pearson,spearman,abs_spearman
all,renewable_actual,u100_mean,8713,0.5615171654766511,0.565484322372467,0.565484322372467
all,renewable_actual,ghi_mean,8713,0.5730619542209341,0.5268783633859404,0.5268783633859404
all,renewable_actual,ghi_max,8713,0.5461254625038287,0.5073364526124922,0.5073364526124922
all,renewable_actual,wind_speed_mean,8713,0.4762462385443277,0.47302512642704503,0.47302512642704503
all,renewable_actual,wind_speed_max,8713,0.4170877200465086,0.4308289298125246,0.4308289298125246
all,renewable_actual,tcc_mean,8713,-0.22705150589516854,-0.23002626038621335,0.23002626038621335
all,renewable_actual,tp_mean,8713,-0.20766296218261732,-0.21286501731896262,0.21286501731896262
all,renewable_actual,v100_mean,8713,-0.12795317614095342,-0.08807774242741498,0.08807774242741498
all,renewable_actual,t2m_mean,8713,-0.05553969595168022,-0.0635122242847311,0.0635122242847311
all,renewable_actual,tcc_max,8713,0.004689518064804386,-0.01982486163930274,0.01982486163930274
all,renewable_actual,sp_mean,8713,-0.017465753257750915,-0.0019340895232581369,0.0019340895232581369
all,renewable_error,ghi_mean,8713,0.560519329263057,0.5108713022298426,0.5108713022298426
all,renewable_error,ghi_max,8713,0.5263532445849505,0.4940095478293411,0.4940095478293411
all,renewable_error,u100_mean,8713,0.3518283346128491,0.2880054578944729,0.2880054578944729
all,renewable_error,wind_speed_max,8713,0.30790401312513166,0.27035400815870314,0.27035400815870314
all,renewable_error,wind_speed_mean,8713,0.33356166127252745,0.2551009602497968,0.2551009602497968
all,renewable_error,v100_mean,8713,-0.15639930931917237,-0.10294263098861994,0.10294263098861994
all,renewable_error,tp_mean,8713,-0.10247260272025442,-0.07659329015068037,0.07659329015068037
all,renewable_error,tcc_mean,8713,-0.11349704649330579,-0.06758632647276075,0.06758632647276075
all,renewable_error,t2m_mean,8713,0.0026378094829397646,0.03652356106999212,0.03652356106999212
all,renewable_error,sp_mean,8713,-0.018459443021100322,-0.035454444910270354,0.035454444910270354
all,renewable_error,tcc_max,8713,0.018995610821284294,-0.00018365164949190536,0.00018365164949190536
all,renewable_forecast,ghi_mean,8713,0.6324226400594068,0.5744107863250599,0.5744107863250599
all,renewable_forecast,ghi_max,8713,0.5995745030041025,0.5552614774187119,0.5552614774187119
all,renewable_forecast,u100_mean,8713,0.5408798407009967,0.5417748432140671,0.5417748432140671
all,renewable_forecast,wind_speed_mean,8713,0.47277934269307503,0.4604525783143334,0.4604525783143334
all,renewable_forecast,wind_speed_max,8713,0.4203496267351219,0.43162861471800096,0.43162861471800096
all,renewable_forecast,tcc_mean,8713,-0.20722326009309788,-0.19974977208816475,0.19974977208816475
all,renewable_forecast,tp_mean,8713,-0.18899591743412675,-0.18918384417279874,0.18918384417279874
all,renewable_forecast,v100_mean,8713,-0.15368096225487968,-0.10153374242141949,0.10153374242141949
all,renewable_forecast,t2m_mean,8713,-0.038553442260995566,-0.042561379374634487,0.042561379374634487
all,renewable_forecast,sp_mean,8713,-0.019824233300729282,-0.014384997177023082,0.014384997177023082
all,renewable_forecast,tcc_max,8713,0.010927285264151189,-0.013349903442367838,0.013349903442367838
all,solar_actual,ghi_mean,8713,0.8741567154555132,0.8947093774537674,0.8947093774537674
all,solar_actual,ghi_max,8713,0.8495468416816331,0.8776977565677527,0.8776977565677527
all,solar_actual,t2m_mean,8713,0.2374267019182153,0.3359688213163064,0.3359688213163064
all,solar_actual,wind_speed_mean,8713,-0.1410853602411986,-0.1537741688123819,0.1537741688123819
all,solar_actual,sp_mean,8713,-0.03708628551317418,-0.11707506458619053,0.11707506458619053
all,solar_actual,wind_speed_max,8713,-0.05902217176609263,-0.0925917563668091,0.0925917563668091
all,solar_actual,tp_mean,8713,-0.0035395346767916097,0.09026216391442313,0.09026216391442313
all,solar_actual,v100_mean,8713,-0.0523922483443152,-0.043836360901104744,0.043836360901104744
all,solar_actual,tcc_max,8713,0.0034752085534416354,-0.02982733513336755,0.02982733513336755
all,solar_actual,u100_mean,8713,0.03478268591800216,-0.0077167676829631455,0.0077167676829631455
all,solar_actual,tcc_mean,8713,-0.06048495912842719,-0.0038407965556895014,0.0038407965556895014
all,solar_error,ghi_mean,8713,0.7751054525660951,0.695994661112574,0.695994661112574
all,solar_error,ghi_max,8713,0.7248570526834989,0.6842787173642205,0.6842787173642205
all,solar_error,u100_mean,8713,0.18253128539739844,0.21492516772584397,0.21492516772584397
all,solar_error,wind_speed_max,8713,0.10195957434323911,0.13174362274527973,0.13174362274527973
all,solar_error,v100_mean,8713,-0.10766792803093517,-0.10347254792009822,0.10347254792009822
all,solar_error,t2m_mean,8713,0.13962154944836855,0.09288851335584761,0.09288851335584761
all,solar_error,wind_speed_mean,8713,0.09064220699723437,0.08770314490528132,0.08770314490528132
all,solar_error,tp_mean,8713,-0.0399242653867243,-0.04550959242605698,0.04550959242605698
all,solar_error,sp_mean,8713,-0.039719481466356024,-0.03873908693372809,0.03873908693372809
all,solar_error,tcc_mean,8713,-0.08112640254974689,-0.030821957286698,0.030821957286698
all,solar_error,tcc_max,8713,0.007639105757836647,-0.006498772197123379,0.006498772197123379
all,wind_actual,wind_speed_mean,8713,0.7364998319537803,0.7604525121761507,0.7604525121761507
all,wind_actual,u100_mean,8713,0.6775390156908146,0.6769307649248317,0.6769307649248317
all,wind_actual,wind_speed_max,8713,0.583780113111112,0.5999788128247702,0.5999788128247702
all,wind_actual,t2m_mean,8713,-0.2955480997503498,-0.2956250759154288,0.2956250759154288
all,wind_actual,tp_mean,8713,-0.25941721787824185,-0.27759183479596483,0.27759183479596483
all,wind_actual,tcc_mean,8713,-0.22992201962947675,-0.23556580619511341,0.23556580619511341
all,wind_actual,ghi_mean,8713,-0.10424341971631486,-0.1232036816983622,0.1232036816983622
all,wind_actual,ghi_max,8713,-0.11497905407627435,-0.12254504086190841,0.12254504086190841
all,wind_actual,v100_mean,8713,-0.11220186923621463,-0.07055372134217251,0.07055372134217251
all,wind_actual,sp_mean,8713,0.013086099124386455,0.02869888597366029,0.02869888597366029
all,wind_actual,tcc_max,8713,0.002636839601488185,0.004481192742083384,0.004481192742083384
all,wind_error,wind_speed_mean,8713,0.44833398133875274,0.36781504395806225,0.36781504395806225
all,wind_error,wind_speed_max,8713,0.39611822531973495,0.348340092117151,0.348340092117151
all,wind_error,u100_mean,8713,0.38862115073502956,0.3180209620203554,0.3180209620203554
all,wind_error,tp_mean,8713,-0.1260228812701002,-0.13066230863799397,0.13066230863799397
all,wind_error,ghi_mean,8713,0.14965586450432794,0.12493762439495322,0.12493762439495322
all,wind_error,ghi_max,8713,0.14344415592216048,0.11574175931674437,0.11574175931674437
all,wind_error,t2m_mean,8713,-0.13110780191322352,-0.11275560744576868,0.11275560744576868
all,wind_error,tcc_mean,8713,-0.10380367839135639,-0.09359230396103427,0.09359230396103427
all,wind_error,v100_mean,8713,-0.14704010031223788,-0.08968636489586838,0.08968636489586838
all,wind_error,sp_mean,8713,0.008830132901065633,0.019503459136205818,0.019503459136205818
all,wind_error,tcc_max,8713,0.023130237049105096,0.007610317821860392,0.007610317821860392
daylight,renewable_actual,u100_mean,4343,0.5685116677626365,0.5875634033456186,0.5875634033456186
daylight,renewable_actual,wind_speed_mean,4343,0.47662188058688326,0.49686270140300737,0.49686270140300737
daylight,renewable_actual,ghi_mean,4343,0.5013310798345616,0.48917266760670053,0.48917266760670053
daylight,renewable_actual,wind_speed_max,4343,0.44273231086691894,0.46353178872458556,0.46353178872458556
daylight,renewable_actual,ghi_max,4343,0.4201216729815158,0.4008163162111684,0.4008163162111684
daylight,renewable_actual,tcc_mean,4343,-0.34555441019562605,-0.3559458027311292,0.3559458027311292
daylight,renewable_actual,tp_mean,4343,-0.3153150257675363,-0.3462472045246059,0.3462472045246059
daylight,renewable_actual,t2m_mean,4343,-0.2226001346267031,-0.23866231870417837,0.23866231870417837
daylight,renewable_actual,v100_mean,4343,-0.1556222694853489,-0.1318027539018287,0.1318027539018287
daylight,renewable_actual,sp_mean,4343,0.10310499784456692,0.12521573156359528,0.12521573156359528
daylight,renewable_actual,tcc_max,4343,0.01931921567393942,-0.014022336924128652,0.014022336924128652
daylight,renewable_error,ghi_mean,4343,0.4285260332839569,0.48935184915127494,0.48935184915127494
daylight,renewable_error,ghi_max,4343,0.355708909878934,0.4145333010155302,0.4145333010155302
daylight,renewable_error,u100_mean,4343,0.45676424944846067,0.39715837613706895,0.39715837613706895
daylight,renewable_error,wind_speed_max,4343,0.40451862880875666,0.35830757290815274,0.35830757290815274
daylight,renewable_error,wind_speed_mean,4343,0.41448873225087407,0.34024925236885806,0.34024925236885806
daylight,renewable_error,tcc_mean,4343,-0.243495049667622,-0.2154894629095761,0.2154894629095761
daylight,renewable_error,tp_mean,4343,-0.1874198084321939,-0.19038185012472456,0.19038185012472456
daylight,renewable_error,t2m_mean,4343,-0.18699290785427117,-0.15188025988529286,0.15188025988529286
daylight,renewable_error,sp_mean,4343,0.09480144155003117,0.09983622623638547,0.09983622623638547
daylight,renewable_error,v100_mean,4343,-0.14139184962765347,-0.08904879424133813,0.08904879424133813
daylight,renewable_error,tcc_max,4343,0.03277859811126796,0.014477731456616448,0.014477731456616448
daylight,renewable_forecast,u100_mean,4343,0.5830114418641336,0.5737360624836947,0.5737360624836947
daylight,renewable_forecast,ghi_mean,4343,0.525778925521391,0.5395558290203057,0.5395558290203057
daylight,renewable_forecast,wind_speed_mean,4343,0.5030742982561386,0.48799249084016205,0.48799249084016205
daylight,renewable_forecast,wind_speed_max,4343,0.4761399835769074,0.4720786753748833,0.4720786753748833
daylight,renewable_forecast,ghi_max,4343,0.43906818164048816,0.4480889628913172,0.4480889628913172
daylight,renewable_forecast,tcc_mean,4343,-0.33890043104300066,-0.34038920435369674,0.34038920435369674
daylight,renewable_forecast,tp_mean,4343,-0.2934904613042997,-0.3194453875939827,0.3194453875939827
daylight,renewable_forecast,t2m_mean,4343,-0.23196905455283798,-0.23823430963084657,0.23823430963084657
daylight,renewable_forecast,v100_mean,4343,-0.1670035669878488,-0.13210051442637932,0.13210051442637932
daylight,renewable_forecast,sp_mean,4343,0.11115503410313506,0.13149196151279202,0.13149196151279202
daylight,renewable_forecast,tcc_max,4343,0.027630963896655383,-0.0017303199064603483,0.0017303199064603483
daylight,solar_actual,ghi_mean,4343,0.7053561696626951,0.7061689132938418,0.7061689132938418
daylight,solar_actual,ghi_max,4343,0.5924497602912638,0.580992534917812,0.580992534917812
daylight,solar_actual,tcc_mean,4343,-0.24807622050807862,-0.25086620178136715,0.25086620178136715
daylight,solar_actual,wind_speed_mean,4343,-0.17489581860795628,-0.20167266163440498,0.20167266163440498
daylight,solar_actual,tp_mean,4343,-0.15266824566052495,-0.16990957154139438,0.16990957154139438
daylight,solar_actual,sp_mean,4343,0.14347291610487656,0.14064640848780335,0.14064640848780335
daylight,solar_actual,v100_mean,4343,0.07695462565976192,0.07584561803490626,0.07584561803490626
daylight,solar_actual,u100_mean,4343,0.04556107107052449,0.03458729473167234,0.03458729473167234
daylight,solar_actual,wind_speed_max,4343,-0.01919189610918816,-0.023378829575289677,0.023378829575289677
daylight,solar_actual,tcc_max,4343,0.026072538796442737,-0.016753349494682677,0.016753349494682677
daylight,solar_actual,t2m_mean,4343,-0.011534628319032533,0.007001740845269378,0.007001740845269378
daylight,solar_error,ghi_mean,4343,0.6368430378833936,0.6857490171085188,0.6857490171085188
daylight,solar_error,ghi_max,4343,0.5487952686279399,0.6069775250659187,0.6069775250659187
daylight,solar_error,u100_mean,4343,0.2850898499620305,0.26785260599989025,0.26785260599989025
daylight,solar_error,wind_speed_max,4343,0.21918023617418256,0.20370352744349374,0.20370352744349374
daylight,solar_error,tcc_mean,4343,-0.210537412975513,-0.1801581632141564,0.1801581632141564
daylight,solar_error,wind_speed_mean,4343,0.1962081792741842,0.17112250927861009,0.17112250927861009
daylight,solar_error,tp_mean,4343,-0.14422855568386475,-0.13629674468658184,0.13629674468658184
daylight,solar_error,sp_mean,4343,0.062390987428485194,0.07189526649005705,0.07189526649005705
daylight,solar_error,v100_mean,4343,-0.06868219215612716,-0.053564447773951716,0.053564447773951716
daylight,solar_error,t2m_mean,4343,-0.05966213373522296,-0.04390977705249062,0.04390977705249062
daylight,solar_error,tcc_max,4343,0.021524709427155602,0.01203479411783932,0.01203479411783932
daylight,wind_actual,wind_speed_mean,4343,0.762180796512053,0.7901553306265023,0.7901553306265023
daylight,wind_actual,u100_mean,4343,0.6766254990298068,0.6812714062226787,0.6812714062226787
daylight,wind_actual,wind_speed_max,4343,0.5769369599929928,0.5900415439916256,0.5900415439916256
daylight,wind_actual,t2m_mean,4343,-0.2706990666492775,-0.2898707650112037,0.2898707650112037
daylight,wind_actual,tp_mean,4343,-0.2587446870229904,-0.2774974577368942,0.2774974577368942
daylight,wind_actual,tcc_mean,4343,-0.20968004889876285,-0.2174340705446915,0.2174340705446915
daylight,wind_actual,v100_mean,4343,-0.26701682658743886,-0.2172787988677462,0.2172787988677462
daylight,wind_actual,sp_mean,4343,-0.0009665243890522941,0.025277166300336575,0.025277166300336575
daylight,wind_actual,ghi_mean,4343,-0.011781981692359332,-0.00964562891398677,0.00964562891398677
daylight,wind_actual,ghi_max,4343,-0.01111062808553851,-0.009017062068670933,0.009017062068670933
daylight,wind_actual,tcc_max,4343,0.0005603530209210196,0.002039481483861427,0.002039481483861427
daylight,wind_error,wind_speed_mean,4343,0.4936545591055501,0.41182352121021765,0.41182352121021765
daylight,wind_error,u100_mean,4343,0.4741961012490977,0.4037241396456089,0.4037241396456089
daylight,wind_error,wind_speed_max,4343,0.4537110361913081,0.4010958670342413,0.4010958670342413
daylight,wind_error,t2m_mean,4343,-0.25195669766612755,-0.2444070390120636,0.2444070390120636
daylight,wind_error,tp_mean,4343,-0.16695065214999044,-0.20180078755462186,0.20180078755462186
daylight,wind_error,tcc_mean,4343,-0.1934296521942345,-0.18068438896598996,0.18068438896598996
daylight,wind_error,sp_mean,4343,0.09515494130789573,0.11732724214064941,0.11732724214064941
daylight,wind_error,v100_mean,4343,-0.16662233287675257,-0.1073335567528525,0.1073335567528525
daylight,wind_error,ghi_mean,4343,0.07046635562673942,0.05837823949862461,0.05837823949862461
daylight,wind_error,ghi_max,4343,0.03804989956224747,0.02211213995880606,0.02211213995880606
daylight,wind_error,tcc_max,4343,0.03294910615418965,0.014591560323221507,0.014591560323221507
midday_10_17,renewable_actual,u100_mean,2904,0.5685969361971605,0.5984357915948871,0.5984357915948871
midday_10_17,renewable_actual,wind_speed_mean,2904,0.5277072145773346,0.5689576002266089,0.5689576002266089
midday_10_17,renewable_actual,wind_speed_max,2904,0.4491149083020517,0.4783419353470202,0.4783419353470202
midday_10_17,renewable_actual,tcc_mean,2904,-0.3680627456771922,-0.36214791773553934,0.36214791773553934
midday_10_17,renewable_actual,tp_mean,2904,-0.3254478452527843,-0.31489825927885945,0.31489825927885945
midday_10_17,renewable_actual,ghi_mean,2904,0.2787813951024316,0.2397271923632274,0.2397271923632274
midday_10_17,renewable_actual,t2m_mean,2904,-0.1737278064679611,-0.20162006879105446,0.20162006879105446
midday_10_17,renewable_actual,v100_mean,2904,-0.18255491276565083,-0.16328878436276492,0.16328878436276492
midday_10_17,renewable_actual,ghi_max,2904,0.11286476010468884,0.08430663481955825,0.08430663481955825
midday_10_17,renewable_actual,sp_mean,2904,0.012223556856147517,0.039309016110406374,0.039309016110406374
midday_10_17,renewable_actual,tcc_max,2904,0.02833789705318634,-0.016042820251943223,0.016042820251943223
midday_10_17,renewable_error,u100_mean,2904,0.4717668102901593,0.4319083671269969,0.4319083671269969
midday_10_17,renewable_error,wind_speed_mean,2904,0.46461507073295344,0.42459282038474566,0.42459282038474566
midday_10_17,renewable_error,wind_speed_max,2904,0.42714170264757956,0.3914252548977913,0.3914252548977913
midday_10_17,renewable_error,tcc_mean,2904,-0.2673589093278994,-0.25110588837996933,0.25110588837996933
midday_10_17,renewable_error,ghi_mean,2904,0.19690460964292786,0.2412275226272155,0.2412275226272155
midday_10_17,renewable_error,t2m_mean,2904,-0.19873027281403044,-0.16638742788500313,0.16638742788500313
midday_10_17,renewable_error,tp_mean,2904,-0.181751601520932,-0.15898782600758332,0.15898782600758332
midday_10_17,renewable_error,ghi_max,2904,0.06807743859595358,0.10765273178186822,0.10765273178186822
midday_10_17,renewable_error,v100_mean,2904,-0.15434038510248116,-0.10470983262016999,0.10470983262016999
midday_10_17,renewable_error,sp_mean,2904,0.043393029197190805,0.030831132398933092,0.030831132398933092
midday_10_17,renewable_error,tcc_max,2904,0.028204264158751526,0.02109922309241367,0.02109922309241367
midday_10_17,renewable_forecast,u100_mean,2904,0.5945544823292571,0.6021325255049923,0.6021325255049923
midday_10_17,renewable_forecast,wind_speed_mean,2904,0.5655628247140833,0.5777200479963762,0.5777200479963762
midday_10_17,renewable_forecast,wind_speed_max,2904,0.49764109224109765,0.5014997530820097,0.5014997530820097
midday_10_17,renewable_forecast,tcc_mean,2904,-0.3653174711212839,-0.3665279939396426,0.3665279939396426
midday_10_17,renewable_forecast,tp_mean,2904,-0.294923929299895,-0.2862669605012235,0.2862669605012235
midday_10_17,renewable_forecast,ghi_mean,2904,0.2738226969312283,0.2599516437690981,0.2599516437690981
midday_10_17,renewable_forecast,t2m_mean,2904,-0.20972223282039018,-0.22665992095250448,0.22665992095250448
midday_10_17,renewable_forecast,v100_mean,2904,-0.19236638908536616,-0.1622528092249257,0.1622528092249257
midday_10_17,renewable_forecast,ghi_max,2904,0.1048734044457156,0.09375129664105468,0.09375129664105468
midday_10_17,renewable_forecast,sp_mean,2904,0.029875898141187684,0.04419686628000029,0.04419686628000029
midday_10_17,renewable_forecast,tcc_max,2904,0.03204383302509591,0.0009044216573019765,0.0009044216573019765
midday_10_17,solar_actual,ghi_mean,2904,0.5218180406930404,0.4553737092976967,0.4553737092976967
midday_10_17,solar_actual,wind_speed_mean,2904,-0.26684864833931804,-0.3089167612878148,0.3089167612878148
midday_10_17,solar_actual,tcc_mean,2904,-0.24303634357879456,-0.24827481087976438,0.24827481087976438
midday_10_17,solar_actual,ghi_max,2904,0.2969378906202227,0.2234222641602011,0.2234222641602011
midday_10_17,solar_actual,wind_speed_max,2904,-0.163651662335179,-0.1720966949058516,0.1720966949058516
midday_10_17,solar_actual,u100_mean,2904,-0.12672158773946665,-0.15362858108286526,0.15362858108286526
midday_10_17,solar_actual,v100_mean,2904,0.10743396094946736,0.11719077638174151,0.11719077638174151
midday_10_17,solar_actual,tp_mean,2904,-0.11444009558385969,-0.11027360803587384,0.11027360803587384
midday_10_17,solar_actual,t2m_mean,2904,0.10626892969248222,0.08538753815236783,0.08538753815236783
midday_10_17,solar_actual,sp_mean,2904,0.03416924366466577,0.05600610063994675,0.05600610063994675
midday_10_17,solar_actual,tcc_max,2904,0.03016364143304751,-0.022452647818316226,0.022452647818316226
midday_10_17,solar_error,ghi_mean,2904,0.403248572570745,0.42209877655284805,0.42209877655284805
midday_10_17,solar_error,u100_mean,2904,0.2650783596253088,0.2532105531977482,0.2532105531977482
midday_10_17,solar_error,ghi_max,2904,0.23688221671133536,0.2523343776214162,0.2523343776214162
midday_10_17,solar_error,wind_speed_mean,2904,0.22533737955670816,0.22887952972790293,0.22887952972790293
midday_10_17,solar_error,tcc_mean,2904,-0.23877355535204745,-0.21485957734417313,0.21485957734417313
midday_10_17,solar_error,wind_speed_max,2904,0.21784103224994167,0.20498307920655798,0.20498307920655798
midday_10_17,solar_error,tp_mean,2904,-0.14744941470089687,-0.08723897600998895,0.08723897600998895
midday_10_17,solar_error,v100_mean,2904,-0.06890389241793042,-0.04891231251322187,0.04891231251322187
midday_10_17,solar_error,t2m_mean,2904,-0.05460695971539693,-0.03612383806324452,0.03612383806324452
midday_10_17,solar_error,tcc_max,2904,0.025202427566650813,0.0274901762357215,0.0274901762357215
midday_10_17,solar_error,sp_mean,2904,-0.013145584337874378,-0.026644501281986165,0.026644501281986165
midday_10_17,wind_actual,wind_speed_mean,2904,0.7625700729603532,0.7984369811056626,0.7984369811056626
midday_10_17,wind_actual,u100_mean,2904,0.7033979208014566,0.7178592531610137,0.7178592531610137
midday_10_17,wind_actual,wind_speed_max,2904,0.6023325940939289,0.6134859629012865,0.6134859629012865
midday_10_17,wind_actual,t2m_mean,2904,-0.26459352693521726,-0.27573800661035486,0.27573800661035486
midday_10_17,wind_actual,tp_mean,2904,-0.2650989323243873,-0.2622332115978673,0.2622332115978673
midday_10_17,wind_actual,v100_mean,2904,-0.27492333943939024,-0.24031218400033158,0.24031218400033158
midday_10_17,wind_actual,tcc_mean,2904,-0.21625832144791582,-0.21990931253125073,0.21990931253125073
midday_10_17,wind_actual,ghi_max,2904,-0.09725415821271963,-0.08095897207528957,0.08095897207528957
midday_10_17,wind_actual,ghi_mean,2904,-0.08458092789203703,-0.0701270029511334,0.0701270029511334
midday_10_17,wind_actual,sp_mean,2904,-0.012011157596625565,0.011305958713675809,0.011305958713675809
midday_10_17,wind_actual,tcc_max,2904,0.008228163211076606,0.00873905804260282,0.00873905804260282
midday_10_17,wind_error,wind_speed_mean,2904,0.5384413268964207,0.4698119179011968,0.4698119179011968
midday_10_17,wind_error,u100_mean,2904,0.5135251224249727,0.45601425116524313,0.45601425116524313
midday_10_17,wind_error,wind_speed_max,2904,0.48523856712747915,0.4412771644597392,0.4412771644597392
midday_10_17,wind_error,t2m_mean,2904,-0.2685512291077236,-0.25842048180570215,0.25842048180570215
midday_10_17,wind_error,tcc_mean,2904,-0.20996513028893288,-0.20253644479567057,0.20253644479567057
midday_10_17,wind_error,tp_mean,2904,-0.15634710517436817,-0.1926062222242356,0.1926062222242356
midday_10_17,wind_error,v100_mean,2904,-0.1843122502813251,-0.12722323436906946,0.12722323436906946
midday_10_17,wind_error,sp_mean,2904,0.08158717877624667,0.10830481780075416,0.10830481780075416
midday_10_17,wind_error,ghi_max,2904,-0.10772632606177147,-0.0921456692097395,0.0921456692097395
midday_10_17,wind_error,ghi_mean,2904,-0.053527214876458916,-0.04115017545022914,0.04115017545022914
midday_10_17,wind_error,tcc_max,2904,0.022137136061677824,0.009872606370684935,0.009872606370684935
spring_02_05,renewable_actual,ghi_mean,2880,0.7018322135282609,0.6719734222068632,0.6719734222068632
spring_02_05,renewable_actual,ghi_max,2880,0.6873443118090847,0.6581850482744159,0.6581850482744159
spring_02_05,renewable_actual,u100_mean,2880,0.4932802833611242,0.507223674875861,0.507223674875861
spring_02_05,renewable_actual,wind_speed_mean,2880,0.48376642752824967,0.4852169020926048,0.4852169020926048
spring_02_05,renewable_actual,wind_speed_max,2880,0.3906976157502416,0.40012348543878823,0.40012348543878823
spring_02_05,renewable_actual,t2m_mean,2880,0.2884498832528745,0.27837331000916,0.27837331000916
spring_02_05,renewable_actual,sp_mean,2880,-0.22309586130256112,-0.21092631254336008,0.21092631254336008
spring_02_05,renewable_actual,v100_mean,2880,-0.1597592751344033,-0.15166584904664782,0.15166584904664782
spring_02_05,renewable_actual,tcc_mean,2880,-0.06078105088900105,-0.0688347848751107,0.0688347848751107
spring_02_05,renewable_actual,tp_mean,2880,-0.04366190582720405,-0.06036289414329068,0.06036289414329068
spring_02_05,renewable_actual,tcc_max,2880,,,
spring_02_05,renewable_error,ghi_mean,2880,0.6336393285908347,0.5563497020444134,0.5563497020444134
spring_02_05,renewable_error,ghi_max,2880,0.5982896832492377,0.541395498296027,0.541395498296027
spring_02_05,renewable_error,wind_speed_mean,2880,0.39964050020427144,0.35008905059884504,0.35008905059884504
spring_02_05,renewable_error,wind_speed_max,2880,0.35342295501249715,0.343618863859166,0.343618863859166
spring_02_05,renewable_error,u100_mean,2880,0.3461203833359453,0.28794423379961287,0.28794423379961287
spring_02_05,renewable_error,v100_mean,2880,-0.22887472564199574,-0.18698769145638064,0.18698769145638064
spring_02_05,renewable_error,t2m_mean,2880,0.1494921190063792,0.17874367667902857,0.17874367667902857
spring_02_05,renewable_error,sp_mean,2880,-0.11333213232999521,-0.13883736007410408,0.13883736007410408
spring_02_05,renewable_error,tp_mean,2880,0.0128278888711039,0.06888086931847838,0.06888086931847838
spring_02_05,renewable_error,tcc_mean,2880,-0.04565960659416808,0.006816873250704189,0.006816873250704189
spring_02_05,renewable_error,tcc_max,2880,,,
spring_02_05,renewable_forecast,ghi_mean,2880,0.7558757344838789,0.6970374207787757,0.6970374207787757
spring_02_05,renewable_forecast,ghi_max,2880,0.7312086019306757,0.6826781813995272,0.6826781813995272
spring_02_05,renewable_forecast,wind_speed_mean,2880,0.5059098826652095,0.5017602049514779,0.5017602049514779
spring_02_05,renewable_forecast,u100_mean,2880,0.490877892406991,0.49288979106222885,0.49288979106222885
spring_02_05,renewable_forecast,wind_speed_max,2880,0.42106234518957614,0.43219334497494855,0.43219334497494855
spring_02_05,renewable_forecast,t2m_mean,2880,0.2655129578729771,0.26617256168215797,0.26617256168215797
spring_02_05,renewable_forecast,sp_mean,2880,-0.20442389097036917,-0.2113615402558805,0.2113615402558805
spring_02_05,renewable_forecast,v100_mean,2880,-0.2065088871812972,-0.17895821879556892,0.17895821879556892
spring_02_05,renewable_forecast,tcc_mean,2880,-0.061710631514915466,-0.048587591062026154,0.048587591062026154
spring_02_05,renewable_forecast,tp_mean,2880,-0.025759446649254267,-0.025463925504999676,0.025463925504999676
spring_02_05,renewable_forecast,tcc_max,2880,,,
spring_02_05,solar_actual,ghi_mean,2880,0.9000920198391299,0.9012535864234525,0.9012535864234525
spring_02_05,solar_actual,ghi_max,2880,0.8714582328991771,0.8825336235633999,0.8825336235633999
spring_02_05,solar_actual,t2m_mean,2880,0.26613618818414914,0.33302755587061866,0.33302755587061866
spring_02_05,solar_actual,u100_mean,2880,0.09196155599971177,0.08195037559124532,0.08195037559124532
spring_02_05,solar_actual,v100_mean,2880,-0.0577300821723206,-0.0764928953317535,0.0764928953317535
spring_02_05,solar_actual,tp_mean,2880,-0.019622822997037024,0.04486445291325309,0.04486445291325309
spring_02_05,solar_actual,tcc_mean,2880,-0.07953442654781502,-0.04360556950791629,0.04360556950791629
spring_02_05,solar_actual,wind_speed_mean,2880,-0.054189430123939356,-0.03563727291005511,0.03563727291005511
spring_02_05,solar_actual,sp_mean,2880,0.003025277775727902,-0.031216053938949308,0.031216053938949308
spring_02_05,solar_actual,wind_speed_max,2880,0.03418797152111293,0.02348624232183449,0.02348624232183449
spring_02_05,solar_actual,tcc_max,2880,,,
spring_02_05,solar_error,ghi_mean,2880,0.8025382051704737,0.7298880746256697,0.7298880746256697
spring_02_05,solar_error,ghi_max,2880,0.7531627852810607,0.7196763108028947,0.7196763108028947
spring_02_05,solar_error,u100_mean,2880,0.23301917337662054,0.2420973768066502,0.2420973768066502
spring_02_05,solar_error,wind_speed_max,2880,0.17316898471656636,0.2221789372116701,0.2221789372116701
spring_02_05,solar_error,wind_speed_mean,2880,0.16875005025904544,0.17271432861217406,0.17271432861217406
spring_02_05,solar_error,t2m_mean,2880,0.1359227774808822,0.1290797345416165,0.1290797345416165
spring_02_05,solar_error,v100_mean,2880,-0.1544288436845626,-0.10758553128934394,0.10758553128934394
spring_02_05,solar_error,sp_mean,2880,-0.00857998682848033,-0.08662289483105379,0.08662289483105379
spring_02_05,solar_error,tp_mean,2880,-0.032520022158447175,-0.038799714709164775,0.038799714709164775
spring_02_05,solar_error,tcc_mean,2880,-0.0721852004564588,-0.007116123384164655,0.007116123384164655
spring_02_05,solar_error,tcc_max,2880,,,
spring_02_05,wind_actual,wind_speed_mean,2880,0.7259420023930936,0.7454830538788739,0.7454830538788739
spring_02_05,wind_actual,u100_mean,2880,0.5895175705162066,0.6097100721987349,0.6097100721987349
spring_02_05,wind_actual,wind_speed_max,2880,0.5064853558637763,0.5125015744199415,0.5125015744199415
spring_02_05,wind_actual,sp_mean,2880,-0.31229379974370164,-0.29911914457514227,0.29911914457514227
spring_02_05,wind_actual,v100_mean,2880,-0.16231995114351522,-0.15868474418684583,0.15868474418684583
spring_02_05,wind_actual,t2m_mean,2880,0.1273384952029522,0.12827944296711044,0.12827944296711044
spring_02_05,wind_actual,tp_mean,2880,-0.04042542291249002,-0.06982941536353154,0.06982941536353154
spring_02_05,wind_actual,ghi_max,2880,0.06053262744011635,0.04707350911365348,0.04707350911365348
spring_02_05,wind_actual,ghi_mean,2880,0.05130047139604779,0.03633142818679524,0.03633142818679524
spring_02_05,wind_actual,tcc_mean,2880,-0.0028219156063388935,-0.009961666100667458,0.009961666100667458
spring_02_05,wind_actual,tcc_max,2880,,,
spring_02_05,wind_error,wind_speed_mean,2880,0.49620857584088846,0.43599885527621296,0.43599885527621296
spring_02_05,wind_error,wind_speed_max,2880,0.414965221244701,0.3712567011550074,0.3712567011550074
spring_02_05,wind_error,u100_mean,2880,0.34316571046399,0.29449819268280947,0.29449819268280947
spring_02_05,wind_error,ghi_mean,2880,0.25348096959863975,0.2065444991644601,0.2065444991644601
spring_02_05,wind_error,ghi_max,2880,0.2439281721810709,0.20051889132224304,0.20051889132224304
spring_02_05,wind_error,v100_mean,2880,-0.22657887382681113,-0.17880055416748708,0.17880055416748708
spring_02_05,wind_error,sp_mean,2880,-0.17986677217610847,-0.1703762008267035,0.1703762008267035
spring_02_05,wind_error,t2m_mean,2880,0.11304889579001376,0.13330965019955404,0.13330965019955404
spring_02_05,wind_error,tp_mean,2880,0.05374285815665387,0.07628075454837474,0.07628075454837474
spring_02_05,wind_error,tcc_mean,2880,-0.003956733355219809,0.008845616784195477,0.008845616784195477
spring_02_05,wind_error,tcc_max,2880,,,
winter_11_12,renewable_actual,ghi_mean,1464,0.5989391558063056,0.5857349034930353,0.5857349034930353
winter_11_12,renewable_actual,ghi_max,1464,0.5744415797866075,0.5669408584764477,0.5669408584764477
winter_11_12,renewable_actual,u100_mean,1464,0.5368889633360966,0.5230648122266471,0.5230648122266471
winter_11_12,renewable_actual,wind_speed_max,1464,0.3911548474625037,0.38663459001516715,0.38663459001516715
winter_11_12,renewable_actual,wind_speed_mean,1464,0.40181594981990576,0.3788152407743264,0.3788152407743264
winter_11_12,renewable_actual,t2m_mean,1464,0.30500453248766796,0.35994488186356544,0.35994488186356544
winter_11_12,renewable_actual,sp_mean,1464,-0.08870766952827137,-0.12378068944633626,0.12378068944633626
winter_11_12,renewable_actual,v100_mean,1464,0.05518153803389461,0.06710086610553945,0.06710086610553945
winter_11_12,renewable_actual,tp_mean,1464,0.11713894124212672,-0.014572309842466121,0.014572309842466121
winter_11_12,renewable_actual,tcc_mean,1464,-0.05950765110926239,-0.007226077023507433,0.007226077023507433
winter_11_12,renewable_actual,tcc_max,1464,,,
winter_11_12,renewable_error,ghi_mean,1464,0.7345429102465336,0.59411043502442,0.59411043502442
winter_11_12,renewable_error,ghi_max,1464,0.6911463668703138,0.583534842254932,0.583534842254932
winter_11_12,renewable_error,wind_speed_max,1464,0.32582649958942983,0.3680902497338345,0.3680902497338345
winter_11_12,renewable_error,u100_mean,1464,0.33382092160872334,0.3677222396846529,0.3677222396846529
winter_11_12,renewable_error,wind_speed_mean,1464,0.2972550796898091,0.3492979420877132,0.3492979420877132
winter_11_12,renewable_error,t2m_mean,1464,0.30107070961941945,0.3177737059443368,0.3177737059443368
winter_11_12,renewable_error,sp_mean,1464,-0.13061072734848553,-0.1801141371151413,0.1801141371151413
winter_11_12,renewable_error,tp_mean,1464,0.11731375066150808,0.14591331038151,0.14591331038151
winter_11_12,renewable_error,tcc_mean,1464,0.025618313888795218,0.09438307395473013,0.09438307395473013
winter_11_12,renewable_error,v100_mean,1464,-0.024067131439191047,-0.011963539056743449,0.011963539056743449
winter_11_12,renewable_error,tcc_max,1464,,,
winter_11_12,renewable_forecast,ghi_mean,1464,0.7208785537183886,0.6195308913003499,0.6195308913003499
winter_11_12,renewable_forecast,ghi_max,1464,0.6850897092562386,0.603903874574439,0.603903874574439
winter_11_12,renewable_forecast,u100_mean,1464,0.49294056973725525,0.530821652382254,0.530821652382254
winter_11_12,renewable_forecast,wind_speed_max,1464,0.39814015375288025,0.42119046898794066,0.42119046898794066
winter_11_12,renewable_forecast,wind_speed_mean,1464,0.39131054340120264,0.4202619002555396,0.4202619002555396
winter_11_12,renewable_forecast,t2m_mean,1464,0.33264301868899987,0.3594715452486805,0.3594715452486805
winter_11_12,renewable_forecast,sp_mean,1464,-0.11706866076763361,-0.16984143726304057,0.16984143726304057
winter_11_12,renewable_forecast,tp_mean,1464,0.1285494606381547,0.04802991308180364,0.04802991308180364
winter_11_12,renewable_forecast,tcc_mean,1464,-0.025074347055674913,0.044692408834734666,0.044692408834734666
winter_11_12,renewable_forecast,v100_mean,1464,0.023104549915980196,0.04059912118612835,0.04059912118612835
winter_11_12,renewable_forecast,tcc_max,1464,,,
winter_11_12,solar_actual,ghi_mean,1464,0.8896436101032714,0.8778460124061884,0.8778460124061884
winter_11_12,solar_actual,ghi_max,1464,0.8650237721967864,0.8644769497717804,0.8644769497717804
winter_11_12,solar_actual,t2m_mean,1464,0.3512572478198091,0.3905641787997793,0.3905641787997793
winter_11_12,solar_actual,wind_speed_mean,1464,-0.2128714829440428,-0.1846639364811778,0.1846639364811778
winter_11_12,solar_actual,tcc_mean,1464,-0.10448274172168706,-0.07584944392508533,0.07584944392508533
winter_11_12,solar_actual,u100_mean,1464,-0.04857924608122291,-0.05523750805024375,0.05523750805024375
winter_11_12,solar_actual,wind_speed_max,1464,-0.030063094473006424,-0.025249677855919788,0.025249677855919788
winter_11_12,solar_actual,tp_mean,1464,-0.05128203755407909,-0.021299446369028387,0.021299446369028387
winter_11_12,solar_actual,sp_mean,1464,0.011646796064078504,-0.015202509769798122,0.015202509769798122
winter_11_12,solar_actual,v100_mean,1464,-0.023800382353715715,0.0005506249217214251,0.0005506249217214251
winter_11_12,solar_actual,tcc_max,1464,,,
winter_11_12,solar_error,ghi_mean,1464,0.868156026005808,0.6826635027609965,0.6826635027609965
winter_11_12,solar_error,ghi_max,1464,0.7993118074819676,0.6731685716567829,0.6731685716567829
winter_11_12,solar_error,t2m_mean,1464,0.2890953007170377,0.2664132929384544,0.2664132929384544
winter_11_12,solar_error,u100_mean,1464,0.12261268495280551,0.17535798545819545,0.17535798545819545
winter_11_12,solar_error,wind_speed_max,1464,0.11783726004174812,0.17271712671300996,0.17271712671300996
winter_11_12,solar_error,wind_speed_mean,1464,-0.01296065425307731,0.07347124748438698,0.07347124748438698
winter_11_12,solar_error,sp_mean,1464,-0.03141853433250484,-0.07086640269182594,0.07086640269182594
winter_11_12,solar_error,tcc_mean,1464,-0.03439965799542873,0.0650760383152966,0.0650760383152966
winter_11_12,solar_error,v100_mean,1464,-0.043314190488595625,-0.03776567173899817,0.03776567173899817
winter_11_12,solar_error,tp_mean,1464,0.011750076820073873,0.03297003618908015,0.03297003618908015
winter_11_12,solar_error,tcc_max,1464,,,
winter_11_12,wind_actual,u100_mean,1464,0.7120146530836449,0.7548863353408072,0.7548863353408072
winter_11_12,wind_actual,wind_speed_mean,1464,0.7195191271260634,0.7539509477822459,0.7539509477822459
winter_11_12,wind_actual,wind_speed_max,1464,0.5131087507146895,0.5432094009067407,0.5432094009067407
winter_11_12,wind_actual,ghi_mean,1464,-0.20365797388739854,-0.2635457837858286,0.2635457837858286
winter_11_12,wind_actual,ghi_max,1464,-0.20777090321480618,-0.2560241879310527,0.2560241879310527
winter_11_12,wind_actual,sp_mean,1464,-0.1214707552003506,-0.15914563767770934,0.15914563767770934
winter_11_12,wind_actual,v100_mean,1464,0.09306691620279368,0.11870815473630533,0.11870815473630533
winter_11_12,wind_actual,tcc_mean,1464,0.0372494007163224,0.08430985637319598,0.08430985637319598
winter_11_12,wind_actual,tp_mean,1464,0.19836401126639733,0.06249818331174553,0.06249818331174553
winter_11_12,wind_actual,t2m_mean,1464,0.003911973979632344,0.040958650766883264,0.040958650766883264
winter_11_12,wind_actual,tcc_max,1464,,,
winter_11_12,wind_error,wind_speed_mean,1464,0.507325779045319,0.49034867037147445,0.49034867037147445
winter_11_12,wind_error,u100_mean,1464,0.4378249994316049,0.44355798122421164,0.44355798122421164
winter_11_12,wind_error,wind_speed_max,1464,0.4291084091551857,0.4323720960976817,0.4323720960976817
winter_11_12,wind_error,ghi_mean,1464,0.3879815442913331,0.35242031701462834,0.35242031701462834
winter_11_12,wind_error,ghi_max,1464,0.38194045875802224,0.3501398775064524,0.3501398775064524
winter_11_12,wind_error,t2m_mean,1464,0.22320473322855375,0.24166069739799356,0.24166069739799356
winter_11_12,wind_error,sp_mean,1464,-0.1872234160518957,-0.20323859800366997,0.20323859800366997
winter_11_12,wind_error,tp_mean,1464,0.18400121661850005,0.16380655088687388,0.16380655088687388
winter_11_12,wind_error,tcc_mean,1464,0.07572922321697821,0.10757128828219804,0.10757128828219804
winter_11_12,wind_error,v100_mean,1464,0.0015869464569053507,0.010708194482828622,0.010708194482828622
winter_11_12,wind_error,tcc_max,1464,,,
