regime,method,days,mean_profit,worst_profit,loss_days,mean_lift_vs_anchor,positive_lift_days,negative_lift_days,changed_days,mean_selected_rank
standard_09_12,anchor_top1,120,7991.350949359346,-15925.897357546191,4,0.0,0,0,0,1.0
standard_09_12,oracle_top10,120,8709.583893471561,-9394.211555758002,2,718.232944112213,93,0,93,5.3
standard_09_12,weather_bidspace_topk_aux,120,7976.1104498982995,-15989.524594292276,4,-15.240499461047543,3,3,6,1.1083333333333334
jan_feb_like,anchor_top1,56,14153.49983443873,8.7837400327971,0,0.0,0,0,0,1.0
jan_feb_like,oracle_top10,56,14932.54728997529,8.7837400327971,0,779.0474555365602,38,0,38,4.035714285714286
jan_feb_like,weather_bidspace_topk_aux,56,14154.067934766821,8.7837400327971,0,0.5681003280901352,1,0,2,1.0535714285714286
winter_11_12_jan_feb,anchor_top1,117,10170.888161594235,-12550.12249836404,1,0.0,0,0,0,1.0
winter_11_12_jan_feb,oracle_top10,117,10758.616509455476,-9394.211555758002,1,587.7283478612411,81,0,81,4.2905982905982905
winter_11_12_jan_feb,weather_bidspace_topk_aux,117,10157.160258972746,-12550.12249836404,1,-13.72790262149054,3,1,5,1.0769230769230769
all_5fold,anchor_top1,176,9952.034685520968,-15925.897357546191,4,0.0,0,0,0,1.0
all_5fold,oracle_top10,176,10689.617701450019,-9394.211555758002,2,737.5830159290507,131,0,131,4.8977272727272725
all_5fold,weather_bidspace_topk_aux,176,9941.824195083738,-15989.524594292276,4,-10.210490437231009,4,3,8,1.0909090909090908
